text,label
"وايد الحمدلله،خوفونا منهم لكن دخلنا شفناهم حريصين ومهتمين فيها 
ان كان ولا بد د. سامي المناعي عربي٢ بس تقاعد
 #افضل_دكتور_درسك_في_جامعه_قطر",0
@Dalo3tAhlha @wm866 متزووج متزوج وبدون هالشنطة,0
"@waseem_yousef اهداء لك وللناس اللي من شاكلتك 

ورجل لا يدري ويدري انه لا يدري 
فذلك جاهل فعلموه
ورجل لا يدري ولا يدري انه لا يدري 
فذلك أحمق فاجتنبوه",0
تستاااااهل ياصديق الدراسه وموفق خييييييير ❤️❤️❤️ https://t.co/aJ0tzs09rs,0
@Zezo_rmd الدعوة ترد على صاحبها ...عفانالله هالاطفال مشكله وربي مسوين فيها شبيحة و متعصبين و ما اجمل كريس و ميسي و ما أقبح شبيحتهم,0
"@Munem_Ahmed @ZahraHassan3 @aboalharees 
لا عاد ..
حدهم عن زوجي...
هو بس خل يجي ويصير خير
😂😂😂😂😂😂😂😂",0
خخخخخخ هذا ملك والا ايش بالضبط https://t.co/23fjn6mgVq,0
@trbwiyh بعد فتره محد راح يهتم بالبشر,0
#أنا لما أسعد شخص أحبه مو عشان أبي منه يسعدني لا ، ﻷني أحب أشوفه مبسوط و سعادته تسعدني.,0
@ahmedalkaabi122 أكيييد راح يكون لك أنصاف اخي المشجع الوحداوي الكبييرر ❤️,0
أعجبني فيديو @YouTube على https://t.co/UVYzYwM8z0 اللي زعل من لاش,0
@abajanna والله يقول كلام زي الفل 🤣🙏,0
@maq_1992 @abdul1994Rahman @fdeet_alnssr شكلك ماتدري انه الامارات واجهة الارهاب للسعوديه شكلك نايم بالعسل,0
"@fcbayern_Ara ورا الاصابات 
احنا نحب الاصابات 
اصابات اصابات اصابات",0
"صباح الخير يا وطن نوخذاه حكيم والبحاره إعليميه

ديرتي عذالها بقلوبهم حقد ونيران كل يوم تشب!!

تكفون يا اهلي بلغوهم مهما إعملو غيرها ما نحب",0
@A7lash3oor @s3dqatar إذا شهر زين بتصبر 😢💔,0
@AlRajhiBankCare ماخدمتوني للاسف انتم بهذلتوني وذبحتني الأجارات بأسبابكم,0
@AlsuwaidanHasan ههههههه هذيل مثل المطاوعه أذا يبي يستغفلونه يصعبون المصطلح,0
@K8_New نرفع خشمة ؟؟؟؟؟ يالله فووووق هام السحب,0
@MQMalsharafi و انت بخير و سعاده يا الذيب,0
@EMO_Df اتفق ان الحل #بالعلمانيه اليمن وضعه صعب ومزقته الاحزاب الدينيه ولسى فيه ناس رافضه هالقانون مع انه بيحقق العداله لكل المواطنين,0
"@Ninoshaw حرفيا هذا وضعي هالعيد 😂
و إنت و أهلك و حبايبك بخير 🌹 https://t.co/cK5upUAbnr",0
@MohdAAhli القناة ماتشتغل اخوي محمد,0
"غريبه الناس غريبه الدنيا ديا اعز الناس بيتغير عليا
مفيش احساس مفيش ولا ذكرى ليا
خلصنا خلاص انا ماشى وجيبها فيا
لو كنت عملت خاطر ليوم حلو عيشناه
فى كده معقول ياساتر مفيش كده فى الحياة ..

#بلوك  للاسف",0
@bbbb_h914 @sport_jazirah @tariq_aloboudi خويكم شباب تعرف وش شباب يعني تحت 19 سنة وصلعة,0
@zyt0nh_ وابوووووه خبز جديد ذاك الوقت زاهب من الطوبج ع الصحله 😁✋🏻,0
"ودي اسولف عن شعوري واعلم
انگ اجمل من علی الدنيا لقيتگ

فدوتگ قلبن من فراقگ تالم
دامني من بد خلق الله هويتگ",0
@fahed121 @zafer1960matar و الحين، بتكون ف عزيمه، عادي تشوف ولحد عمره ١٣ سنه يرمي اللحم قدامك 🤣 توقع هالموقف،، يعني هذي العادة صعب تنقرض,0
@___em52 واااييي .. وانتي بخير وصحة وسلامة ❤️!!,0
@aalhosani_3 غريبه يالسه لين هالوقت 👀,0
@MaryamAlkuwari @spagov جعلك تلوى في جهنم آمين يارب انت وكل عدو للمملكة العربية السعودية الشعب السعودي يداً بيد عون وسند لحكامنا وانتم موتو بغيظكم مازادكم الغل والحقد علينا الا مذله,0
@NawasWadi انزين قبل م الشي كله يكملو الشارع البحري مخلينه كذاك مقصص😪😪,0
@Almazmi_A @s3abalmanal @Dhahi_Khalfan خلك انت الاحسن ترى بلادك بلادي واذا حد من بلادي غلط خله يشوف اخلاق طيبه من شعب طيب ويالله نام عاد 😂الله يحفظ الخليج قول امين,0
"ماني على فرقاك ياشوق ناوي 
مير الزمن له وقفة بين الاحباب",0
"@qzE91lsmHe41vBM @nabeel_j حبيبي  بينا   وبينه  الملعب 

مو كل  من هب و دب  يلبس  شعار الاتحاد",0
@alsuwaidi_ae من وين هالتصامين بو سلطان,0
حتى كلام حلو بالغلط مافيه أعوذ بالله.😩💔 ارسلو اي شي ع الخاص وقولو لي بالغلط😭,0
"@Swedish_A 

والله وبالله الكريم بناتي يسألوني ليش يبا ماكو شارع او مدرسه بإسم يدي؟ما عندي جواب",0
"#تم_ياتميم_وابشر_ياصباح
بدون نقاش ،حنا شعبك الي عاهدك على السمع والطاعه
واحنا لها 🇶🇦",0
أكثر شي يقهرني أنه للطبيب ماشي فلوس حال راتب لكن هاني الضابط وربعه فالمنتخب 25 ألف وسيارة وياليت ع شي .,0
"طبعاً الحمدلله العين فاز 
ولا جان الحينه الإدارة والإدارة 
زوران عموري واللاعبين 
ماجددتو عقود ماسويتو شسمه 
ماسويتو شسماك 😂",0
@Daneeda_t @SaadSalemAajmi اعتقد راح تتغير صورة بروفايله 😂,0
@Nasser_Q2022 @mran34851 لا تتكلم وايد عطني ادله 😎👌🏻,0
"كل مره تقولي اسف وانت تتعمد خطاك 
هي ويلي هذي العواطف يالي شاغلني معاك 
لما صبري زاد عن حده ومل 
قلت ابعد يمكن القى البعد حل 
وذا قراري باختياري ما ابي اسمع رجاوي
.
.
.
🎹🎼🎵🎤
#رجاوي https://t.co/NUsLxx8Kuf",0
"م سآلت اللّيل 
عن طول الغياب 
و م سألت الصبح 
عن باكر أبد ..

إقتنعت إنّ : 
الذهاب بلا إياب !
يوم شفت الموت 
م رجع احد 

               💔",0
"جاك الموت يا تارك الصلاة

حسن انحااااش يا ولد فوق الشجرة
جاك هادي بيلعن خيرك
على اللي سويته لطراد اليوم
 #همثون40",0
@f664266 عز وفخر يا مال العز 💙🇸🇦,0
@Ahmadalsuwait1 @mohmaed_ald @sfalthafiri ماعليك زود يبو الفوز 🌹,0
@isuweidi @emarattv @oloumaldar بعد مره عيل مافي غير سبب واحد شوفوني انا متعلمه واعرف اتكلم عنقليزي ومطوره؟؟,0
@bomeshari17 صح هههههه  كان يناديهم بأرقامهم,0
@whiteshark111 @Bushmaisq8 ما بيتركونه،،،حتى ولو طلع بيعطونه احكام توقفه عن ممارسة الرياضهمثل بلاتر وبلاتيني,0
والسعيد من اتعظ بغيره :),0
الرد على المدح فن عجزت أتعلمه لكن سبني و شف الإعجاز اللغوي اللي بيطلع.🤪😂 لاحد يصدق ويسبني😈,0
@m1e77 شوف الدكتور...إن شاء الله شي بسيط يروح بالأدوية.. ما تشوف شر,0
الا ماودنا تخلص هالازمه الزينه الحمدلله https://t.co/vA9PWJI6rH,0
"@AsadAlMashrafi 
 وكأني لمحتك 😎 ، تسوق صحي",0
"@ALMRISEUL بدري عليهم يوصلون نصك يالذيب 
https://t.co/ssogDFpOnv",0
@qenanalghamdi @SalmanAldosary @lamia_baeshen صورة ثانية له و هو خايف .. الوزير نامق. https://t.co/zV2Ul3J0PE,0
عسساني ماشميته ولا تعنيت  له  300 الف دينار والله حرام   عليكم https://t.co/ReftuxgG5f,0
#مقاطعه_لازورد_لادوريه_الكويت  الله يبارك لهم ويزيدهم 👏🏼,0
@yz_d18 @amk_1987 @AlsaddSC @qatarairwaysar ياولد التحضيري غير والأبطال غير افرح منحقك بس وقت الجد مايمديك 😆,0
"للحياة أقول :
على مهلك انتظريني ..",0
"@OBK_Secondary أتمنى تراعون ظروف الطلبه وزحمة الشوارع خصوصا التحويلات الي في طريق مدرسة عمر وبعض الطلبه سكنهم بعيد واليوم ولدي رجعتوه عشان ٥ أو ١٠ دقايق تاخير  وخليتوه برا ما دخل ! ورجع مع رفيجه لان ما عنده جوال يكلم السواق
انا أحملكم مسؤولية ولدي لو صار عليه شي وتصرفكم غير مقبول",0
@arifalmughanni @Aljwad96 نقدر نقول له هاردلك مقدما👀😅,0
خير ان شاء الله     اذا سووها اعرف انه القيامه قامت حجي هذي عالم   لو انت وانا نصير حرده حطونا بمخابيهم https://t.co/KNs7NZKHRc,0
الناس يسمعون صوتك والله يسمع قلبك                                                         people hear your voice and Allah hears your heart. https://t.co/2IeIwhbMEm,0
"#ياعباس من الي بيشنقه
وليش تشنقونه
طيب اجلو الصياح لين ينشنق
🤽🏻‍♂️🏄🏻🏊🏼🏊🏼🏊🏼🏊🏼🏊🏼🏊🏼",0
@Silvr_EPL ما شاء الله تبارك الله اسطوري,0
"تلبس عدسات 
عشان تغير لون عيونها يوميًا
ماتبيها تغيرك انت وراسك المربع...
😂😂😂",0
في احد كهوف صعدة https://t.co/SGpZDKrMew,0
"@1SaudiDefense @Fahadeno01 اذا خاطبك الجاهل فقل له سلام 
المجنون ماعليه حرج 
وحتفظ بالتغريده عندك لين تشبع 
واحتفظ بعد في كلامي هذا  وخله في بالك 
جعل ال سعود يبطون حيين ماغير الدب الداشر حقكم 
وتراني سعوديه بطن وظهر ها وش هندك بعد",0
وداعك مر ، ابد مابي توادعني,0
"واللي خلق هالليل يا سيد الليل
للشوق في صدري مواويل وعَلوم 💙",0
@barabishg @RAHLLv @faam2580 والله ان عندي بنات متخرجات من الجامعه ويكتبون ايذا و كيذا استغرب كييييييف كملوا دراسه 🤦🏻‍♀️😂,0
@ilghanimG1 لو مخلينه أرخص وافضل من الموجودين 😅,0
و عادي اقعد عالصفحة اكثر من يوم بس فالنهاية احس بالانجاز 😆🌚 ... https://t.co/EJTvvKkRg8,0
@ajplusarabi المفروض يحطونه في محمية مع الحيوانات,0
@nasser19999 اولا البلديه مالها دخل ثانيا اتمنى انهم يطفون الكهربا عليك 😂,0
@SinMajid اهم شي حكت الشنب 😂,0
والله انا خايف عقب كل هاللجه وشركات الإتصالات خاموش يستمر الوضع على ماهو عليه وماداموا ضامنين لا يوجد تدخل نيابي وحكومي لتقنين هذه الخدمه للمستهلك https://t.co/6FaAA8uHNM,0
@molaaaa78 اي والله في وواحد من الشباب يقول بالنجف هزة ارضية,0
"@majedahaljarky 
السلام عليكم ورحمة الله اسعدالله مساج يابعد قلبي وربي يجزاج الجنةويبعدعنكم الشر هذا اللي تعلمته منج الخير وطيب التواصل",0
"تبي عيني تخير بين هذي وذيك 💕
تبي قلبي خذه ماعاد يلزمني 💖
تبي بالي وهو دايم يفكر فيك 💚
تبي كلي وانا كلي لك افهمني 💙",0
"لو اشتري هالصحن أتوقع أمي تكسرهہ ﻋﻟى راسي ‹̷›  
http://t.co/GY2Yni3r",0
@RSo1o @0leem دايما يلومون البنت حتى لو محتشمه الخلل بعقولهم والمجتمع الوسخ الي رسخ بعقولهم ان مافي شي يعيبهم,0
"@MM_nsr9 كفو ينطح كفو يامتعب .. يادرع النصر
👍👍👍👍👍👍👍👍👍👍",0
✽ اصلھا مو بالعشّرﻫ ~ ولا بالسنين - هيّ شوية مواقف ، وتعرف صاحبكك زين ♡,0
@AljaziAlajmi_ الا هالبيبي الي مو حاطتها بالحسبه 😂 مادري ليش ولا لها وجود,0
@qatar205 @AnwarGargash محد سفيه غيرك . يا غبي قالولك ان دولتنا للحين يالسه اتطبق ال٣ اشياء انت ما تفهم هههههههه وكل الكلبات الي طلبتوها فروها بحر . الحين فهمت ؟,0
"@ebrahimaltamimi والله اثنينهم ولا لعبوا عدل واحسن طلعو
 والكاس بتاخذه كرواتيا🙃🙃",0
@__r1985 شسوي لازم اسوي بزنس الملل ومايسوي 😂😂,0
@Khalilalatawi75 اذا تكلمت صيني اصير كشخه؟ ولا بس إنجليزي !! 🙄,0
"@T888T888 @Hussaen88625969 @Almesbah_Saud @aalturkmane يقول نزهة 😂😂

مازلتوا تدفعون ثمن هذي النزهة يا ذكي 😂😂😂

خلوا النزهة تنفعكم 🤣🤣

اتوقع هذي راح تكون اول و اخر نزهة لكم 😂😂😂

انتهى الدرس يا غبي 😂😂😂😂😂😂😂😂😂",0
"نورك طفى ماعاد لك عندنا ضي
حـبٍ مضى ما أظن ينعاد كره",0
@uae_3G عادي حمود نبا نرد العرب لاصلهم طبعا انت مب ف الحسبه😂😂,0
@Mohd_BAH حاطين برنامج عن قطر,0
"قلكم
واحده كاتبه على صفحتها في الفيس بوك انها مستعده تتزوج اول موظف يستلم راتبه
هههههههههههههههههههههههههههههه🤣🤣🤣🤣",0
"الطبول كلهم مسويلي بلوك 

شكرا منذر علي طريت طبولهم @MuntherAli 
#حوار_منذر_الوصل",0
@z7NWzwOBV5iV6CS هذا بعد اذا ما ضاع تحليلك او عطوه واحد ثاني وتحليل الثاني عطوك اياه واقعد فچچ واذا ضاع انطر حلل مره ثانيه وممكن بعد يضيع واتحلل مره ثالثه,0
"شنو تغير شنو صار  الله اعلم  

بالسابق  كانت في مطالبه  بالتفاعل هاشتاق #ناطر_بيت 
بعدين نسمع محد درا عنا  
شنو تغير شنو صار الله اعلم",0
"وحشتني سواليفك 
ووحشة شوفتك اكثر 
كل ليلة مع طيفك 
حبيب الروح انا اتحسر 
وحشتني سواليفك ،،،،",0
@hassanalishaq73 خله يولي وقت الشاي 💔😂 يحسب احنا اغبياء و اللي طلع فالجزيرة فبركه اعلاميه حسبي الله عليه وقت الشاي خاين من يومه,0
@boturkey_t صراع بين تيارين فقط,0
@ma__qo هجلددد الردي لو تمادى⁦🇸🇦⁩💪 كفووو ياصقر الدواسر #ارطبون_العرب انشهد انك تقول وتطول يالمحزم المليان 😂😂 اتمنى نشوف شقلبه هالشرذمه ومن هم على شاكلته,0
"@Skittleziah @ssoossoo77777 اشخليتوا حق الرياييل
اللي تلبس وزار المفروض عليها ضبط و احضار و منع سفر 😂😂",0
غلاك ما اخفيه و اقولها جهر يا حلمي الأول وقبلي وبعدي,0
"@gfetk9 الليله هـــذي واضـحـه ليلـة #فراق
حــاولــت اعـديـهـا و عـيّـت تـعـدي

بقعد معك ساعـه حبايـب و عشاق 
ومن بعدها كيفك ولو صرت ضدي",0
@mktf3 تقاوم النوم طول نهار  هذي كل الخطه,0
@Hanan99O @alkrs111 انا لله على طول دخلتي في نيتي وظنيتي بي سوء يختي قصدي واضح والله اعلم به ماعلي في اللي يفهم بالمقلوب 🙂,0
"🌺 وصلوا اللي يحي القلب ملكاهم
●
●
●
#تحديات_شيعية https://t.co/lopIv1ocn0",0
وانتي بعد نفس الشي حركة تعلقين البطاقة في الشنطة عشان يدرون انج مو مستجدة مانبيها #uob,0
#مع_السعوديه_فالعسر_واليسر https://t.co/lhsWcKGBTg,0
#قدام_يالأبيض اخر فرصة لكم يا عيال زايد نبى بياض ويه وربي يوفقكم وانتوا قدها، صراحه لو طلعوا من الدور الاول انا بشجع حبايب قلبي السعودية ، ان شاء الله الفوز اماراتي اليوم🇦🇪❤️🇸🇦,0
@hado0oy10 @B_alshukaili كثري ماي ساخن وملح اول الصباح وربي يشفيج ويعافيج يالغالية,0
@4abdullah ههههههه انت صادق يمكن بعض الناس معه حساسيه من الورد ،،، طيب (مداعبه) لو واحد راح لمكان عام واخذ معه (ضب) احس من الي معه (جعري) تكرمون !!!! على الاقل (الضب) مو نجس ،،،، شرايك بمرقته بوعيد اقصد الموضوع هههههه الله يسعدك ولا يخلينا منك يالسنافي,0
@PrincessDianaq8 وااايد اتصدقين واكتشف بالصدفه!,0
@bomoham03218838 @WASEL_KW رحت المغرب ما عجبتني والتعامل معاهم صعب يعني ما تسوى التعب خاصه بمعاملتهم يطلعوا الرحلة من خشمكم 🤣🤣🤣,0
"@yoyobaloch1993 @sahran_q8 ان شاء الله يبدع معانا

بيئه يونايتد ماتساعد احد اصلا",0
"سأتوقف عن وضع فيديوات شرح الترانسيرفينج في قناة التليغرام - وسأكتفي بالسناب .. 

اللي يبي يتابع سناب واللي ما يتابع خلال ٢٤ ساعه راح يفوته 

فيديوات الشرح وتلخيصاتي سترسل فقط للمشاركين بالبرنامج العملي

🌸",0
@AliAlmslmani @JAlmansor @Just_ali84 @Maljamaan @alimusa26 @noisyfares @JassimAlJassim @N_Alhijji احنا اللي فخورين فيك.. ودائما نشوف التطور فيك.. وشكرا لك من القلب.. شاب مميز وطموح اجتمعت فيك صفات جميله وان شاء الله نشوفك في تطور مستمر,0
@mahatma_mais @maljefairi @StarsofScience امين يارب وحقق حلم كل طفل اصم,0
@Anxiety270 ايوا الجو حار نوعاً ما نحن جايين علاج وليس سياحة عشان كذا جينا هالوقت، يبدا الموسم السياحي شهر ٦,0
سجين العقل اشد محنه من سجين الجسد و مقيد العقل اشد حاجة للحرية من مقيد اليدين,0
@lolowaAms @abdulla_424 @Om3laiwii الشرهه علي يابه ورزه بهالمكان,0
@yousef_alazmy30 عسى الله يطول بعمره ويرده بسلامه,0
"شعور جميل لما ترسل ومحد يرد عليك ،
تحس نفسك هيبه محد يقدر يكلمك .🌚
ههههههههههههههههههههه😂😂😂",0
@Aboomaralharbi9 @mohdalsuwaidi7 ولا انت انت ولا ابوك ولا ابو سلحان حقكم يقدر على قطر الخلااااا,0
اللي عشق ضيّ القمر ماتجذبه لمعة نجم !,0
@r167167 @Retired_q8 انزين وين المدح بالفيديو ؟ 😂,0
@5a1di والفديو كيف تمت الجريمة🤪,0
"@ALNOOR_ETV والله العظيم حرام فيكم الاشتراك .. انا شفت للحين اول ساعه من كذا موقع ببلاش بس مجزءه  
وانتم  الساعه ٣ الفجر ووورانا دوامات وشاطرين بس في هشتاق هذه الحلقه هو ،،.،،، اووووووووفر",0
"@aladwani71 الله يرحمه ويغمد روحه الجنه 
وربي يسعدك ويطول بعمرك",0
"@gahtanisaadss @t_OX5X تم ويستاهل #صقر_عتيبه انشهد انه جلاد برتبه فريق اول كفووو ينطح كفوو عليه
#الجيش_السلماني",0
"إمشي  مع  الدنياء  والناس باالطيب
وإترك   لكل   إنسان   يااخي   ذنوبه 

مافي أحد فـ الكون خالي من العيب
ولا   احداً     كامل ... وخالي   عيوبه

الناس    فــــ الدنياء   ماتعلم   الغيب
والعيش... https://t.co/IXfMy3T1yt",0
@rayed المثل يقول (كل مايعجبك والبس مايعجب الناس) .. وباسلوب متحذلق نقول (يحال السؤال لحلمات التذوق في لسانك) 😜,0
@bnt_tamemqtr @h_alfala7i @9R7gNZmhMACkCL8 @QatarRmah @al7ooralnaimi @Shadow_sh1 @Boabdelrahman1 @sul535 @Qataria_lady @OoredooQatar @ro7__qtr @888Dndn @mohdalsuwaidi7 @abuhamadraheeb @alwaaaleeed واميه عليه ماخووز عندالشراب 🤣😂,0
"وحيد حزين ماله حد 
😂😂😂😂😂😂😂😂😂😂😂
#Kurşun https://t.co/sJtAtXtf7r",0
@uae_3G @Samialtaweel1 كأس عالم مافي حامض على بوزك,0
@Baba_3o0oD من ذي .. اشر بس ونخطبها لك,0
"@ahmadali1125 @saeed9_qat @dhary_fahad @MOD_Qatar هههههه لاتجيب طاري الاتراك وانت خابر وش سوو عندكم 😂
سلمني عالعيون الخضر والشعر الاشقر ياشهري من وين جاكم 
الله يهديك لاتفضح عمرك",0
"صحيح اربع سنوات ما عندنا دوري 
ولعيبتنا نسيوا شكل الكورة 
بس تعادلنا مع #المنتخب_السعودي
عاش #اليمن 
#السعوديه_اليمن",0
@Estabraq02 @Nawola_mh0 المشكله بدون ويبي يعلمنا لهجتنا ،،، ما بقي الا يركبونا باصات ويحذفونا علي الحدود ،،، هذا اللي ناقص مع الاسف ❗️,0
@mu7ammad_juve ما اعتقد بيكون في اسم اقوى من اسم ايكاردي ، واتوقع الاداره رح تكتفي بالميركاتو الحالي ، وعن نفسي مب خايف من وسط اليوفي بوجود ديبالا وبيانيتش ورايبوت وبيرنا وكوستا ورامزي وأمري وبيانتكور وكوادرادو لو كان جاهز ، الخوف ان البيع يتعدى مانزو وهيجوايين ويروح لديبالا وغيره من اللاعبين😁,0
انزين الحريم اغشم منا  ليش تمسك التلفون ! الا اذا وحده بدرس اعيالها هي ماسكه الخط معذوره,0
@fdai_alhosen @Fa1salista مادري ليش مستصعبين الموضوع دام كرستيانو عندكم اكبر من الريال و الريال ما يسوى شيء عندكم خلاص ريحوا عمركم و شجعوا اليوفي و ريحوا جماهير الريال منكم,0
@uae_3G بلشت بدري يالعربيد السكار.. اسكر واستهزاء بربك .. وربك بيحاسبك يمهل ولا يهمل,0
@majedalraeesi1 يالله حسن الخاتمه يتراوالي هضموا غدا خمس ايام ورااا 😂😂😂,0
@fa2507778 ونعم ابو مشعل يستاهل 💐 وانت يابوجابر ماتخاوي الا الطيب اللي مثلك وشرواك,0
@dinareda7474 مش هوصيكي بقي الفسدق و الكاجو 😌😂😂,3
@GhufranBH اساسا اخر تويته اعتقد فهمتيني غلط .. طبيعي ان مو الكل بحصل الرغبه اولى بس بشكل المعقول مو بالواقع الي صاير ..,0
@Fahd_Alshelaimi ما أسمع  يالشليمي عندهم كرم 😂😂😂 https://t.co/MrrXEuMB1a,0
"@m_elhusseiny 
هههههه لا اكيد برايڤت",0
"""لما ترجعي بنطلع وندور مع بعض""
كبرت ونسيت أن أنسى ! 💔",0
"@s3dqatar لا ما تزوجته
هو إللي راح و خطبها و خلا السمرا و البيضا و الشقرا 😜",0
@ksassasss @BinWaayal ههههههههه والله إنكم تكسرون الخاطر عقولكم ما ادري وين يالله نسل الله لكم الشفاء العاجل,0
@alshaikhmhmd زين خلهم يحفرون قناة سلوى، أبطيتوا 😎,0
الله يديم هالإبتسامة على محياك يا سيدي https://t.co/IIqgkMWA6g,0
@alfeafee @Benguennak ربنا يستر على الولايا 😂 اكيد بيتفقوا على المهر و الشبكه و المؤخر,0
"@BeCareful51 هذا الخطاب كان المفروض نسمعه من الحكومه مباشرة بعد ان اعلن جورج بوش تحرير دولة الكويت رسميا

اخي الفاضل اذا ما قالوه بذاك الوقت يعني عمرهم ماراح يقولونه

 وان قرروا يقولونه في يوم من الايام بكون ماله طعم!!",0
"تعقيب بسيط على "" تقبلوا اختلافهم "" عشان تقدرون تساعدونهم للتغير موب ساعدوهم على اللي هم فيه ركزوا ♥️ https://t.co/6msJAHdhHQ",0
@elzeina_a كلام صحيح ،  لكن تعال فهم اللي عندنا 😎,0
"@KFHGroup 

كم يوم على هذي الحاله معقوله احسابنا عندكم ونسحب من بنك الوطني افشل فرع مر على الرحاب خدمة السيارات https://t.co/r96I4SinEm",0
@alshamlawi1 ربي يحفظك من كل سؤ,0
"—
.
.
.
.
مَ نجبر حد(ن) على البقاء والبُعد ،
إن كان يبينا ياخذنا باللّي فينا ولآ ياخذ(ن) دروب الفرقا👌🏻💛.",0
@baderalhadadd @cckwt @ECCCD @KuwaitiCM @Airport_kw تتفل بعد المعفنه الشرهه على اللي يخليها تدهل الكويت مره ثانيه,0
"@6aha11 @OfficialWail ضرب عيوش ودق فلوس وكمين صورة

اللي قادك للفشل عمره ما بيكون صانع للانجاز!!",0
@hilalstuff @bu5alled مجنون من يفرررط بعمر وان كان بأسوء حالاته✋🏼,0
@hanan__091 تذكرت الي امس تقول مايحللكم يسالها عنكم يوم الدين 😭😭😭😭😂😂😂😂😂😂😂😂😂😂😂😂😂😂😂😂😂😂😂😂😂😂,0
@SRashidSH واحد جاي اثر رجعي,0
"تلك اللحظة..💔
لما حد يشوف صوري لما كنت صغيرة و يقول أول كنتي أحلى 🌚
ما أدري ذي سبة و لا مديح",0
@nayef965 من طلع من داره قل مقداره 😞,0
@OdayAwad لو بتتحسف على. كل لاعب كان فيه محاولة بالتوقيع ما بنخلص..شوف فينقر مثلا..يايا توريه وابرا وبيل كلهم كانوا تحت تصرفه ورفضهم,0
@adil_alabadi90 @iibeshan ياعيشتن قشرا العوض بالجنه ان شاءالله☹️💔😂😂,0
@hamed_alharthi هذا هو الدون الي محد مثله و الله حارق يوفهم يالدون .. بعض الناس يشرقون باسمك 😂😂😂😂 الرمسة حق شسمهم لان مب زين طاريهم🙄,0
@AHAlNoaimi العمر كله يا بوحمد,0
@khlood_km @bent_alfayroooz @alzeen1122333 @ILoveBuali @AlHanen7 @RoyalAbjer @salemrakan @HijranMuharrqia يالله وصلت الكروز لا تخافون عادي تنقلب هههههههه https://t.co/R9nGA0VM4c,0
عشان تزين النفسيه نسمع عبادي 😍 https://t.co/bdpLJeezzb,0
ولون عيونو ما بيخونو😌,0
@AvichayAdraee السلاح اللي في الصورة m416 ..,0
@meho_xx93 @KsaBanker @lalshareef تخسي يالخسيسه مالهم ارض مغضوب عليهم لعنهم الله وجمعك معهم,0
@coco98711 انا متأكدين منك عشان كذا ما حاطين اسمك معهم,0
"الكويتي من القروض اللي عليه يطلب تمديد الى سن ال ٦٥ علشان يتقاعد.... اشلون الاسرع بالعالم!!

الاسرع تقاعدا طل https://t.co/ixJBr36xKJ",0
"@AbdullahB966
اخوي عبدالله متابعينك  عشان نستفيد منك 
وصراحتك ونصحك حق اخوانك استمر 
وأخذ راحتك 
ولى يزعل مايشوف شر  https://t.co/HMakw5vhvq",0
"قلبي خذاه اللي يحبه ويغليه
وروحي معه بالحب غصبٍ خذاها

يموت في حبي وانا ميتٍ فيه
واعطيه من روحي مثل ماعطاها.",0
@MOInformation تفشلون والله 🙂 لي متى هالعنصريه ليش جذي بتموتون عشان تفرقون الناس على اقل شي و اقل اختلاف بين المذاهب .. وين العادات و الاعراف بالموضوع؟ شدخل!!,0
@MohammedAladrei بايخه ههههههه ماعدبش معاك غيرها ...هههههههه,0
تعرفون شعور لما يكون قلبج يحب اثنين و ماتدرين مين يحب أكثر ؟ هذا شعوري لما أكون - جوعانة وابي أنام 😂🙆💔,0
@Roobate_23 @5_ss0 غيمة شكلها فاهمه بالسوبيا,0
الله يغفر له ويرحمه ويتجاوز عنه ويحسن نزله ، الله يرحمه صاحب موقف وكان صوت الحق ،، #مشاري_العصيمي,0
"@Dr_A_Aziz_ مره جاوبت واحد منهم على العام ☺️دخل علي على الخاص
ما يقدر يواجه على العام ☺️
صحيح انه ابتدا بسب ، بس كمل باحترام لما ناقشته
لما تناقشهم تكتشف سطحيتهم و انعدام حجتهم .
غالبيتهم تحركهم أهداف و مشاعر سلبية شخصية ،
كلامهم عن الإصلاح و مصلحة الكويت كلام فاضي .",0
@abuayoob7 😳 عجب حمو يزيدوا البترول لو الشركات تكفي اقتصادنا نفطي ٨٠٪ او اكثر,0
@noormoon0001996 @sultanomani @shamsi_16m2 @AHMED64AHM @Khalid_Shukaili @alhinai_7 @mahdi_7227 @Binjwaid بقوله اجبر نور تعقل شوي عن هالتغريدات,0
ودي انزل كل اللي يجيني ع الخاص  ما يستاهلون اعطيهم أكبر من حجمهم 👎🏼 ودام عزج بلادي قطر 🇶🇦 ❤️,0
"للأمانة عيب علينا لو ما فلل الملعب بمباراتنا بكره . 

ترى جمهور النصر بعد توفيق الله راح يكون له دور كبير بالملعب .

تكفون ياعالميين نبيها فل #النصر_السد",0
@OoredooCare @HADOI_ مو من حقكم ترفعون السعر علينا ... السالفة مو لعبة بمسج والله رفعنا السعر !! الاتفاق معاكم على سعر تروحون وتغيرونه ...,0
ايش رأيكم يا شباب نسوي جاري البحث عن عيسى العذري,0
"اسيادنا راضيين عليييييك يا مظبطنااااا
يسلم اللى خطط  🤣🤣🤣
ظهور محمود السيسي في الوقت ده ضربه جامده https://t.co/0EHAZyTeq9",0
"#سارة_دندراوي تنقز بلوف ذوات الأصابع الأربع بالكويت ويصفق لها شرفاءها
اربع كلمات تخرجهم من جحورهم وتفضح اللي باقي ما أنفضح #كلنا_ساره_دندراوي https://t.co/pqANEkMsmY",0
"والله ماهمني ولا بسأل !
واتوكل 
تراك تهون .. تراك تهون .. تراك تهون

 #استاهل_اكثر  
@Abdulazizluies 

تحطيم هالمقطع ماسك معاي هالايام 😎✋",0
@FahdAlktbi ضربنى وبكى وسبقنى واشتكي,0
"صباح الدوام اللي مو مال دوام كلش😁
-
-
-
# قلبي يحبه و أنا خالص
# مجنونه وصار مجنوني❤️
-
-
-
# بدر… https://t.co/EP5hoehr9C",0
"#بين أبيك وما أبيك ، ألفين مدري 
وكل "" مدري "" شايله كومة عتب..",0
كفوا 👏👏 مو ناقصين فتنة بين الهنود والباكستانيين عندنا https://t.co/VL5BixRKH7,0
@__molia تحملي عاد يالسه أطلع من هاي الحاله شوي شوي https://t.co/R6k1RN3It1,0
تسريب مواصفات لوحي Galaxy Tab S4 القادم في MWC 2018 https://t.co/K7SKu8X9uO #تقنية #اخبار #Tech #اقلام_تك,0
@menwernoor صح الله لسانك المنور ابداع,0
"عزيزتي الزوجه: 

اذا زوجك فصخ ثوبه وعلقه فالكبت
 معناته فيه فلوس؛ 

واذا فصخه وحذفه على الفراش 
معناته مفلس ؛ 

واذا لف ثوبه واحذفه بالغساله 
معناته كان مع وحده؛ 

تعبت وانا اساعدكم .. 🍸😂",0
@khalidjassem74 تكفى ياخالد وصلو صوتنا هذا مب كلام والإدارة ماتغير منها شخص هذا استغفال فينا كجمهور,0
يا رب ..عطها كل اللى ما حصلته,0
@alfahaad314 احلى نصيحه وتستاهل التطبيق بس اخاف يسجنوني💔,0
"@almalaki52 كلاوديمير فرق عن اول الموسم ،، مدري شصار
فيه",0
@abu_izz @IsmailKindi تمسّك فالهزيله لين تجيك السمينه,0
"@AliAlhabsi ما قصرت الحبسي
مبدع كالعاده🇴🇲❤️",0
"@mohamedabukabda والله للأسف يا محمد كلامك صحيح ١٠٠٪ لكن هذا هو الحال 
و كثرة الطباخيين تخرّب الطبخة ( زهانق ، توهير ، موراتي ) 
و كُلٍ يُغنّي على ليلاه",0
@ase50800 @_REEm500 @lamoosh322 ههههههههههههههههههههه حرام عليك ولا حق المشوار,0
"🎶

لما ينقالك ""يا عروق قلبي"" هذي هي عروق القلب..يا عمق الكلمه ..! https://t.co/Aj9eS1MMSl",0
"الندم يامر واطيعه ، الندم يمكن يعين ...
معنى إسمك ما أطيقه ، أكرهك أصبح يقين ....!!!! 

عبداللطيف الكوهجي",0
الله يعزك يا بوحمد مثل ما عزيتنا💖,0
"راعي واجب يابوحمد ..
عساك ذخر ❤️",0
"ألحين ما عرفنا
مياه طبيعية؟
وإلا
مياه معبأة؟ https://t.co/3vRlZyGBf0",0
"الاخضر فاز واتاهل والفرحة عمت
والكلام ذي سابق عهده صار ببلاش..
بس الفرحة الجابت الناس ما جابك.. يا اخ دق كول مي وانا برجع ليك..
يبتاع الملح",3
"#امنيتك_مع_نصره_الحربي
انها تتحجب",0
"-

محشـوم ابو نايـف ولا يلحقه شك
لو تنشر الاخبار وتروح الاخبار

تركي على نهج المراجل معه صك
ماعذربوه الا قصيرين الاشبار

#تركي_الميزاني https://t.co/T7otk5UVTr",0
@seifnews تفاههه هذا خبر تنقله او يستحق النشر,0
@mema_alhashmi اسم الله عليج ❤️ الله ييسر امورج 🌸,0
@3boodiii1 لو طلعت البطاقة وركبتها بعدين بيجينك رسايل وينك وكل الرسايل وكل شي ف النت فهذا ما رأي تقني ابدا,0
اللي مايقدر على الصغيرة مايقدر على الكبيرة ياذيبان https://t.co/8yVAx8JYlc,0
"@i6aliyah النوع الاول سوء ظن منهم ولا له حل .
النوع الثاني اما فاهم و مطنش 
او مايفهم الا ب كلام مباشر و صريح",0
@saifalhajri @DrHAKEM لا تموت حماس احسن وينتهي قطاع غزه ويموتون كل الفلسطينين اللي في القطاع بس ما تمد يدها مع اللي ساندوها وتنتظر العطف مع العرب حتى وان كانوا اداة رئيسيه في تدمير حماس وحتى ان كانت الحكومات العربيه تساند اسرائيل بالمال وبكل الوسائل لإنهاء هذه الحركة!!! ياربي صبرك,0
من يوقف طوفان برشلونه,0
"#ليله_٢٧

أقرب من الله وتبعد عني الضيقه
ومن ضاق ماله سوى ربه يفرّج له 

صحيح مانيب من صفوة مخاليقه 
لكنّ روحي من اللي يغضبه وجله",0
@abualia77 آمين يارب العالمين الاه يحفظهم يارب,0
@albinali_MD وانا خايفه اشوف الفيديو عبالي بيصير فيه شيء !!! والأخير ناوي على كشخه سنعه🤣🤣🤣,0
@bint__althani شنو المسلسلات اللي تحبين تابعينها؟,0
"المقهوي مانسى يشرف على القهوه عشان ماينسى وظيفته لانه راجع لها راجع
بس يادليم نسيت ان القهوه قهوة معزبك الي ماحشمت ضيفه
والا معزبك دازك؟ https://t.co/7Hbfo4CgiX",0
"الي يحبگ عشان شكلگ 
             يقدر يحب الف غيرگ ' 

والي يحبگ عشان قلبگ 
       عمره ما راح يشوف غيرگ",0
@Fatma13__RM اذا عبروا بيكون عن طريق الدون ولا اعتقد صعبه عليهم خصوصا و اتليتكو دفاعي و متقدم 2-0 و ضيع الكثير من الفري,0
#اتوقع اللي اخترع الواتساب بنت الأن فكرة آخر ظهور مستحيل تجي في بال رجال🌚😂💔,0
@AAlraees حبيبتي العفو... صج لاعت جبدنا بس شنسوي عزيزة وغالية🤷🏻‍♀️💜,0
@Sarahalmarri_s اختي هذي ماتمثل الا نفسها ورب الكعبه لو البلد مافيها قانون كان ذبحناها لكن شنقول تبي تشهر نفسها على حساب اسم القبيله وبلدنا,0
"@sana_jad 
😭😭😭😭
ما تابعته خالص بس كنت اشوف المقاطع اللي بتنشروه هنا 
وتابعته هذا الاسبوع فخم و رهيب
😭😭
والله زباله الحظ وال mbc",0
@SinMajid تحته نار أو جمر؟,0
@AyshaAlOthman حبيبتي والله انتي مفتقدتج حدي😭😭💜,0
@AAmansoory والله عندي توقعات وايد بس استحي اقول,0
يا أصير مثقفة يا أصير كاشخة ؟,0
"كنت اكثر المعارضين على رحيل دياز
بعد تبرير وجه السعد اوافقه الراي
فمصلحة #الهلال فوق كل اعتبار 
لكن اللي اعرفه اننا كسبنا رئيس ذهبي لن يتكرر اثق فيك ياوجه السعد 💙",0
"•
.
كم واحد يمشي على غير ممشاه 
.               ما : جاته الدنيا علـى ، ما تمنى 
يطرد . . ورى حظه وحظه تعداه 
.                وغيره يجي حظه وهو ما تعنى",0
@mohameed_2030 @naajddd الله كله عشان تطبيق فاشل!! ترا اعوذبالله سبب مشاكل وحقد وكره بين الناس وربي وحده من البنات صارت تشك في كل مضافينها اللي هم اقاربها وصديقاتها انهم يكرهونها وكذابين وبوجهين صارت ترسل اشياء تدل انها مقهوره من السب والشتم والتريقه اللي جتها🙆🏻‍♀️,0
"كانـه يصـدك شرهتـي والحسايـف ../
ارجـع ولـك منـي ..""وعد""ما اغمِك ../
//
المشكلــه حالـي مثـل منـت شايـف ../
لاطحت من عيني ضلوعـي تلمـك ...",0
@falehalkhudair1 حكومتنا مقويتهم علينا وسكوتنا عنهم ضعّفنا جدامهم,0
امضي طال عمرك بوخالد ، ونحن كلنا فدا هالوطن 🇦🇪❤️ نحن باختضار عيال زايد قول وفعل بس آمر وكلنا سهام  في نحور العدو ومن والاهم https://t.co/3kcpD0dEcv,0
@reeman2o1 حلو عيل طرشيلي رقمك بطرشلك كلام ما تعرفي من اللي راسلك,0
@Bu5illy عندنا وضع الذكور افضل من الإناث بحكم فيه مركز مختص عقس الإناث بقسم طوارئ عام,0
"مدري السهر بلوه وفيه إبتلينا ؟
ولا ظلام الليل حنّا هويناه  :)",0
@muaawana1 @phantom69y83 والله زين الحين الحاله تستاهل تعاطف منكم😅,0
@benthaniqatar ماشالله العرض ممتاز بس السعر على كم,0
@10azHassn119 صارت الدوري بالاختيار ماهو بالنتائج,0
@Mooodqatar @algazal_9 @uae_3G لاتعورون راسكم مع هالاشكال المريضة محد سبب هالفتنه وزادها الا هالروبيضه وطخته و قطر واهلها و الشيخ محمد بن عبدالرحمن آل ثاني تاج راْسه,0
"بغض النظر عن الأداء الجيد الي قدمه الفريق اليوم ، بس الدفاع مششش ممكن ... سالفة الانفراد من نص الملعب قاعد نشوفها بكل مباراة نلعبها تقريبا!!!

وين شغل المدرب؟!! #أرسنال 😑",0
ممكن تنقذوه بدل ما جالس عطال بدون شغل @SeebMedia https://t.co/ENJcQfUFEQ,0
"لا يكفي الكــلام إن قلـت أنا ⁧آحبـك⁩
آنا كل الشعـور اللي بقلبي ⁧لك⁩… https://t.co/SuaUx45sNC",0
@Jaber_J كلامك صح اللي هاجروا يبون التقدير مو فلوس,0
شكراً للناس اللي تخرب مكانتها بنفسها وتريحني من تأنيب الضمير,0
"@DrAldamkhi 

الله يوفقكم يا دكتور

املنا فيكم كبير",0
رامز المقطري بحسابه الجديد ضوء شارد,0
@Hassan_alsai المفروض تشيل طوار مول وتحط بداله دوحة فستفل لان طوار مول كله مطاعم وللحين ماخلص,0
"@ckaSKVxttgqjMrE @KHK لا غصب ولاشي الزق ولد الزق بقي زق والحمدلله الكل شافه رقله متردد ونايم في القمه وهو تيتي تيتي مثل ماراح جيتي 
كفوكم بتلفون ايران خربطت مواقفكم 
ومن كان سنده العجم تتردم",0
@6086Z @Oman_Careers اعتقد يصير لأنه بينادوهم حال الاختبار أو المقابلة بعد سنه,0
"#وش_نوع_الفوبيا_عندك 
يا كرهي للمرتفعات .. ما أتحمل حتى شوفتها ..",0
"@alsawafy5 
ادري مب وقته بس بعدني انتظر الجواب 😁",0
وحشني الدوام ، خساره اجازه انا اليوم 😣,0
@ABZayed كل عام وأنت بخير سيدي وينعاد عليكم بالصحة والسلامة 🌹🌹,0
"الله من حب مهيوف الخصر يا عنـاي
خبرو مظنون عيني زينـه برى حالــي
هوجاســي و الشــوق جابــو منتهــاي
غيــرتي نـار و الصبـر فـوق احتمالــي
#عبدالعزيز_الرويحي",0
@hoooo2021 السنه ذي البرد موت,0
@malmahmoud9 @AjelNews24 انقلبت فوقك تريله وزنها٢٠٠٠ طن ان شاءالله من البارح وانت تبكي من القهر يحليييلك على بالك نفس حكامك الرمم 😏,0
"اطلعوا يا شباب طرابلس واقفوا مع خوتكم في صوت الشعب وين اللي كانوا يرقصوا في الميدان 
ولا تخصص رديح بس 
هذا هو اليوم اللي مفروض تطلعوا فيه https://t.co/f6m6yVAOsm",4
"@Hamadmalajmi @Magoo_Q8 شخص واحد يقعد مع الاستشاري او نائبه ويستفسر وهذا من حق اامريض،، لكن مو معقولة كل العايلة تسأل اي دكتور.

ترا الدكتور خاصة الوافدين يخافون يتكلمون عن حالة المريض لكل من سأل،،، يامه صار طق واعتداء عالاطباء",0
"ليتك مثل طيفك راعي مواجيب
يقلط علي في كل حزة وساعه '💛",0
اليوم شكلي ما بطلع من الغرفة الا بعد ما اخلص #StrangerThings  @NetflixMENA,0
"@alawani بوحمد 7 اجانب والانديه تبحث حالياً عن الاقل سعراً وعن اللاعب الحر ؟
هذا من غير موضوع سقف الرواتب، اللي انديه أطبقه وأنديه لا!
ومن غير مواضيع الميزانيات ورواتب اللاعبين المحليين العالية، واتوقع حتى بيكون في انديه مادياً مارح تقدر تتعاقد او تكون منافسه والاندية الصاعده بتعاني اكثر!",0
@uaedivers شي وراه الشيخ محمد لازم يكون صحيح✔️,0
@wasim1441 @MOHU_CSC اذا بتبيع تصاريح عندي مشترين اثنين رجل وزوجته أجنبيين,0
@Najla_qa @4QATAR4EVER @al_3aliaa @KSA_HFC15 @MayQuee_n20 @A_AlAthbah معاج حق نجلا 👍🏽. أنا اعتذر للجميع,0
"@bouhayat 
وانتي بألف خير 
عيدك سعيد",0
لاحظو الشغل في المظلات لاحسيب ولا رغيب وشوفو خرعة الناس خربوا عليهم وناستهم هذا بدل ماالحكومة الرشيده… http://t.co/BTNYxzNi5d,0
"تخيّل وظيفتك قرقرة 24 ساعة بالتلفزيون وتويتر ، شغلتك تمدح فريق وتسب فريق 🤒
 https://t.co/vwGieeAZXi",0
@qmr_014 @qahtani76 @WikileaksMENA حنا ع الأقل كل شي مكشوف وفي السليم اقول يا بابا استريح ابرك لك وحلك في حالك افضل شي لانك تكلم ناس واعين  ✋🏻,0
@mubarakhaif هذا مسج تلقائي ولا شنو,0
@khalilkk1 أي موهبة بدون موسيقى ماعتقد تقبل أو تشجع,0
@KSASociety ربي يحفظكم يا اهل جده ، قلوبنا معاكم,0
ما لقت غير هالصعلوك تشكي له الحال ..هذا انسان شاحنينه من راسه لرجوله ..تعس عبد المال والدرهم👎🏻 https://t.co/yqLuZYL3fQ,0
"انا امس ركبت الباس تغيير كيفي
المهم قلت افتح الباب لسايق الباس البكستاني
وفتح وكل شي زين
المهم نسيت اعطيه الثلاث ريالات
وصلنا وفتح الباب وافر والى هو وراي ياهرمه انت ياهرمه اس كلام روه مافي بلوص
انته خبل مايشوف انا
وفضح بي بلحاره وحده تقول ان مامعتس اعطيتس اه يالقهر https://t.co/uBwUk9qnC2",0
@its3lo0 تبغي لاعب مزاجي عادي يسحب عليك ؟,0
@Akhbar_Alemarat @Fahd_Alshelaimi السعوديه بالذات إلى مصير مجهول علماني الفكر العلماني اللي معشش بسياسية الامارات وبسكم لعب انتهت اللعبه,0
@test_hussain @namletq8 😂😂😂بوعلي الرجل ماعرف يرد شنو ذباب وشنو الاسد,0
@mohamd_alamery يااحلو المنظر ماشاء الله,0
@ALtarakma مهدي صالح حتى خمام بالملعب ما احطه,0
"يابعيد عن عيوني دريت أو مادريت ،،
قلبي اللي تسكنه دوم يسألني عليك ،،",0
@Taswe6 @alnader407 بنفوز ان شاءالله ونتأهل,0
@Manama9200Ahmed @ALSHAHEENNN @alzeen1122333 @Salah65729413 @hamdolla120 @layla_buhazza @sh411637 تهقي صار نفس الربع 🤔,0
@ms1230120 انتي وحكومتج عجيبوا اثبات واحد ان احنا دعمنا الارهاب ياطاهرين,0
"اكتشفوا انتم!
انا خلوني مرتاح اهني. https://t.co/4HGBJzubvw",0
لاتشيل الھم .. والدنيـــا متـاع (ابتسم) عيش الليالي في سرور كم كبير وكم كريم وكم شجاع خلو الدنيا وعاشـوا .. فـي قبـور,0
@LAETH59354459 دامك عربي كون عادل و منصف اقل شيء مو لازم تحب السعودية و تنصفها,0
"@A_A_AlTammar لكل بداية نهاية .. اذا ما راح اليوم بيروح باجر .. بس الافضل للطرفين ان يمشي الحين.

ننطر القائد الجديد اتمنى يكون عليه القيمة عاد 🤦🏻‍♂️",0
@A_AL_QABANDII تسلم وماعليك زود يالامير,0
باطبل حق ملكنا أحسن من اللي يطبلون حق خمينائي بط الله سرة https://t.co/KB8tRL9b8U,0
"@Abdulkhaleq_UAE كفو عليك بروفيسور
اليوم هذا بيكون يوم تاريخي بنفرح فيه كلنا 
اان شاء الله",0
@SuayyidSara @m123m3214 ضاع عمرنا واختربت ضروسنا واحنا ناكل الذرة غلط 😂🤣😂🤣😂,0
@alialghadir999 ما عليك زود يا خالي,0
@jamalrayyan @saudq1978 @uae_3G وانت عندك شرف...انت للاسف بعت كل شيء,0
"شكبر غلاك ❤
 #ودي_تدري",0
"لاطرى فالراس من بعض الطواري ..
رحت للي يبعد الضيقات شوفه ..
الرفيق اللي على الفزعات ظاري ..
لا لقيته ما على غيره حسوفه ..",0
"@khalafmelfi خلاص لصقت فيك واللي كان كان😂

مش شغلك🤪",0
@MarwaAlbastki اوو تعرفين تلعبين بليارد ؟,0
"معاك أحس بالدنيا 
هواها حبّك الماثوق💙",0
@ZTa2etSyaYzoeG0 @SiyabiNaser @ammar4712 @t7pzw6Gnzoyurz1 @ashami033 @fahdissaq @oman1978787 @Moh2002g @hjjjoll @fuad525ffff @shehabgahaf يارب يالله كون في عون الجميع,0
@a_7_m_7_n_7 شنو القصه متأكدين هذه تغريدهة ايمن لو اني دا اتخيل....🤨😦,1
@Juju_Kanaya البايرن ما يبي يتجاوز ٤٠ مليون,0
@ifafi88 صححح كله سعيدين وريلاكس صج غريبين 😂❤️,0
@talfadhli صح بدنك لاهنت ي تركي,0
ننتظر تسكر حسابك بس متعودين انكم ماتوفون بالوعد https://t.co/RUCU4jtoiH,0
"@KZ_MBS قبل كانو فى المولات المقيمين بينظفو فى الصباح 
والتوصيل لازم سيارته نظيفه 
عادى جدا",0
شرفت فوق النايفه .. ما حركوا فيني مثقال,0
@AlMaskary سلمت الأنامل اللي تجمّع وما تفرّق,0
@busaleh66 يقولون الي مب عاجبه يطلع ولا يغمض عينه .. بالعكس راعي الحق يرفع راسه و ينتقد الغلط ، هذي بلاده ومن حقه يستانس في تطورها ..,0
@Shq818 @noof2al نوف مزاجها مو زين نبي منها تسوي لنا كليجة 🏃🏃🏃,0
#احسني مشاقه لاحد بس مدري مين🌚,0
@hassanalishaq73 هم خلوا شي ... صغيرة جدا !!! والله ما لصغيرة الا عقولهم ... وكل ماحطوا في قطر ربي سلط عليهم اكثر من قبل بسبب افعالهم .,0
"أجوب الشوارع والشوارع تجوب الدار
وسكون البيوت يحرّك اللي سكن فيني !
ㅤ
من يديني .. أخذها الزمان بيديه و دار
وضاعت معاه أجمل سنيني من يديني !",0
@anwaralzahra صار جم يوم ما اتصفح تويتر بشكل دقيق بسبب بعض الظروف 🌹,0
"@Mmoo_ve @msfmsf6 هو احنا لاقين نوادي عشان نقاطعهم ☹️💔 !!
الحي الي انا فيه الفرع مافتح ولهم سنتين يقولون بعد شهر بعد شهرين و ماعندنا فالحي الا ناديين كل واحد اخيس من الثاني واجهزه خربانه ومدربات ماتدري الله وين حاطها !
والاشتراكات ب اسعار مقاربه لفيتنس تايم !
ولافي جهه تراقب التلاعب ذا",0
@h_beena @sabqoman @ENG_2020_ بستمام حبوب روح نام,0
ههههه اغسل ايديك بصابون ديتول مابقى الا عوير وزوير واللي منكسر ومافيه خير ... اداره عديمة التخطيط بعكس الآخرين من غير ذكر اسماء https://t.co/tqZX58o02G,0
@Mohamme37657618 @hamad87541 @enoaer @nasser19999 هههه مو من مستواي ارد ع الي يوصل لهالانحطاط مو شرده روحوا اشتروا لكم اخلاق اقول بس 😂❤️.,0
@A7madDarwish هاردلك اخوي وهدا مدربكم عمره مايتعلم من اخطاءه !,0
@iill36_ @al_777__ مافي حط نقطة ويجيك مليون ريال,0
"@BusaidiNaser ويش تستفيد  من ذا المقطع... مستغرب كيف تدعيوا للسلام وانتوا كل همكم تخبروا العالم انكم الصح وغيركم الخطأ...
هذا المقطع لو يشوفه المقصود بيكون همه بعد يجيب شي يواجهكم به ونستمر ف حرب اعلامية ما لها ابدا هدف شريف...

وضعكم غير مشرف",0
بكره نطير من الفرح ..,0
@GhamdanAlsharif ممكن يشوفوا لهم فانوس بدل الشماعة 🤣,0
@Qustudents  حد خذ عند سامي الرواشده علم الاجرام  من قبل 😐,0
@znaty_al كل مافيك جديد صصصصصح الله السسانك يابومهره ودائماً مبددددددع👏🏻👏🏻👏🏻👏🏻,0
@LatifahAshaalan مساء الورد استاذه لطيفه يمال الزود https://t.co/qmCh31gMwC,0
"مبروك للشرجاوية 👑
شو هالحلاوه ماشاءالله .. دايم إن شاءالله
@sharjawyCOM",0
يلعن يومه شو هالقوول https://t.co/HWTe0UGkMH,0
@alqassimi5 ولا حد بينفعك حزتها ياطقعان ياخلود يالمصخره احمد خلاك مطنزه,0
@alnefaie_mshari كفووووو بالهيلا عيال الخاله ....,0
على كل حال الله يوفق الاهلي ،،,0
"@pyramidsfc مهما تسوون ..

الاهلي كبير افريقيا 

تحتاجون 2000 سنه للوصول للاهلي 😁",0
@DrShoosh90 عشان لا يجي حد يطلب بكره سي تي😂,0
"بينت حبك واستهاض وكشفته
وسلمتلك قلب(ن) تبعثر شتاته

اخذت درس(ن) بالحياه وحفظته
منهو تحبه لاتبين غلااااااته",0
"مو كل واحد حزين يعني يحب، 

والله الطفره لها دور يـ عالم  😂😂😂",0
@Nm_ALshamisi ويسحبون جناسي اللي اتجنسوا من عمان وترجع تسكن واسط وله السنينه,0
"@dr_hesham_q8 @m_alattabi 
الطب النفسي يبيله غربلة مثل ما صار مع هيئة المعاقين اللي آلاف كانت تستفيد من غير وجه حق",0
"@hrayeralbahrain @mhy2002 رحت تركيا العراق ... ماعشت مواقف ومشاعر مشابهه.. 
ممكن فيهم نزاره ، بس عنصرية نفسهم ماشفت",0
@luluamri77 والله مافهمت شو اللي حاصل بالصورة😵,0
اكيد رقم صعب من غير شك https://t.co/0f4AJBpbXH,0
ابوي قال لنا على الغداء بروح اجيب جدتكم من بيت عمتكم جهزوا الفرش الاحمر وافرشوا الحوش وشغلوا لمباتكم ترى الجماعه بيجونكم راح ابوي ومارجع 💔وصار كل اللي يبيه بعزاه https://t.co/zBZh45cZ4E,0
"يترك المرابطي 🤔😂😂😂🤭
التعليق عندهم مازال مصر على ان مرابط مرباطي 😂",0
"@naseralmohamed 
شدتني الفكره ومسرى الغداري 
وطرد الهوى مع انسجام المحبين 

قامت اتلامس خاطري بختياري
ياهاجس الذكرى وينك وانا وين",0
"@hindd3434 @naif99_n وجهً رجالً ماشاء الله 
ربي يحفظة",0
@alkubaisi_k الا قول اذا صج على قولتهم مؤامرة وينهم ماتكلموا ماتكلموا من 6 سنين,0
@walaa3210 قلت لك من امس 🥰,0
"@khzaatar @almuharrmi 
ممكن رد . هذا لو كان عندك رد",0
@News_Brk24 علماء السعودية بلد الحرمين معتدلين وفيه من يتهمهم بالمكفرين وسطية معتدلين غير مغالين ولا متنطعين ومن يتهمهم فقد ظلم نفسه,0
@a7madHadi رفقاً بالقوارير  يح مد,0
مش حاطتهم ببالي من الاساس https://t.co/HmYcH0ANuG,0
@naaifalgomqhd تو الناس مانام الحين,0
"مبروك جمهور الانتر صفقه باريلا تمت

اخيرا تمت 

الحين الهجوم علي لوكاكو ودزيكو

#انتر_ميلان",0
@nabeelalmiklafy @HadiPresident قتلو من حراسته داخل صنعاء 37 شخص منهم بن لكسر وغيره ياذا التاملة الغبي .. وجرحو كثير فوق 79 لكن مع من مع امثالك الاغبياء اللي ماينتقدو الشماليين وهم رأس المشكله جاي فوق الجنوبي بنفس مناطقي مريض .. عفاش وطارق اللي انت غاض الطرف عنه وعمار هم من سلم صنعاء ومحسن  فرقه مدلع,0
@Ruh_Rd @eMoroor @m_mamadad الى وراها ليه ماصورت لوحته,0
"@NbntQ @MohamedBinZayed @uae_3G مسكينه المره قاعده اخر الكرسي وهو مزاحمها ليش؟؟؟؟
تارك السعه وراه ولازق بالمره 🤧",0
@amal_alrodainy من قال دراسه علميه؟  او تصور منك,0
ياشين السرج على البقر https://t.co/XsXj7AWmXi,0
"@GfkA4Iosw2nURYN @kasimf من قال مشرد هذا واحد نعده منا وفينا 
وهو يعبر عن رأيه يا امعه",0
@RMD23 @bo7ashar الي ضيع انفراديه كالعاده😂😂😂,0
@senyourina1403 @Haifa949494 اي والله كفووو تعجبيني مثلي ماعاد داومو ليش يداومون كذا جالسين ومضاربات ولاحد يدري عنهم,0
@AlArabiya والله مفكر فوتوشوب، اشهد انها بتكون نكتة الأسبوع,0
"@AeYFQzPHviaIGNq هذا من عقب المقابله المفروض يرتوت بس 

مايعرف يصف كلمتيين على بعض",0
@kuwaity_1111 او يمكن علشان محد يطر مني 😈,0
@sweetg2234 قولي لها اللي تقول كل الشباب خرفان...لانك  جاعده.....والمواشي يعرفن بعض😂😂😂,0
"“@AJ_Ghafour: #من_مظاهر_العيد

إلي يشتغل ما يعطونه عيدية 

محد عطاني عيدية 😁😭” 

الدور عليك يا حلو

قرقش مخباتك",0
@dhbabdAllah @AbdullaASulaiti @news_alsulaiti @shaheensulaiti @sulaiti74 @atiqasoliti بعض الناس جاتهم أعراض تسمم من الموضوع مادري ليش 👀,0
صباح خاص مخصوص متروس حب حق نيويورك واللي فيها❤️💕❤️ https://t.co/upnb2I3u7M,0
@GNOoONI_52 @etisalat @TheUAETRA الاتصالات حاظره خدمه voip يستخدمونها بعض الالعاب، عشان جيه الاداء يقل بهذي الالعاب اللي تستخدم هذي الخدمه، مثل فورتنايت وركيترليج وغيرها,0
@8YGXw3jB8BQ86LE @malarab1 وهو الزعيم المقبور الخاين اللي دخل الحوثي صنعاء ~👀~ وقالة بلسانه,0
"@aalqasmy5771 @hassanalishaq73 اذا انا على قولتج متخلفه  اللي تكلمني شنو تكون ؟!
متخلفه  والله محد نبح كثرج  والكلاب الله يعزج لج وحق اشكالج وهذا دليل على البيئه واللي انتي عايشه فيها  
والله محد نبح كثرج 🖐🏻😌😏",0
"@Ahmed_AlJassasi 
تسلم باش مهندس
عقبالك الغالي",0
"🔷🔷

 أسرع زفة بالتاريخ !!!!!!
مايسويها الا ال 👦🏿👧🏿
ملاحظة ؛ المطربة اول وحدة لابسة اسود سابقتهم 👏🏽👏🏽👏🏽👏🏽👏🏽 https://t.co/OHrKAbev97",0
"صباح الخير 
ترى احنا اجازه ونايمين ... يتصل اخوي مزاج ويحسبني دوام 😭 ويطير نوومتي هالحزه  ساعه7  ليش ليش ليش 
تعالي رجع النومه الحين 🤕",0
انا معاك بكل كلمه والله يشهد .... بس بخصوص حواجبك اللي حافهم عسى بس تشيل شيره !!؟ https://t.co/kyDrEk5Wot,0
@__9S1 لازم أسوي من هذا الفيديو صور متحركه,0
@AwraqALbasel طلعت عاصفة الجِزَم ...  يتحاذفون بالنعل والجواتي  أو الجزم .,0
"@osama_ae او إنك تسكن ع الشارع العام 🙃 .. 

في مشروع يديد في العين ويقال انهم طبقوه في بوظبي .. اسمه #عنواني .. يقولون انه يسهل العملية هذي",0
انا اليوم غير الامس المعزه ضاعت وش بقا ياروحي,0
"#معصيتي_راحتى  للبنات اي رقم انتين
الفحول شنو تحب https://t.co/FBJjNL3RWy",0
"@ama4425 @sindk4mindk لاتستغرب منهم
معتادين دايما على الفبركة والكذب والحذف",0
@XTNsIUVYfY2J8z3 بتحافظي على رشاقتك الظاهر .... لا جربي مره بيعجبك اللحم خاصه المشوي على الفحم واااو,0
@aaaaaaa48517879 @m3aly_alwazera و تقول ما تعطوني ويه !!! طيب كبري شويه !!😄,0
@Tasneem1344 @No1997ra @So0so27 @B_SY1995 @amolah_22 هو بيمر يجيب لنا الهدايا ويكتب رساله وبيمشي https://t.co/ihmAm0Rz6Q,0
@radaralain أتمنى هذا المشهد يوصل للمسؤولين للحال اللي وصل له فريق العين 👎,0
"@adeldxb1981 محد سهر الليالي و دفع من جيبه الخاص  عسب الوصل و مدرج زعبيل  كثر الالتراس و المجموعة المجنونة بحب الوصل 

ولكن بدال ما يدعمونهم و يوفرولهم الأدوات تم طردهم من بيتهم 

وتأكد هم الأساس و الكراسي  ادور",0
@kalawadh يسلم عليك وترى جاي بطياره وانت تعال يالله,0
@M7md_Al_Pacino @ilMilan_ @johny_ACM لا ما وصلني.. عموما مبروك اهم شي انها عجبتك واستمتعت فيها,0
@westen102030918 @Kh111R @CoOoD7vib @AJArabic ذبابه متحمسه عندك رقم وظيفي والا تحت التدريب   😂💔,0
* ايموجي يتفل * صار أمنية من امنياتي🌚,0
"يا غيم اذا شفته وهليت دمعك
سلم عليه وقلّه إني أحبه ♥️♥️",0
"اللي قلبه ""رهيّف"" لا يشوف المقطع ولا يشوف الصور ! 

تدخل شنيع من لاعب غوادالاراخا بريسينو أشبه بطلقة رصاصة على ساق جيوفاني دوس سانتوس في ديربي المكسيك 🔞 https://t.co/zYfzysNJGB",0
هل بوظبي ممكن حد يفيدنا 🤷🏼‍♂️ https://t.co/Gs3J8OlnOw,0
@abofahad1368m @MnbrAlhilal الدلاخة متأصلة في الفقراوية اللي مو راضين يفهمون ويرون الناس بعين طبعهم؟,0
"اللي يترحم علي صدام ..!!

هذا يدري بانه علي باطل ورغم ذلك يترحم عليه نكاية بالكويتي !!
نفهم من هالشي بان صدام مجرم واللي بترحم عليه حمار",0
@Raashid_ @AhmedJuve_101 @sharjawyCOM لكل شخص وجهة نظر وعليك تتحملها عمي بوسالم الله يوفقك اللي تعرفه خله لك 🙏🏼ارحمونا بتغريداتكم 💙,0
@abomaisam3345 @A_AlAthbah اقول تلايط يادحلاني تخسي انت واشكالك ومعازبينك ياصبابين القهوه بتركعون لاامريكا عمتكم,0
@MubarkNaif138 صصصح السسانك يابو نايف ويستاهل ابوبدر😘🌹💐,0
"@al3eemeya يمه  فدوة لو تشوفين إيديات حفيدي وهو يسويها ودچ تاكلينه
😍❤️",0
"*عزيزي المتسوق*🎈

تذكر أن شرائك للملابس الغالية جداً
لن يغير ملامح وجهك😬
الزين زين و الشين شين‼",0
وهو. يقدر يقووول لاء @ ل تجره من اذنه 😜 https://t.co/wqtqYCeRR2,0
#كلكم_كذا_ولا_انا_وحدي ما أحب حد جنبي يتكلم بصوت عالي احس كل الناس تطالعنا🤦‍♂️,0
"#شعب_المملكه_ينبذ_الليبراليه
لنا عبره في الدول المحيطه بنا اللي انجرفت خلف دعوات  #الليبرالية  وين التطور فيها مثال مصر اول القرن الماضي 😊",0
@abqatar دول الحصار طاح حظهم على بالهم قطر سهله ان شاء الله بيجي اليوم اللى تخضعهم وتكسر شوكتهم  بعدين هالخمه الدب الداشر #مبس ومحراث الشر  #مز وحمادوه سلندر مالهم داعي 🤗المفروض تميمنا🤗 يحكم الخليج هو الشخصية اللى تستحق تقود شعوب دول الحصار😊,0
@ml800l ههههههههههههه عاد وانا اختش 😂😂مكتوب ومقدر حنى نقدم اللي علينا والله ولي التوفيق الشكوى لله سبحانه مختبره مرتين وطالعه ضامنه وفي الاخير اتفاجئ برسوبي,0
@mohamad_alazab @uSeR_22 بو لورا مانستغني عن توصياتك علينا والكرنيشن ألماني اشوه مو دنماركي ولا ايراني 😁,0
صديقك المخلص هو☝ اللي إذا شافك واقف مع ناس يدري أنك مو بالعهم .. يقولك تعال أبيك بسالفة☺,0
"لاصرت مستانس وعايش حياتك
فلا عليك من العرب وش يقولون !

إكسب رضا والديك وإحفظ صلاتك
مالك ومال الناس صاحي ومجنون!!",0
"حبي لها من اجلها تعيش واعيش
لو نفقد اللي بيننا كان متنا

اذا تواجهنا سواة المعاطيش
لو السيوف أتحزنا ما التفتنا

يا اللي سألت وقلت كثر الغلا ليش
بلاك ما انت بعارفٍ سالفتنا

#المهدي_تركي",0
@abdulrahman ماتيون الا بالعين الحمرا,0
@iZwaya لو فيه شخصية وله راي اليوم بيستقيل قبل باجر,0
اشتقت حق اللي يقول مو برلمان لا الصح بارليمون ياخي والله كان يونس,0
@afrr6472 صحيح بس احنا درجة الحراره توصل ٤٧ و الاحساس ١٤٧  صدقني خصوصا الظهر,0
@Michele4u أصلا حنا عايشين ببريطاليا وش يجيبك لنا 😎,0
هالنماين المُشفق عليها حاولوا يصيرون كُتاب ماكو فايده ، إعلاميين همن ماكو فايده ، يناطحون الكبار ويلصقون فيهم ماكو فايده .. صج شي مقزز وايد .. نصيحه لوجه الله خلكم بالطير المدلقم وغردوا صباح الخير مساء النور ومن هالامور اللي على قدكم وااايد ابرك,0
يستاااااهل أضعاف الرقم ❤️❤️ #سعد_الحارثي_16k,0
@kurbaag يمتنع عن اكل المفاطيح 3 شهور والحلويات 6 شهور  ويترك القهوة العربية نهائي هذا يسمونه ياكرباج باشا  اعدام غذائي,0
طبعا عادي الكل ينتقد التشكيله حتى بو ما جاله شاف مباراة فدورينا. https://t.co/j6B7c6x9Sh,0
@KH__G اليوم حصَّلته وانا ارجع احد الدوائر الحكوميه والله ما استحيت نزلت ومجعته من الشير رديت وركبت سيارتي   الصراحه لو شي ثاني عادي بستحي انزل بس السالفه فيها لوز خلي الحياء طشونه على صوب خطير بس ما بقول اَي دائرة  عشان محد بسير يخلصه   من الشير 🤗 https://t.co/qiVFeWu7Vm,0
"ياقلب لاتشكي من الحب حسرات 
ياقلب خلك في هوى خلك مطيع
#الحب لازم  فيه #راحة_وشطات 
اصبر على الكايد وكثر التوجيع.
#علي_بن_روغة✌🏻 https://t.co/uVyvNrcDXS",0
@Bnt3fash تلحقي توكل فكري والله ما عا نكون نقدر نكلمش حتى الكلام 😂,0
"@smralmazrooei1 الرحيل غايه حاسبها من الاول
علاقه يمضيها معاك ومع غيرك
يقولك كلام الامس اول تحول
ضاحك عليك والفراق مصيرك

الشاعره الحمدانيه🇦🇪🇦🇪",0
@shamsi_16m2 الله عليك ياسعيد ابداع🌷,0
@PNowi @Ahmed911__ @moosasolo @uae_love40 @shanaab2 وانتي لبنانيه ليش داخله بين عيال البلاد,0
@tCc3w8fx7kYU8Ib @albaderqtr123 الس يضربون شكلهم تايلنديون .. لأنهم طالعين من سبا مش مطعم .,0
"لا تجبر الناس على وصالك من بغاك تعنالك""🎼",0
"إنحذف منكم عريبين الخوالي
     وتجدعون  معرب الجدين منا

.

ياطيبكم ياعتيبة وياكثر غلاكم",0
"@freekuwait28 @mnoolaq8 @meshalzaid_ انا كويتية وعيالي بدون
وينطبق عليهم كل ما ينطبق على البدون من عنصرية وظلم

والله لا يبارك بلجنتهم المختصة على قولتج",0
"صاحب الأيادي الكاتيوشا ابو 40ماصورة 
󾌰󾌳󾌰󾌳󾌰󾌳󾌰󾌳󾌰󾌳󾌰󾌳󾌰󾰀󾌰
صلوا على رسول الله وقولوا ماشاء الله http://t.co/bEHjZaIPo7",0
@BaderNasser_ @ah_moosa الإماراتي اذا سافر ماله نيه يروح ويحرض وينشر الاٍرهاب مع ايران عكس بعض ناس 😎 وصلت👌وبعدين امر حكومتنا ونحن عاجبنا انته ليش زعلان😂😂,0
انشغلنا بموضوع عدن وإلا كان رحنا عرس عرسين https://t.co/aeHvZxJ8k3,0
@kuwaitq81 هذي ماخلصت من هالسوالف☹️,0
@homeless1973 احلف انته مستحي حاليييااااا ارجوك صور سلفي بجوفك و انته خجلان دي ما بتتكر مره فانيه 😂💔💔💔,0
@hbahroh وهذا الفيديو بدزه مرة ثانية مخصوص لك عم بو احمد 😁 https://t.co/6n4jsioPrM,0
"@dswrggdhjvve325 نعم انه كله بعدين🌚💔
قولولها كلام حلو مسكينه😂😂😂",0
@Um_Ali_973 @waseem_yousef افااا و #عيال_السيسي !!! 🇪🇬,0
"من زعلك في عيونك السود نظرة 
لاشفتها حسيت بالحزن والياس
من زعلك طاحت من الليل قمرة
خلا الطريق من المواعيد والناس
حبيبتي أرجوك في القلب حسرة 
كافي زعل أشغلت الفكر هوجاس ،،،،

#بدر_بن_عبد_المحسن",0
"شمس ﺎلعصر حانت على وقتنا تغيب /
 وردت علـى صـدري عـوﺎيد سهـومھہ
 
يا ﺎللہ ياللـي عـندک ﺎلسـر و ﺎلغيب /
 تفرج لـ عبدک قبل يكـشف علومھہ",0
"@lawyer_farhan 

ياهلا بالغالي عزالله أن يستاهل والله🌹🌹",0
وين بيسير المسؤول الاول .. بنشوف المباريات الياية شو بيسون 😂😂 https://t.co/UzVc3OHHyk,0
@beoutQ_2022 @saleh_aljumeri دام انكم مب ناقلين الوديات مباشرة ليش تحطونها إعادة ؟! 🙂,0
@SH76xi شكووو مو قصده . انتي سمعتي المقطع تري قال خريج هارفرد ويقطونه بالجهراء ظلم _ ماتترقع تري,0
@uae_3G موت في غيضك وخلك يا حسود 🇶🇦🇶🇦🇶🇦🇶🇦🇶🇦🇶🇦ونقول للعالم كله كلنا تميم 🇶🇦🇶🇦 اما حياة العز ولا بلاها,0
"من اليوم ورايح مستحيل أتريق في مطعم

عسى ماشر حلوم على بيضتين على أجبان على حبتين فلافل على قلاصين حليب ب 14 دينار",0
@esaahamdan ومن يهن لله فماله من مكرم,0
@ALHAMMADYMOHD @alawani على كلامك هذا،اللاعب الي يأخذ منشطات لازم يتعاقب النادي معاه لانه ما فحصه!!,0
"@salahalmutawa أنا معاك يا خوي صلاح .
القادم افضل ان شاءالله",0
@H_AlMoosawi ☺ صباح الورد يا ولد العم ♥ واحلى نشاط في شهر رمضان,0
"#بنك_الرياض_يسي_للقبايل
اعلان عنصري وقذر جدا
يجب ان يحاسب المسيئ",0
@ghasaqu ماينفع معاهم الا التشهير,0
والله ننحن اللي تفسخنا https://t.co/00gxf3BVgL,0
وش ذا اللعبه اللي كل الناس يلعبونها واسمها بوبجي؟,0
"@osamah7777 @younis_alfaqih  
 لخويا هزمنا على الاقل وهو رجال 
بس هزمكم يوم كان طفل 
😂😂",0
آلنآس تعرف تلومگ على تقصيرگ بس مآتعرف تشگرگ على جمآيلگ ..♥️ https://t.co/Kz3okalbFW,0
@bint_elderh1 هاذيله اللي يصنعون المتفجرات ويخططون للأرهاب المفروض مايطلقون سراحهم ويخلونهم يخسيون في السجن مامنهم فايدة آيران غاسله مخهم,0
@alnafaiei1 من اللي دخل الحوثي صنعاء ؟ من اللي عالج صالح يوم جاته الجلطة قبل لا يقتل ؟ من اللي دعم الحوثي عشان يدخل صنعاء ؟ اذا بتحل مشكله ابدأ شوفها من اولها وبعدين بتعرف شلون تحلها,0
@MahraProud @el3azy22 @marwan54531449 @alzaabi6060 @Bo_nhyan_ ليش لا للمسانده،حريه شخصيه ما اختلف فيها معاج،ولكن ليس لاجتهادج العملي الشخصي هفوات،ارى ان الاداره تعمل وتجتهد وكل اللي بإدارة الوحده وحداويين وليسوا بدخلاء عالنادي،اللاعبين خذلوا النادي بتدني المستوى سبب مهم في اللي صاير،وهبوط المستوى اصلا عام ع كل الانديه والدليل المنتخب الاول,0
@_vega66 اي شكله حلو ويفتح النفس,0
"نعيد حلقة اول يوم العيد ..
نسلم علي اللي نعرفهم جنه ما نعرفهم..
🌹🤣🤣

 #2018 
#chocoo78 
#اعلاميات 
#فاطمة_العلي_البحرين 
#تجربتك_مع_بنت_العلي https://t.co/mO8mF0qMxE",0
"انزين بخلي دزيكو يشوت البلنتي
واذا ضيعها عادي متعودين عليه واصلا جماهير روما يسبونه بسبب وبدون سبب
بس ماله داعي تخلي فلورنزي يشوت عشان يزيدون عدد اللاعبين الي يسبونهم الجماهير",0
اجازة غريبه م ندري حنا مبسوطين ولا طفشانين بس ننام ونصحى وندوّر أكل.😂,0
@qais911q قصدك مشجعي ابناء سيريلاك وحليب نيدو 😊,0
@Ninoshaw أنا أتفق مع فكرة السفر و أهم من مصاريف العرس المبالغ فيها.. بس مب الكل عنده القدرة يقضي سنتين من حياته سفر.. هذا القصد..,0
طرد للاهلي . . حظ زوران يشتغل 🔥,0
"وزير الصحه سؤال من فضلك 

س. ليش مريض الكلى بالكويت عنده فرصه  وحده للزراعة وباجي البشر فرصتين  بالكويت وبديرتهم ؟",0
عين من شافتك صارت ما تشوف غيرك❣,0
@yslqas احنا تبتسم يقول عنك ما تحترمني,0
@bo_fisel_22 ما يحتاي تحلف بو فيصل مصدقينك 😀,0
خويك.. ثم خويك.. ثم خويك 😉✋🏻 https://t.co/AjRiWftenq,0
"'
جھُـز حـزامك والۆعـد دۆم قدام
خابـرك فالجنوب كل دربٍ تدله 🔞 @ طعس العطيه http://t.co/CrA7j2ItnJ",0
"@SalehBinSaadALD @RaybalQatar اول مرة اشوف واحد يقرأ قرآن وهو معصب ليش .. 
يوم انت مو كفو قرائه لا تتمصخر على المصحف ..
روح العب تيله .. يقولون مهدئة للأعصاب .. 😂😂",0
@_yes_04 @AMKalmohannadi الشيخ من قالك اني حافظه تاريخ العالم انا علي من بلادي ليش دايماً تحبون تطلعون العيب ف الناس بدال م تعدلون من نفسكم؟,0
@qat4400444 جلسنا بعدها بدقايق قال العسكري ترجعون الدوحة ليش و ليش قالو اوامر من فوق ومافي ايدنا نسوي لكم اي شي الغريب في الامر حصلت واحد لابس افرنجي واقف عند العسكري قلت في نفسي وقطري لابس افرنجي ومسافر في دبي غريبة قمت ورحت وقفت جنبة اتضح انه من الجنسية البنانية مقيم بالدوحة يتبع,0
حـظ من صبح على / الوجه الصبوح                 و( العيون السـود ) قاتلهـا النعاس   نظرتك تبري من ،، جروحـي جروح,0
@KamelAlkhodani متى عديتهم يعني مافيش كسور يانغل,0
"-

اتابع سناب عتيبة والتبريكات لضباط القبيلة المتخرجين ..

الذيابي الذيابي الذيابي الذيابي المورقي الذيابي الذيابي الذيابي الدعجاني الذيابي الذيابي الذيابي المقاطي الذيابي الذيابي المغيري الذيابي الذيابي الذيابي !!

الظاهر ماباقي ولا ذيابي الا دخل الكلية ماشالله عليهم 😳",0
"الاداره الحالية حالفه يمين انها ما تطلع 

والشعفار لا حول له ولا قوة 

ورمستكم ما منها فايدة .. https://t.co/GSeUsWj3TL",0
حارات صنعاء حجارها عمرها مئات السنين مليانة دفا و حنية .. يسعد صباحكم ❤ https://t.co/9MvtdtuZVW,0
"#الاتحاد_الهلال_الدوري
الشهراني يبي يسجل وضيع الفريق؟",0
@QDiar @JBT_86 لا ياخوي اللي عنده رقم مساهم اموره طيبه المفروض,0
@me2_44 @Hai0na @alsarm_albttar @ahjh_althani يامسكين تكسر الخاطر قبل قلت لك تلايط وتلايطت لاتعلي صوتك كان فيك مرجله روح دافع عن ارضك,0
"@OMSB_news 
ماشي راتب بأيش نسجل ???!",0
@thmure1212 تستاهل الطيب ي نهار,0
@fk090 @Turki_alalshikh هههههههههههههه لا وسجلها هدف يا حبيبي يذكرني بلاعب برازيلي مدري وش اسمه,0
بحضن زي مرابط وجيت على وجهي,0
@boazoooz55 حنا يالكويتين مالنا شغل بقطر عيال زايد ليش ماحضرو ليش ماحترمتو العود وقدرتو علي كبر سنه,0
"اذا شفت اعلان اكل
مسويه واحد ضعيف بصكه بلوك",0
"شوفتكم #فرحة_وطن
#الإمارات_للجميع_الشميلي https://t.co/PMVhIDazIW",0
@a_mohawed @kalawadh @zayed_alsalh @fanz_zayed_ حبيبي انته والله وتسلم ايدك علئ التصميم الجميل يا جميل 🌹,0
@P_ameerah اني اقول ارحم ليش لو ما تاكلينه لانه حتمال مني ل باجر يطيح عليه نيزك 😂😂😂,0
"الحين كل واحد يقط السبب على الثاني 
#ايقاف_الكويت",0
الاخ ناصر الدويله . استمر وماعليك من الحساد تراك انت الصح وركز علي الكويت وبس . وغير الكويت ......لا,0
"هذا اللي مو متعود يفوز بالدوري ! 
الجسمي شو ياك ترى 
العين فاز بالدوري مرتين متتاليتين مع كوزمين 
وثلاث مرات عالتوالي في بداية الألفيه https://t.co/qDoD2ZQZKU",0
اللي ما جربه خسران 🙂♥ https://t.co/DTzkqtLelA,0
@Zahir_Badar مشكله مال بلديه مستووين لازم تخبرهم وتقدم.بلاغ هم صح يتجاوبو بسرعه للبلاغ لكن ليش الواحد يضطر يقدم بلاغ كل مره,0
چتوري اغا خانوم🤣🤣🤣باد بخت https://t.co/vh890bf82Z,0
اذا الامارات عندهم دبي... احنا عندنا جمعيه مشرف 😂,0
@gsalghanim المباركيه بعد شي مو عادي الرخص مساكين اللي للحين يطلبون اونلاين,0
وانا الف النت لقيته هههه يبا يتزوج الكلب هههههه #الكلب_مبارك_الخيارين https://t.co/SuwgqkuVp9,0
"@Eays44 حيا بام الصبيان ما مسهرك للان
المطبخ مراعي لش يا ديه",0
@aliamirbutariq @fahad_alsulaiti صحيح ومعاك في اللي تقوله بس فقد هويته مع المنتخب كافضل لاعب ،، المفروض هو اللي يصنع الفارق مب اللي حوله,0
اللهم ارحمهم وارحمنا..واعد مجد امه صار مجدها ماضي يدرس,0
@ShOoNoDo اللهم آمين ولا يحرمني منچ عزيزتي ❤️,0
@Ahmad16339471 @UaeKitten @jaberalharmi هههه غصباً عليكم مش طيبا منكم طلعتوا😂 ؛ والله ظني هالخروج خير لأهل اليمن مش لكم والا معروف انكم من تكونون فمكان تلطخونه بأرهابكم وفسادكم👌🏻 ههههه اذا لعايبكم ماتعرفها بااااخودااه جي المفروض ارمس صح😂😂 قلتلك تكفينا شهادة اهل اليمن طبعا مش ربعكم الحوثيين😎,0
ششد حيلك  لاتدورلك اعذار ترئ ماتفيدك مكتبات حولي 😁😁🌹😁😁🌹 https://t.co/CILyJGF0yY,0
@Fawaz37825177 @QUD69cyWw7DNsie @QatarNewsAgency @H_alkhalifa الظاهر فيك ضعف فهم 🙏🏻 الموقع يعطيك من يوم سجلت فالتويتر يعني يعطيك كل يوم كم شخص ضافك وكم شخص الغاء  الاضافه 😪 يارب يفهم,0
@KH_KDK ما شاء الله عليها، والنعم فيها وكفو عليها والله، والله يحفظها لكم ويوفقها ومنها لأعلى المراتب يارب,0
"@h_a_alhmeedi الشاهين حر ما يعرف العار
اما هذا رخمه اذا مب دونها",0
@hassanalishaq73 توهم كانوا يدقون سلف😂,0
@Daneeda_t طلعي الجو حلو سوي بف وتوكلي على الله,0
"@tayseerrashedan كلنا مستائين مثلك لكن ماهو الحل؟؟
المشكله الفساد وصل للناس اللي مفروض يدافعون عن الناس اللي اوصلوهم لمجلس الأمه ويعملون على التعامل مع استياء الأمه",0
"""والجروح اللي على القلب مرّن واركزن 
سمّح الله درب طعّانها والله عليه """,0
@5Gm7m2ilE6Fwify من اللي شفته ما اظن,0
هذا بعد شكله خوش لاعب جان يبتوه مدام رايحين رايحين https://t.co/rvgdxmUxGt,0
@snq84 @BoNori_84 ولو تفتح ملفاتهم هناك يطلع عزه الدوري يصفق,0
"@Dhahi_Khalfan ويمكن يطبّع المحمل 
وكلنا الخسرانين",0
"لو منيف الخمشي لاعبين في الشبة حقته
كان ذبحهم و ما انتظر الإدارة
#همثون19",0
"صعبانيات صعوبات الجواز في مصر والافلام اللي بتتعمل عليها مبقتش تخيل عليا
مين ده اللي مش عارف يتجوز؟ اومال مين اللي وصل مصر ١٠٠ مليون وبيخلف عيل كل دقيقتين؟",3
@bo_jabr_Al_KLd @n7m7 @sult340an @Dhahi_Khalfan اسمع ،، دبكم الخائن انا متاكد ان وجهك بينصلخ ودخل نفسك تقول وين ودانا هذا الغبي وخلانا ند للسعودية والامارات. 👊🏻 https://t.co/U07QWYtPbM,0
@QNBGroup البنك التجاري هو الوحيد اللي يعطي  قروض,0
@ALSHAHEENNN @Manama9200Ahmed @alzeen1122333 @AyshaAlzeen @hamdolla120 @JihanMohammed1 @Salah65729413 هههههههه اي والله كانوا يشنقون اليهال مساكين,0
"#لشاعرها 

يـاليت أقـدر أدخل قلوب البشر 
وأعرف يآ صآحبي مكانتي فيها
يمكن  أحد يعزني وما عندي خبر
ويمكن ناس أحبها وأنا مخدوع",0
@beroo007 البلطان نصراوي مافي مقارنه بينه وبين الهراج ابد,0
‏​‏​لله در القلوب اللي على الفطره    يفوح منها النـقا لاكثرت القاله   ولله در الكبير السامي بفكره    اللي علوم الردى ما تمر في باله,0
"#الدكاتره يركضون في المنهج وما تسمع الا كلمه ""متأخرين""شلون لحد يسألني 😶😓...",0
@kuwaiitiq8 ما عليكم زود يا الغاليين,0
"@gl35tpnDuDrCTZZ صحيح ١٠٠٪
لكن من أعمى الله بصيرته، لو تقعد تشرح له لين الصبح مافي فايدة!",0
@tafhi18 @YouseTamer @EdyCohen @MarzouqAlghanim والا توك جاي للكويت؟,0
"@Ran2981 @VegiAlaa انتي هره
هره انتي
يهودي يعلم حكوكيه انها خرره🤦🏻‍♂️😂",0
"تشبهين الغيم ، وانتـّي تضحكين
نيتكّ بيضا ، وضحٰكاتك مطرٰ 💜",0
@kalshinaify وانت طيب وبخير وبكامل الصحة والسعادة ياررب🌺,0
@Almajlliss بالضبط !! شوفو شنو مسوي الي حكمو له بكل هذا شكله يايب العيد 😂 تسنعو وبعدين معاكم ؟,0
"@mhduob97 @Rashidkhalid_4 بعد اشتغل من وقت برذر
عندنا دراسات نسويها احنا بعد.. 
من شهر ١١ نشتغل شوي شوي
التسليم الاربعاء، امس مخلصين كل شي 😌",0
"@Khaledathoughts @BinFaj7aan @saudalmukhled عاد اللي يتطاول على سعود هذا وقح ومايستحي
بالذات سعود خلوق ومهذب
ناس ماتتقبل الراي المخالف لها",0
"#دوري_ابطال_اسيا
#كل_قطر_معاك_يالغرافه 

مع ادارة النادي الحاليه وفكرهم وتخطيطهم وفشلهم والفريق فالمركز الثامن 

فالحضور للمباراه بالنسبه لي مضيعه للوقت 

خلونا فرحانين بكاس اسيا

 بعيد عن الغرافه وعوار الراس مع هالاداره اللي مب راضيه تستقيل 😅
بلاغرفاوي بلا بطيخ كرهونا بالنادي!",0
"@A3M4E 🙏🏼❤️يابعد قلبي إنتي ربِي يسعدك 
ربِي يختار الي فيه الخير 🙏🏼",0
من يريد الشهره فيجعل نفسه خبل,0
@Bin_Misned يقولون انهم بيفتحون الحدود 🙈😩,0
"الطالب أول ما يدخل قاعة اﻻختبار
 يجلس نص ساعة يدعي ويستغفر 
بعدين يطلع البراشيم ويحل ☻ 

 ^ حتى ﺂلشيطان ينصدم=D",0
"مبرووووووووووووك .. اي شي 

 #احلي_كلمه_ودك_تسمعها_الحين",0
@hamood_9h @Faresalsalamah @Mbalrkhis @FarisV99 مبروك  من بعيد محد عزمني,0
"كل اللي قاله عن العمليات المشتركه في الفيديو عوي. ولا يتعدل
#القطاع_النفطي",0
@Abdulla65279727 @alibazi2 @AAA_Althanii عين خير عين خير ياعبدالله والأمور تبي تزين وأنا أخوك ونترك الكلام اللي ماله داعي,0
@me2_44 @Hai0na @alsarm_albttar @ahjh_althani والله مانت رجال ولافيك ذره من رجوله مارتجي من حكومه يحكمها محمد ودحلان ودليم الفلس اجزم انك منت سعودي اصيل ولا اقول تلايط يادليم,0
"ماني مفارق صفحتي دايم الدوم
والله  لخليها حروف  ومعاني
مادامني  معطى ولاني بمحروم
للشعر قصد ومقصده هو زماني

مساء الخير❤",0
"لا شفتها 
قلّبي خفق عُمري نطق ردد بِنشوه اسمها 

#waycoolshots #insta_souls_features… https://t.co/vLzXRFL9il",0
@futuae موول ماعرف العب ديفنس هالمصيبه 😔 بس انصحك تجرب فيرون خيالي 👌,0
@KingArthur_09 @29Mah @tazwina7 لولولولولووووو لووووو يالله ولووووووو جمالوووو ولوووو يااا الله ولوووو لولولولولولوووو🚶🏻‍♂️,0
""" القبس مالها طعم اليوم لأن هذرتج مو فيها"" احلى مسج وصلنى اليوم شكرا من القلب اسعدتونى عسا ربي يسعدكم .. ما عليه مآخذه إجازه وراده لكم بأشياء وايد يديده ومفاجآت بالقبس عجيبه .. نطرونا",0
"ان كان تبغى الصراحه لاتجامل احد
والكلمـه اللـي تجـول بخـاطــرك بدهــا
مجامـل النـاس تالي لوقت دبلـت كبـد
خلك مـع الحـق لامعهــا ولاضـدهـــا",0
@dalah78 بنيان حي يرزق بس اعتزل الغناء وهو متزوج وعنده عيال واكبر عياله فهد,0
شالمشكلة اذا المحل حاط جهاز دفع بالبطاقة ولين ييت ابي ادفع ينصدم ويقولي ماعندك كاش ؟!,0
"@HItPjA8qxT1wbck @mahmoudSy313 بالبدايه غيري صورتك هذي واحتشمي 
بعدين تكلمي عن حزب الله وايران والحوثي وعن الشرف والعفه",0
"يبه ، وحطبه
يمه، غمه
عمي، عمت عينك
خالي، تخلخلت عظامك
بطلع، طلعت روحك
بنام، نومة أهل الكهف
نعم، نعامة ترفسك
ونقول ليش النفسيات كاثرة😅😅",0
"يروح ويرجع البرد.. وتجي وتروح 
واحسّ بكل دفا العالم وانا اشوفك.",0
@itt_R @Tennis_World18 @NoleFan_Ar @EiadAkk @TennisInsiderAR نادال شنو البطولة اللي ما حققها ؟,0
@hialishaq @salman5956 طيب الاستراحات وقلنا حق أشخاص ولهم الحريه 👍🏼 امنا بالله .. والبنانا 🙂 بعشره وشي ليش 😡 مثلا عائله ثلاثه كبار وأطفال اثنين وشغالتهم لازم ثلاث غرف ولا بعد ما تدخل معاك شي من برا عشان تشتري من عندهم .. الأسعار اوفر,0
@alharthi36 صباح الفرح و الخير,0
"سحبو الكاس عن كابتن الفريق وفروه ورا
اخلاقيات الحمدين https://t.co/FzkLvlT0wF",0
"حلفت  ما أدوّر ورا الأنذال  شبعه 
لو إني أمسي فـ الخلا ميتٍ جوع 
الذيب ..عمره ما تعشيّه .. ضبعه 
عشاه ليلة  يكفي الضبعة إسبوع",0
"@a99a29 @salma197777 يا حمار تعلم تكتب صح 
ومن ثم تعال تكلم 

أيش هذي البهايم اللي تغرد 

حتى كتابة ما يعرفوا يكتبوا !!!",0
@0000mryo مجرد ماتسمعون بأسمه تتناقز بلوفكم https://t.co/cxOgsBkHga,0
صبااح اخرر يومم دواامم 👋🏻,0
​درَب ﺎﻟخطأ ، م ﻓيہُ أﺣدَ عنه ﻣ̉ﻌ̵̵صوُم     ﺎﻟگامل الله .. مآبہَ #ﺈﻧسان كاﻣ̉ل ♥,0
@6wee6er @m3aly_alwazera رفقًا بشيخة الصبايا بوزو ☺️ما تستاهل https://t.co/FYj0ovRp2V,0
@Sn3osy_VIP يا حبيبي يابو رويحل 🌸,0
@aml_1_1 وي ومليار قطر وينه طلعيه اشتري فيه 🌚💔,0
@Asilaaljabri لازم اوقعهم ع ورقة ولا ما يحتاج 😃,0
المليون طبعا بتكون من نصيبي 🙂,0
بعض الناس لين راحوا البلاد الي خبركم 👇🏼🤪🤪🤪🤪 https://t.co/RuY7lgzykQ,0
"@Ahmadanov @bahman89 
على كيفك انت وياه",0
ودي اتعاطف معاهم واحس في اشياء منطقيه يحتاجونها بعض النساء لكن كل ما شفت بذاءة لسانهم بالحوار اقتنع انهم يهال مدلعات تربوا علي يد خدم وما يبون الا الخرابيط 🤷🏻‍♀️ #حقوق_المرأة_القطرية,0
"كذاب من يقلل برجال أبناء محافظتي  اللواء الأخضر  
واحد يقول مرق واحد يقول منبطحين  لا تعمم  أصحاب المرق موجودين... https://t.co/fmcWddPVM3",0
#تعال شوفهم بالمساجد ملطف الجو والخلطات يرشونها ديديورنت طبعا شفتهم بعيني وبكل مسجد أي شي بلاش يستغلونه ابشع استغلال والله لعبوا بالبلد وجودهم مافي لا خير ولا بركة https://t.co/F5fs1YPxiv,0
كلهم كبار سن .. ما آمون عليهم كثير. الله يحفظهم.   #من_تحب_اكثر_خوالك_ولا_عمانك,0
@WasmQatar1 طلعت اشرب شاي وارجع قبل الحظر 😂 https://t.co/F74JjKNOy7,0
#مجلس_الامه ياخسارة التصويت ياخسارة الكرسي الاخضر,0
كارفخال ضايع الله يستر,0
"@Abdul_Rahman_01 

ههههههههه يصرف ابليسك 
ضحكتني وأنا معصب 😅😩😅😂",0
@akmsh99 اخوي يمكن حسابك مو محدث اعمل تحديث للحساب لانه بستمرار التويتر يحتاجله تحديث,0
هذا رايح المالديف والا نايت كلوب https://t.co/4dGjw0D5SH,0
"@Raval1110 عدد البنات في سن الشباب اقل من عدد الاولاد  !!
و فوق ذا يجيك شايب عمره ٧٠ يدور بنات ١٥ سنه !!
😂😂😂😂😂😂 امنعو التعدد عشان تلقون لكم حريم",0
في مطار #جورجيا جلس جنبي شخص ملامحة واضحة عربية سلم ورديت السؤال وبداء بحديثة معاي وقال موظفين المطار نفسية ورديت علية قلت طنش ياخوك وسالني من وين انت قلت له من #قطر وعلى طول قام من عندي وراح انا طبعاً الف علامة !!!! وقمت ولحقتة قلت شفيك يوم عرفت اني #قطري قمت من عندي ورحت في شي؟,0
"لا تعاتبني ترى الدنيا سعه
والليالي مثل صكات البلوت

حب غيري بس باأحبك معه
لين ربي يقلعه  وإلا يموت",0
جاب العيد فيهم سفير امريكا ... #ماخفي_اعظم_الجزء_الثاني https://t.co/fIkVlvgf4s,0
@Abdulahalsalemm كفو يا بو زياااااااد,0
@OMN_4 الله يحفظكم وبلادكم ويديم عزنا وعزكم والخليج كله 🇸🇦🇴🇲,0
"It’s not necessary To Deliver your massage by Words .. you can deliver it in different ways ..  

#رسالة_بحاجة_لترجمة 
#جف_القلم",0
@Alkuwari09 من صجك يستقيلون صعبه يبه,0
أتمني من لاعبين العربي الزلم انهم ما يفكرون بالمخانيث اللي يرقصون ركزوا بالمباراه احنا أقوي منهم شدوا حيلكم يالربع قاعد يحاولون يضغطونكم,0
"@Dr_Humd اصلا ملينا من مشاهد الكره والمنتخب الفاشل 
والاتحاد اللي حالف يمين ما يستقيل حاله من حال اداره الوصل المنتهيه صلاحيتها بس مجبورين فيها 

لعيبتنا الطموح عندهم زيرو طالما معاشه ماشي من ناديه ومحد يحاسب ..",0
@Zezo_rmd @JIH_RMD امييين ولا منك والله 🌹,0
نقاش جميل وراقي يعطيكم العافية https://t.co/xXvQOk8PVf,0
"@topkwt_ 
هالشيله وايد أحسن و أفيد و أقرب للمتلقي من قصيدة (بنت يعرب) اللي يدرسونها في مدارسنا وما فيها ولا قيمه تربويه ولا أدبيه !
صح لسانه",0
@i1Ptr عندها سفاره تشتكي فيها,0
"حتي بهاذي العرب خلوا اسرائيل علي جنب وتقاتلوا مع بعض كلن يحط السبب علي الثاني!!
هذا ضعفنا وتخاذلنا اللي تكلم عنه رسولنا وقال اننا كثير كغثاء السيل..تري عدونا واحد ركزوا عليه مب علي بعض!!! #القدس_عاصمه_فلسطين_الأبديه",0
@Abdulkhaleq_UAE حد قالك ان قطر دوله بوليسية  وعندها قوانين منع التعاطف ؟؟,0
@araaaatv ما اعتقد هذا بالسعوديه  مستحيل كلها اشاعات,0
@khaledaltahoos للامانه هذي اكثر لقطه تضحك بتاريخ الدوري الكويتي 😂😂 حتى حكم غولف يحسبها,0
عيني ترفّ طول هاليوم، إيش السالفة ! 🙃,0
"@STCcare اقصد عروضكم تشمل مكالمات وانترنت
انا احتاج مكالمات فقط بدون انترنت",0
قمة الوله يومّ تقولين - إلا بزعل إذا بتروح عن عيني وترحل  إلا بزعل واتوه بعالمك وأمشي ولا أوصل,0
@Salah65729413 @ALSHAHEENNN @alzeen1122333 @hamdolla120 @Manama9200Ahmed @jameelabh8 @layla_buhazza @AyshaAlzeen @sh411637 @JihanMohammed1 عيدك مبارك الوافي وايامك سعيده https://t.co/4VhrHZ82yP,0
@sultanAlamri15 @3alyoum سدوا القبايل لاتدقق ههههه,0
@hgalrashidi @DrIbrahimdashti مو قبل .. قبل شهرين عطوني اقنر بالروحه والرده بس هالمره بخيشة عيش,0
"@O_Alkhashram الله يهديك بس يا أخ أسامة , هالأشكال ما اتَّرَافَجْ ! , مو من مقامك ! .",0
"@jlaad5 @_AboMrzoq الحمد لله اذا النصر عنده هالقوة يفرحنا ونبي نظف اللوبي الازرق الي مسيطر على الاتحاد سنوات 
الله يقويك وينصرك يالشامخ على الطواقي الزقاء",0
"@AliGhamdi2 @Hazem_Janahi آآحـــب الصباح ❤️☀️🕊
#رابطة_عشاق_الصباح",0
@Mi_Amore_Qtr @memaldar ههههه متحمس خده المشكله لاعبينهم اهم في الوجه هههه اخلاقهم,0
@RMTH99 صح عيالنا لعبو و ما قصروا 🇧🇭,0
@AlhabsiKhalid @YouTube بعدها ، تحتاج مراجعه أتوقع,0
والله أزعل لما أشوف ناس أعزهم عايشين في كذبة. المشكلة انهم عارفين واحنا عارفين والجيران عارفين.... بس محد قادر يتكلم💔,0
@Fatima_az90 @mujeedom للاسف الكثيييرين اللي معهم مؤهلات وفي اللي معهم اعلا واكثر لكن محد ينظر ليهم وسنوات عمرهم فالدراسه صارت هباءاً منثورا,0
@ScarletBlink الحجم بالأفعال ومقارنتكم بقطر نعتبرها اهانه ومانقبلها منتو كفوو لنا,0
@3m0r_9 @s_alktebi وصيف العالم من حقه,0
@jboooa @SFM_543 @maem2323 @nuoof23 ههههههههه تركي قسم بالله انا عند الحلال ترا الحال من بعضها,0
"غلطت والغلط فادح 
توقعته بيوم مايهجر
لكن غدره لي واضح
بلحظه عالجفا قرر 

#سمر_البحرينية🇧🇭",0
"احد والفيحاء الجولات القادمه بيدخلون
على الخط مع الاتحاد والباطن والحزم ،،
فوز التعاون بيخليهم يرجعون للدوامه
المرعبة والخطر بيكون اكبر",0
"@mgghjjjkkko @majidaa29 هذا وقته الثمين في الإذعاج.  نصيحه عطيه حظر وإلا غيري رقمك احسن ولازعل قولي له 
احسن مادامك زعلت وعمرك مارضيت !!",0
في شي اسمه دهان سير في الجميره...والغاوي ينقط بطاقيته https://t.co/OCe4FM6LOd,0
"-

الطيـب مـاهـو سلعــه عنـد بيــاع 
اليـا بغيتــه من رصيـدك شـريتـه 

الطيـب بـذر نـابـت بيـن الأضــلاع 
يمـوت فـي قلبــك أذا مـا سقيتــه",0
"ما استحمل بني ادم
ريحته بالوعة
يا اخي تسبح 
تنظف
مي حاله هييي",0
@secularistegypt اربع خليلات ممكن واربع زوجات مش ممكن,0
@fahad_alain والله نعرف خلاص لا تكتب شي 🤣🤣🤣🤣🤣🤣🤣,0
"من صار كاريدج وطلبات وانه ادفع ولا ادري بچم !!

الحين اطلب بالسيارة الا الحمص بدينار 😳!!

ما كان ب ٤ ربيات !؟

رجعوني الكهف 🧙🏻‍♂️🧙🏻‍♀️",0
"@KasekYaWatan @AkhbarAlkuwait 

مو بروحك
الله يشافينا كلنا",0
@mahaAlnahdi0 هههههههههه ايشبها😂واصله معها,0
@alsfah94357770 بيص ألله وجهك على هالكلام الطيب ...,0
@faielsof طيب روح البيت وارفضها مع نفسك 😆,0
@JBT_86 شكلك اخر شخص راح ينزل له نحاسه 😂,0
"@Sageralyaseen هذا سول لاب ؟
قاعد ادور هذا https://t.co/oW8l2VVjZI",0
"الحين ابي اعرف الشهر اربع اسابيع صح؟
صح .. طيب الشهر 30 يوم صح؟
صح .. انزين الأسبوع 7 ايام صح؟
صح .. طيب 7*4=28 مو 30 صح؟
صح .. اوك يعني الاربع اسابيع مب شهر 
وشكراً 😌 https://t.co/ZgQSxNoaH1",0
شو هذي الأمراض الي الفنانات يقولون عليها وأنهم انتصروا ومااعرف كلام كثير وبعدين تشوفهم على المسرح 😨 انا صداع يخليني أسبوع ما اشوف جدامي😟,0
@dsmaan77 @MangafCity @Magoo_Q8 @HBuyabes @janoubalsourra_ @Below19 @ShMaTq8 @cnnn2 @Komsry @bof9laa @eKtwary واضحه الصورة مخرج ومدخل فرعيين للصباحية دون الحاجة لدخول الدوار,0
@ALSHAHEENNN @alzeen1122333 @Manama9200Ahmed @hamdolla120 @Salah65729413 @AyshaAlzeen @JihanMohammed1 لان صارت بالليل الموظفين محد,0
@mohammedawaad ماعني كنت احبه اكثر لاعب تضايقت عليه لانه طلع اكثر من الاسطورة كريس للاسف ابوه كان سبب في تدمير مستقبله,0
"مليت لوصلك أنتظر ،،
وماعاد لك عندي عذر ،،",0
@38GdaOywNRMWSo0 @JoaanBinHamad الحمدلله ربي كريم وان شاء الله ما بيضيع حقنا من كل من ظلمنا.. و اما كلامك فمردود عليه احنا نسافر ونروح ونرد ونستقبل الجميع و دمحد محاصر الا من تم منعه من حتى التعبير عن مشاعره 🙂,0
ما يهزك ريح يا @nhk13,0
"#خلو_سينماهم_تخيس
ردا على الهاشتاق الخطوة القادمة حظر نتفلكس 😁😁",0
@qatr_x @aj_alsaadi انته اخبر بغرف النوم مبين انك دون المستوى بلوك اسهل شي,0
@saalmanahmeed كان عندي قطه بس سكت ما قلتها 🙂❤️,0
@Dr_Ahmad_Nabeel حسب معلوماتي واسمحلي اذا انا غلط .. ان سموها درست ف كلية الطب ف فتره من حياتها ✋🏿 ويمكن الي سمعته غلط كذلك ✋🏿,0
@irvem_ @bahraini_girl5 @khm_qtr @ramalmarri @JoaanBinHamad صج اتفاقيه عيل بس الي نشوفه شي ثاني هم قاموا يحمون شيوخكم💁🏻,0
@salehMAlameri @kuwaitQ8Q8i @uae_3G مرة ثانية لو سمحت .. نوع الحشيش ؟؟ اقرأ اول سطرين يا ... محترم ، إنتوا استخفيتوا رسمي الله يشفيكم,0
@nwaf_d_a اللي حجزوا بس تسليمهم بكره,0
"وزارة التربيه
ترا طابور الصباح بالمدرسه مو من ضمن المنهج 
غبار وطابور والاهالي يبتلشون",0
@khalafawy_2050 كلمة العسكري وحده ماتتغير,0
#السومه_يبيع_الاهلي حريم يتكلمون عن الاهداف الحمدلله والله ماشفتها بالكويت حريم يحللون المباراه لا سعوديه بعد 😂😂😂,0
"أحسن جوار الجار لو كان يشناك
ترى العرب تحشم كلاب اقصراها

#بيت_يخلد_في_الذاكره  من ذهب",0
"#تطيب_واربح_BMW_الدخيل_للعود
#الدخيل_للعود 
بيرل",0
@nasir_alarbash يحافظ عليها ولي بغا يبيعها ،من حظ اللي يشتريها,0
"الناس ما تسقيك لا صرت عطشـان
و ما يشرب الظامي سوا من ذراعه
أضرب على الكايد إلى صرت بحلان
وعند الولي وصل الرشا  وإنقطاعه
عيبٍ على اللي يتقي عقب ما بـان
وعيبٍ طمان الراس عقب إرتفاعـه

عبيد العلي الرشيد الشمري https://t.co/q9ZuQtQM9Y",0
"ما اعارض انه لوكاكو يجي انتر مكان ايكاردي وسبق واني مدحت لوكاكو

لكن تجيبه ب ٨٠ مليون هني فعلا اعارض

اذا تقدر تقط ٨٠ تقدر تجيب افضل من لوكاكو

للامانه ٨٠ سعر مبالغ فيه

😞

#انتر_ميلان",0
@Fawazoalameer3 وألله يابو عثمان كل واحد ألعن من الثاني وأنا متنازل عن 10000 دك لغيري وعليه بالعافيه ..,0
"يتبع
صارلهم فتره وهم يتعورون بكل مكان والجاي افضل بأذن الله وان غدآ لناظره غريب. #عايض_القرني",0
"@5_soooom @bsamoo911 اعوذ بالله كان فقدتك
ترا واجد مسوي قيمة لنفسك.",0
@raadraa31887418 @Almajlliss احنا لو نستنجد بالشيطان ولا نستنجد فيهم الله يكافينا شركم,0
"يوم احضنتني دمّعت ، قلت : تبكين
قالت : اظن الدمع (أصدق وسيله)
ردّت ، وقالت : وش عذاب المحبين
قلت : الغياب !وفي عيونك دليله :')",0
@Turki_alalshikh الله يرحمك يا فيصل بن فهد..ليتك تجي تشوف وش صار بالرياضه السعوديه من بعدك💔,0
@mryoom_F_i انا اعبرلج عن امتناني بالشهر مره ❤️ تعرفين حق شنو 💜,0
@eklasi @AbeerSabt طالع من يتحجى، اكثر واحد ياخذ اجازات على كيفه,0
-   ماهويت غيرک ولا غيرک طرالي ، في زماني مكتفي بک وتغني عن بلد ؛$ ♥,0
@khalilalbalush1 مباراة ممتعه وراح تزداد متعتنا بلا شك بتعليقك للمباراة يا بومشاري,0
@i5ayya6 @Bnr__99 ان شاءالله ع طول جذي 😊,0
@3mania11 بعد 3 أيام يدربنا الجيش,0
"#جده_الان
#جدة_هواها_غير 

جده ويرتاح قلب وينجبر خاطر 
لا جيت في شارع الكورنيش يا جده

يطري علي الغيم والهتان والماطر 
واسترجع الماضي اللي فات من مده

غلطت غلطه اظنها غلطة الشاطر
ورحلت عنها وجات الصده الصده 

#مهدي_بن_سداح https://t.co/BjMNGHBJJA",0
@ADPoliceHQ اذا تركت مسافة لو متر ، دخلوا جدامك ..... و لو ما تترك مسافة تتخالف 😡😡😡,0
هدف اول اربع ساعه بيلخبط اوراق الرائد ويخليهم يفتحون اللعب,0
@iRashid777 لان اصلا ماعطوا حد فرصه✋🏽 نفس الويوه تنتقل من مكان لمكان 😎,0
"@AL_kaabi10 @5ahmadiy_ بما انه فاهم حيل

شلون تقارن راموس الي فاز بعده بطولات 

ب لاعب صارله سنه بس طالع وفريقه ينافس

😔",0
هذي شفيها هي ماما ركزي ؟! تراك قاعده تجيبين العيد الفاظ سيئه اسلوب سيء انحطاط غريب من سيده يفترض انها ام ومربية جيل + مؤثرة ويتابعها الكثر وبكل بساطه الفاظ سيئه استهزاء بالناس وبظروفهم بجاحه تخليك تحمد ربي الف مره ان ربي عطاك قلب وعقل وانسانيه https://t.co/jyHD2RRazd,0
@mohammed139631 ارجع لتاريخ حكامكم وحكام قطر بعرف من وين اصلهم ياجاهل ولا تبربر على الفاضي,0
ما ماتوا اللي يكتبون انجليزي معرب؟🙍🏽💔,0
نتصالح بس يخلون الشبك تكفون 🤣 يعني بنشوفهم يوقفونا في الشارع يسألون عن كتارا؟ https://t.co/wYXxev3cMC,0
@qutq_ @fdeet_alnssr مادام نفسك تزورها انتظر تجيك دعوهـ مجانية😎,0
يقول المثل علمته الرماية فلما اشتد ساعده رماني ..,0
"أحتراماً للحنين ..
يا تجيني يا أجيك؟",0
@falkulaib @q8chemteacher الله يشافيه ويفرحكم بسلامته,0
@m525d ماعندك الا الهياط الحمدلله وانا وغيري من هل قطر عايشين في نعمة ملاييين من شاكلتك يتمناها والكلام اللي توجهه لي يعبر عن حالك مالومك محوط بشبوك من كل صوب,0
"رتم الفريق بدون جيرو سريييييييييع ، مع جيرو يصير بطييييييء!

مو لأن جيرو سيء .. لأن جيرو ما يناسب اسلوب لعب أرسنال.",0
@Shahadbinhajji @osi_Eidian دير بالج قبل ماتقعدين على الكرسي,0
"@alshagra1 تروالهم الديره سايبه
دولة قانون يحكمها دستور
واميرها سمو الشيخ صباح الاحمد
وولي عهدها الشيخ نواف الاحمد
ووراهم الشعب الكويتي
اللي اثبت ولاءه لارضه وحكامه بالغزو
لاتختبرونه تراه شرس مايشوف جدامه الا كرامة بلده",0
"@uk_fjg الله يبشرك بالخير 🤣🤣🤣
اما النهابي هذا كان لحاله سالفه",0
@_nasserk إن شاء بنهديكم الكأس من نآخذ هذي البطوله لإنكم شعب جميل وخلوق وراقي,0
"اذا بسنابي صاحبنا ياب العيد بلغوني 😂
👻 memirza",0
@sus_c1 شو دخلك بالسعودية او لكويت خلك بقطر احسن . نشرك للفيديو معصية . احذف واستغفر ربك وانتقد بأدب,0
@Emaratfm بكل بساطة من يطالب بالمنع فهو شخص لا يستطيع التحكم بأبناءه، جميع الالعاب تصنف وفق عمر محدد اذا كان ولي الأمر غير مهتم بهذا الشيء فلماذا يطالب الجهات المختصة بمنعه… مثله مثل اللي يقدم ادوات التدخين للاطفال وبعدين يقول ليش موب مانعين التدخين!,0
الله ومحمد وعلي معاكم,0
"سو الجمايل دام عادك حي
ترا الكفو ماهوب ناكرها

تكبر بعينه لو هي اشوي
تلقى وفاها عند ذاخرها",0
المفروووض كنت قاعد امنتج ملخص البث  فجأة انا قاعد من النوم ؟ شسالفة 🙂💔,0
@S_alsouqi @RMCFarab من حقك تفرح فريقك فايز 😛 اصلا. ماشفت المباراة عندي دوام,0
@flooooor_12 @666333Ibrahim صاحية انتي ولا ايش عيون الرضيع اتحرك تقولين دميه,0
"للضرورة
اللي يعرف دور نشر ممكن تفيدني بمراجع في القانون الإداري يبلغني.. 
@Squ_2013",0
معقوله محد حط جامبا يوم ابن عرس يقتل الدب 😢 #عيد_سبيستون17 https://t.co/KuFd9oFErc,0
#cairo ابتديت دلوقيت بس أحب عمري ابتديت دلوقتي أخاف لا العمري يجري ، يا حياتي قلبي ، يا اغلا من حياتي,0
@iManji92 محمد يسحب على ربعه يوم يتجمعو للعب الكرة..ويعطيهم طاف كل مرة,0
"@BBasm67B 
انا لله وانا اليه راجعون الله يرحمها ويسكنها فسيح جناته",0
"@ms_iii1 🤣🤣🤣🤣
حلوة ريحة الشيشة
ليش كل هذا الحقد ع المسكينة 😆",0
تخيل انت مكانه وش بتسوي 🤪🤪🤪🤪🤪 https://t.co/iVNwfR6uV1,0
"@Khalid_cin @i6aliyah @Holsten20300 طبعا و اتفق معك فيه ناس يحلون اللبس و يجملونه لو كان بسيط 
لكن انا اتحدث عن ظاهرة التفاخر ب الماركات لحديثي النعمه و الحكم على اللي مايلبس ماركات انه شخص مايفهم ب الموضه 
و الاناقه .",0
"@fahed9929 
ع قولة هريثيك روشان الهندي : ماشاالله",0
"@ixi8_ @TurkeyCelebs ما اتابع هذا المسلسل 
لكن اللي قصدته كان مسلسل السلطان عبدالحميد بدور السلطان مراد",0
"@AJArabic سلوى مافي والمراعي مافي 
لو تسيرون القمر هههههه
والله خسارة كم خسرتوا من البيزات على هالحركات ولا في فايدة",0
@livesoung حاولت اتكلم معاك واعاملك على اساس انك انسان بس اثبتلي انه الانسانه ممكن انها تنجب حمار مثلك,0
انه وزاره الخدمه المدنيه كأنها تترجى حد يجي ويقولها نزلي الوضائف. الشباب كفاهم انتظار #أحلى_شي_فعمان,0
@PSS_KSA هيه والله يبا يخوفنة في شريفة الي بليه شرف يضحك ع نفسة قسم بالله عندنا شباب يحبون الموت في سبيل الله مثل ماهم يحبون الحياة,0
@kamado111 الله يحفظه وتشوف عياله ان شاء الله,0
اترفع عن الرد واكتفي بقول ( سلام ),0
"@bushraali_ @SarahJumaa غيرش جرب و شاف 
جان الحين ١٠٠٠ دينار و انتي حاطه ريول على ريول @zahraabdulla64",0
@Laila_Delights لاحول ولا قوة الا بالله. حرام عليييه مايخاف الله,0
انا .. ناطرتكم بجده  ❤️ حق الي ناطرين دورتي .. بنهاية شهر مارس .. التفاصيل بالبوست السابق @… https://t.co/S8iGv5UUPk,0
"@Q8i_rzah وين اللي يفهم 

#حقيقه# بوح",0
جعلهم من هذا واردى يابعد حيي https://t.co/Y0iiMTbTDG,0
@Bo_ma7sen @meshoo84 مبروكين وخل نشوف فرحتكم فروحنا,0
"#سوقي_جعلها_تبطي_سنينك
من المفارقات العجيبه الاشخاص اللي يقولون وشلون نخليها مع غير محرم هم انفسهم اللي يطالبون ببيئة عمل مختلطه🤔عجيب والله",0
@fajralmanthria أبغى عوال وعساهم يشموه من بعد ألف ميل 😍😂😂😂😂😂😂💔💔💔,0
"ان زان حظك إلزم السر والصمت
وإن شان لا تجعل عدوك يشوفه

واسجد لربك واذكره وين ماكنت
ماخاب من يدعي ويرفع كفوفه",0
"احنا نطرش عيالنا لآخر الدنيا لدراسة الطب والبحرين تبني كليات في باكستان  لعدم وجود كلية طب في البحرين !

وش هالمسخرة اللي محنا منتهين منها ؟",0
كلللكم يا شبااب على راسي والله يقدرني وارد لكم جمييلكم الله لا يحرمني مننككم ❤️❤️❤️❤️😭😭 http://t.co/9aea668zay,0
@lulwaalkhalifa1 مو الخرطوم هو الي بيجرهم كلهم 🤐,0
"جابك الله لي هديه من السّما
جيت مثل الشّوف لعيون العمى

كينو ♥️ https://t.co/a1LPmxOWxq",0
@Anas_Al_Shaikh هههههههه. هذي قوية بصراحة بطلوا الدرايش من الشلخ,0
هذا من خذلان المسؤولين للمواطن الكويتي و من التعدي على أولية الكويتي في بلده بل هو حياد عن حتى المساواه بين الكويتي والوافد الى تفضيل الوافد مع ثبوت كفاءة الكويتي في العمل. لكن عيالهم الغير اكفياء ما يقدرون يصيرون مسائيل على الكويتي الكفو و يجارونه فأيسر لهم يتعاملون مع وافد خداي https://t.co/zLEOQCwHTp,0
عندي قناعه بـ ان ربي يبتلي كل شخص بنفس اللي سواه 👌,0
@Rwwn_96 خلاص ترا غاسلة يدي منكم ! 💔,0
"الديره صارت چنها مغارة علي بابا والاربعين حرامي كل من يجي وينهب ..
أكّالة السحت كثروا فيها",0
@thenewkhaleej طائرتين ؟؟ قوة عسكرية هذي ماهم محققين 😂😂😂😂😂,0
@4d729cb18d7b453 @23Albuainain @_Ahmadyasser_ نشوف وش بيسوي قدام سيروتي وابن شرقي 😂😂,0
@JoodAlbastaki @AbdllahAlneaimi من علمه للغيب ما عرف انه بينضرب من بنت خالتج!؟,0
"#الحج_فخ_للقطريين 

كلن عقله في راسه .. اللي يبي يروح خل يروح لكن لا يطلب من الدوله مساعدته في شي .. وان شاء الله لين حسينا ان الحج أمن لنا بنروح نأدي احد اركان الاسلام اللي هو الحج ( لمن استطاع اليه سبيلا ) ما اروح ارمي نفسي للتهلكه 🙂",0
@Tsaolaat @Csaying1 يعتمد عالموقف ومزاجي حزتها. وطبعا مزاجي هو اللي بيحكمني وقتها,0
@FahadBuzwair والله مافهم في هالأمور يعني ابيع ولا شسالفه 😅,0
حبايبي انا مسافر. دوله الكويت الحبيبه اشوفكم على خير,0
@noof2al @frrrh_h انا ونوف نبي نحط لنا ذود ونشارك,0
"@alyaaasaaar @SalahAlelaj لا صدج مشكورة ماقصرتي

لكن الظاهر ان الشوف يغني عن السمع😌🏃🏃",0
@RM4Arab اي منافسه الدوري طار يا بابا يا سبووك تبيني اسبك يعني ركز ع الكأس و الابطال,0
@Abuhamdannews انزين شكو حاطين صورت وكيل الوزارة 😏,0
"@majless_alkass بصراحه 
مستوى حسن الهيدوس فالبطوله مخيف 
وسبب في ضياع كثير من الفرص 

الافضل وضعه على الدكه واعطاء فرصه للاعب اخر 

مو شرط عشان كابتن لازم يكون اساسي",0
@tiamo_roma لو تسالني مو يلعب في القادسيه بكل تبن 😂😂,0
هل شميت مفارق راسها اليوم؟,0
@AJABreaking @Khalid_Alkuwari انا عندي حلاق وحاط فيه كاميرات,0
"مافيه طاري يجي ماجاب لك سيرة ، 
ليتك تجيني متى ماجابك الطاري ، 

وهذا وحـنـّا بنفس الدار والديرة ،
تمرك أيام ماتدري عن أخباري .",0
@_alkalemat صح بدنك يابوفيصل لا عدمك🌹💐,0
@ABD @MUUI8_ @7Alsabe انا من الناس اللي اتصلو علي وفرحت جدا بذلك ورحت لهم وللأسف يضحكون على المواطن باإختصار   الخلاصه.. حلم يطول ولن يتحقق بهذا الطمع,0
"شكثر تحبون الاكشن 
في مشاهير سعر اعلانهم ٢٠٠٠ دينار 
يعني لو بتسوي اعلان باليوم هذي ٦٠ الف بالشهر ٧٢٠ الف بالسنه https://t.co/murZhD60J0",0
"دفاع توتنهام اليوم
انطافو الف مره
مستحيل دفاعهم شنو ضعيف 

كل هجمه عليهم خطره

حتي المتأخر  ماله دور

اتوقع اياكس راح يطلعهم

الاثنين عندهم فرصه تاريخيه

اياكس اتوقع بيعيد امجاد اياكس ٩٥ 

#توتنهام_مان_سيتي",0
"نفس ما قلت ونفس كلامي دايما
شفتو شنو الي صار بشوط الثاني
من نزل سينسي مع باريلا وبروز
الانتر سيطره كامله وضياع فرصه ذهبيه من باريلا ولوتارو ولوكاكو وسينسي

هذا كلامي دايما فيسينو وبروزفيتش مايصير مابعض والله

شوط ثاني راقي

#InterLazio",0
@hamadlahdan ما نتعامل مع غيرها لكن غاليه جدا .. ياليت تطلع خطوط ثانيه في قطر تتنافس مع القطريه عشان يصير تنافس في تقديم العروض لمصلحتنا 😅,0
@iii2xvi @AAlshareey والله كان مخدوع مثل محن انخدعنا للأسف,0
@_AH99_ امدحش بعدني ليش تفلي فوجهي 😒😒🚶🏻,0
@mbuyabis وايد معترضين عالقرار ولكن باقي الوزارات اللي مومذكوره اصلاً دواماتهم 7 ساعات يعني جذي يصير الكل 7 ساعات جذي بتزيد الزحمه ولكن تتساوى الاوقات لكل الجهات الحكوميه .. يعني وزارة الصحة من زمان 7 ساعات,0
"هذا برنامج للماك ينفع للمبرمجين, يراقب كل اللي تسويه بالماك ويعطيك بنهاية اليوم نسبة الانتاجية اللي عندك https://t.co/DyZNZrZXML https://t.co/Bncq4XJQJL",0
@Sour_4 @sara_4e واضح انك بنت ومقهوره منها لانه هذي مو افعال رجال لكن الله يجعل كيدك في نحرك اتقي الله,0
"@FanjaSC وين عيد الفارسي
متى راح يرجع",0
"@AlmukhainiSkr 😂😂😂
عليك سوالف يا بو محمد😅",0
@bosaif56 @DrSajed @DrEothaimeen ويصرف له كل سنة مكافأة أعمال ممتازة,0
"إلي فاضي 📢📢
يجيب مطرقه معه

وتعالوا ندق سوالف 🔨🔨😂",0
@mhnd_770 انك تعرف كيف تسوي هذي الحسابات اللي تلحس المخ بشكل سريع هههههههه طبعا غير كيف تحسب الrad https://t.co/Bt0tMHP3zy,0
"@Abdullah_292 كفوووو و أنا متأكد أن أهلي جده راح يكون ند اليوم ل #برشلونه  وكل جماهير #قطر معاه اليوم 

#الاهلي_برشلونة",0
"@almasrde2 @48hh12 طلع من شلة مالبورو
😂😂😂😂😂😂",0
"@omaniLADY3344 المسألة أبدا م مسألة جنسية الدكتور المسألة عبارة عن خبرة الدكتور والطب ماله علاقة بالجنسية
مثلا معنا دكتور عماني عشريني الأغلب لما نكون ف الانتظار نتهرب ندخل معه ونقدم اللي بعدنا عشان يدخلوا معه وما اخفيكم معه سوداني بنفس وضعه ونفضل ندخل عند باكستاني فالموضوع ما له علاقة بالجنسية",0
@dVkb82tClU2SPuY سبحان الله ٦ متسابقين او اكثر يمكن اغلطو في حق بدر.. ياليت ترجعي و تشوفي خناقة بدر و هزاع و شوفي مين الغلطان,0
"شكرا لكل من رحب فيني 

ولي الشرف اتابعهم ويتابعوني 

والبعض اللي عطيته بلوك

من اسلوبه اعتبرني اختك ترضي والله عيب

طول وعرض وسلوب طفل",0
@Dhahi_Khalfan نفس اللي سواه ولد سلمان بس بطريقه راقيه شوي يعني بالعربي مكافحه فساد بس بطريقه امعلايه,0
@alogayil حاولت كل الطرق لكن بدون فايدة يا ناصر ، اول كان يضبط معاي 🙃 https://t.co/m2Qw68TDCd,0
@Soosha2019 ماشاء الله فديت قلبها,0
"@KaledQ834 حيوانات ادارتنا
لاعب وسط ممتاز متمشكل مع مدريد ع 16 مليون جيبوووه
مخلينه وطايرين ورا فيراتي",0
@abdalmahsen @Havana_H تكتمل هالضحكة بفوز ممثل العرب بكأس آسيا 😜,0
"اتعبني الحلم لين الواقـع انكرنـي
كني مسكت الفرج بيـدي وهديتـه
مافي داعي على فرقـاك تجبرنـي
حتى الجفا منـك ولعنـي وحبيتـه",0
@AlArabiya عون مايدري وين الله حاطه  ماعمر احد زار لبنان مايعرف الاصول,0
@m_altayer العالم مليان دول يعني مافيه سياحه غير فتركيا!! اللي عارف الاوضاع ويستهبل ويسافر تركيا ع قولته للسياحه يتحمل محد قاله👎🏻,0
"@m_L181L شو فيها يعني 
لبسه تقليدي والعرق مو منه",0
@xa_cole @alzaim97 @AlsaddSC @theAFCCL_ar بإختصار الأظهره فاشله طارق قلب دفاع حاطه ظهير وحامد مستواه حده الدوري القطري كل المصايب من الاظهره,0
كل عام وانتم بخير مبارك عليكم الشهر...ان شاءالله في شهر رمضان تخلون عاداتكم سيئه وتحققون انجازات في هذا شهر العظيم 🌹🌹❤️,0
@shaimasabt للاسف انه وحده المفترض انها تكون اعلاميه مثلج تهزأ بالأستاذه سوسن اللي كان ومازال لها وقفات مشرفه اذا انتوا مافهمتوا كلامها فهذا من جهلكم الاستاذه سوسن قصدها الأجيال المهجنه اللي طلعت وأساءت للبحريني الأصيل دخلي مدارس حكومه وشوفي الجنسيات المتعددة الهندي والباكستاني واليمني وغير,0
"كل يوم يمرّ وإنت ، 
أغلى من اللي قبله 💙",0
"@TARIQALNOFAL  
الغرامة للسطر ذا .. 
ومحاولتهم للتعاقد مع اللاعب بطريقة غير قانونية .. 
احنا نتابعكم بس لا تستغفلونا رجاء",0
شكراً أعضاء مجلس الأمة لأنكم عطيتونا درس قاسي جداً ومُؤلم 👇.. https://t.co/ShufaPrkMW,0
لو معك ثلاثين مليون وش بتسوي او تسوين,0
@wwdygic @tadrib2 @_noor_althani_ @without__shadow مصلح كلن عارفه  نفسه وكلن عارف قدره  وخلك من السياسه احسن  لانك ماعندك ماعند جدتي وكلن عنده مصالح مع الدول مثل ما انت تمشي  ودور مصلحتك,0
"عمر هوساوي مسوّي فيها كابتن ومعصب وحماسي وهي النكبة ما راح تجي إلا من تحت راسه ☹️

 #النصر_الاهلي",0
"@greeen_mojo @mimi1562_ 
حلوة مشتبه بهم..
كلها يوم او يومين وبحطون كم شخص يعترفون في التلفزيون 
😐😐",0
"علي عواجي اصاباته غريبة ..
ينضرب كوع وينكسر المفصل
انبراشة على القدم ينخلع كتفه 😶

الله يشفيه",0
@Maiyoos شنو هالهريج بعد ...  اشدعوه تشجعين اللا عبين الأحلى ... خخخخخخههههههه #كأس_العالم2018,0
"@GHANIMALOTAIBI 
الله يقوييك يابو جلوي 🌹",0
هم اليهود عفن على مدى الزمن https://t.co/fRXN3fZj3s,0
شكثر أوادم ودي أمنشنهم ❤️ https://t.co/CwZ1cJyrjL,0
@MaMo0o @Haikoleta أصدمكم لو سويتوها بأي حرف بعد بتصير الحركة 🙂,0
"شيبة مخرف 
فرعون عصره",0
@DR___ROSE انا اقصد الناس اللي يوهمون المتابعين فعلاً بأنهم  مستشارين أو خبراء حقيقيين .,0
فراره في سوق المحرق مع خالد العوض😍 #يبي_حلوئ_بحرينية😜 #من_يبي✌🏼️#خوش_حلوئ_ترئ🤓 #خالد_العوض… https://t.co/3pFqDcca3U,0
@capbahman @flyingman_1 خلاص بعد المصخره الي سووها مالهم محط رجل في قطر لأنه دفانهم بيكون جماعي .. دام غنو ضد قطر مافي مانع ضد الكويت وعمان,0
"""@jbins1: نضيـق لكن فَ النهآيـه رياجيـل ،، لازاد ظلم الوقت زدنـآ صلآبـه""",0
@AlArabiya خساره انها صارت بين الشعوب وخصوصاً انتوا يا أهل السعودية,0
اشوه ما كتبتوا مظاهرات  https://t.co/XaWiAsimjj,0
@NASERALJSSASI @hilalalyaqoobi @1hR96lkKrxYzBIT نحاول تجميل واجهة منازلنا لكن للاسف حطب الكهرباء ما مقصره ما تخلي الواحد يسوي أفكاره على أرض الواقع,0
@Dr_Humd واحد يبا يجدد عقده ويا زياده راتب 😁,0
@mbk_1992 @Y4Sv83 حلوه حلاقة  ام الربيان,0
@KAREEM_AL1 @Dhahi_Khalfan اخوي شكلك ماشفتي تصريح قرقاش لما قال السعوديه تدعم الارهاب  عود الاتهام عليكم,0
@OsamaNugali ربِي يوفقك ويسدد خطاك ..  تستاهل كل خير,0
"آخ من بطني وآخ من ظهري💔
ولا عزاء للمواطن https://t.co/9Syblbtvwl",0
@darra82 تمام👌🏼 نسوي لنا جدول .. يوم الجمعة نخطط له,0
@Turki_alalshikh باقي تكة وتطالب بأبعاد تقنية الفار!!!!!,0
@11mii_ @realmadridarab للاسف مادري ايش فايدة من اثنين بنزيما و فاران بنريما ثقيل ولا منة فائدة وفاران اخطا وغير سريع مثل سرعة سيرجيو,0
"يقول البدر:
أن كانها غيبه وبترجع بـ احتريك
وأن كنت ناوي نفترق خذني معك💜",0
"راحت علينا الكنافة ..
زين وربات ممكن.. بيتي فور اي شي حلو😎 https://t.co/ONQoHEBjuR",0
@_Hadif_ ما يروم ولا يستاهل,0
@hanein_135 سعودى تم سجنه عشرة ايام على ذمة التحقيق في جورجيا بسبب وجود شريط حبوب بنادول 😎لو الاردنى ذا بجورجيا اعدموهـ بالرصاص ولا يكمل ثلاث ايام ✌🏼✌🏼عاشت جورجيا بلاد الحزم والعزم,0
"صلاة العيد 5:57 صباحاً

احسه تضييق بدون داع 
اللي اعرفه انه السّنة تاخير صلاة عيد الفطر ليتم دفع زكاة الفطر 

طييب على الاقل خلوها 6:00 ص 😅",0
"من كـان حـبه صدق يتعب عشانـك
يـدق باب الـوصـل لو كـان مـقفـول
.
و اللي يبـي قربـك بـ يلـقى مكانـك
لا يكذب آللّي غآب ويقول مشغـول.",0
@s_botaiban شدعوة يبا عندكم وايد منها سلفونا وحدة بس 🚶🏽,0
@ALHADATH_KSA يا وجه الله محتاجين طيارين ؟ هههههههههههههههه,0
@alsaadal يذكرني بابو جركل (( من صجك يوبا 😂)) 🙈,0
"@M_dashti88 خلاص نعتمد الفوز المباراه الجايه
أتوقع المباراه بتكون اول يوم العيد يعني بتعيد في روما وبتعيد على اللاعبين وبتاخذ منهم العيديه",0
ياجماعه وربي يابديت استغني عن ناس ماتوقعت يوم استغني عنهم وحس ماعاد لهم اي تقدير عندي اجامل بس بضحكه🌚,0
@alshamsi6229 ان شاء الله حاس بالثلاثية بإذن الله,0
@Normandi76 @ahmadq886661 أخوي اسعد ثق بالله انا اقول الحق ولو علي نفسي الغلط نقوله ومانسكت عنه انا ماحضرت ولكن سؤال هل تم السب وشتم علي الرابطه ولاعبين نادي الكويت ان تم فهذا غلط وعيب ولانرضي خصوصا نبينا الكريم نهاني عن هذا الفعل موضوعنا عن كان تشجيع ومعايات فهذا حال الجمهور ويبقون احبه وربي يحفظكم,0
أول مرة أقول لأخويه لا تأخر عشان مباراة العين يقولي يولون برايهم متخيلين الحال اللي وصلنا له وهو المتعصب اللي مايطوف 🙂💔,0
@eva_didova6533 نفس الكلام عندي لكن الرغبات كلها صفر,0
"'

العمر ، والأحلام ، والغالين
أشياء ما ترجع إذا راحت !!",0
باقي شوي على مؤتمر ابل 😍✋🏻,0
و هلا والله بالخميس 😎,0
@_aa96_ الله يبارك فيك، يالله ايام وتعدي وبتخلصوا 🙄,0
@f__alenze @el7kma99 @kashif_al7ramiy واحد من الشباب معاشه ١٩٠ الرئيس السابق زاده ومندوب جا ابو فارس شال زياده بعدها بيوم مسكه الباب ؟؟,0
"الي شبكنا يخلصنا واقع الحال "" توقيع مذكره تفاهم قطر وأمريكا "" 😐",0
@bint_elderh1 @bentalzebarra @greyhair01 @om_jassim_2 لا تنقرشون بشريكي علي كيفه هالآيام الهواش بارز والعصبيه واصله حدها خلوة علي راحته,0
لاتخاف علييييه. بربوق مايقررررق 👌🙀 https://t.co/VYy33WinTk,0
انا الهيمان في حكيك من اصبح لين امسي🌷,0
@BENNYQ8 مساك اجمل وارق من نسمة العبير 🍃,0
@hamadlahdan @boghanem73 بنييكم من الدوحة بنسوي زحمة 😄,0
@FMA975 😂شنو عندج باجر اجازه خلي لرقاد و روحي 😂😂,0
@bof9laa ربي يوفقك منها للأعلى,0
"مشتاق لك ما تدري شكثر مشتاق ...
مشتاق لك أكثر من الشوق فيني ...
 كثر المحبه والغلا كثر الأشواق ...
كثر الغرام اللي فضحني بعيني ...",0
@DevilQueen_ يمكن نفسه 😂 هم صار عندهم سعر موحد بصرف النظر كم مكلفتهم القطعة انا مصممة لازم سعر عبايتي يكون حول هالمعدل و ما شفتي في خياط يسوي حق مصممتين نفس الموديلات ويحط حق كل وحدة لوقوها و احنا نشوف انستقرامهم ونضحك مادري صج مايدرون ولا عادي عندهم !,0
@HishamAladhamii كل عام وانت بخير و بصحة و السلامة ؛ والله يعطيك طولت العمر 💜💕,0
@M7rusa @RAFRAFI_MED الله يخليكم لبعض العمر كله ❤️,0
"في عيونك ( شي ) حسِّيتَه ، جذبني      كنّي تفاحه ، ونظراتك . . . . "" نيوتِن """,0
"@roooorroo90 افا عنصريين هذيلا

الجار لازم يسئل عن جاره",0
@AliNajim يلا قو هد لايف,0
@Omnih2015 شوفوا حد يتبرع يشلني عشان اروج للوطن وازيد اقتصاديه 😋,0
"@AliMoha44554779 @zaidbenjamin #Bahrain المذلة حق غيره شبيه البانيان..بوعيسى من عرفناه حبوب وكوول وريلاكس ومتواضع ولبق الحديث والابتسامة ماتفارق شفايفه...يبي لك كورس في ال 
body language",0
"👱حبيبتي اليوم امي شافت صورتج 

👩صج !!حبيبي شقالت ؟

👱قالت ياخرا شنو هذا
😂😂😂😂😂😂😂😂😂😂",0
@Emiratey78 @ksabusulaiman مجبور تدافع عن الظلم وراكم سجن الرزين خلك في عماك ولاتحاول تعرف الحق لانك ان عرفته مصيرك بيكون اما سجن الرزين او القتل . نسيحة والله اخوي 😂 صفق للباطل تعيش حر ف بلاد الحمارات 😂🤮🤮,0
"فاصل عشان بياخذ دوا ؟ 
والله نحن اللي محتاجين حبة مهدأ منه",0
"@AlAneaN 

 #حفيت_اقدامي

تری سلم العرب لازم ترد الجيه ب جيه ❤👑💛",0
@majedalraeesi1 بيدورون وبيعيزون وبيطلعون لك بشي ثاني 😎,0
@mohame1383 امام المملكه العربيه السعوديه 🤣 لا يكون تبي تحارب تركيا  ارجوك مافينه شده فضايح زياده  كفايه 40 الف حوثي وصار لكم ثلاث سنوات مهب قادرين عليهم ومع المملكه 13 دوله مشاركه الراحه مافينا ناكل شاورما باللحم السعودي,0
@SANQ8 هذا ما اقوله بس بو احمد يقول مانع ازعاج,0
عسي الله يطول بعمره ويخليه تاج راسنا بو ناصر  وعسي الله يحمي ديرتنا من كل شر https://t.co/Pz6jOaSYwS,0
"ابوه المزاح الثقيل... حتى المزح خلوه بالسهالة
جمعتكم ضحكة و مزاح و فرحة ههههههههههه 
جمعتكم مباركة",0
"ارسنال مخلصين مع كوتينهو !!

تكفه الانتر وينهم عنه

اعاره يعني ممكن تتم

شهر تلاحقون ورا لوكاكو 😞😞

#انتر_ميلان",0
"#الهلال_الاتحاد_دوري_اسيا
الله يستر من المعيوف ودفاعه العاهة؟",0
"@OmanisFollowers فوق هذا تكون صاف سيد تنتظر دورك مع الطبيب ويجيك واحد ويتم واقف عند مدخل غرفة الطبيب 
ومن يطلع المريض اللي مع الطبيب يدخل حضرته !!!!",0
@sawsanalshaer كفو ينطح كفو بوحمد شيخ الشباب وان شاء الله البحرين بخير 🇧🇭🇸🇦🇦🇪🇪🇬,0
@phantom69y83 عيونك الحلوه ابو يوسف,0
@rababbaddah رباب حبيبتي شكرا من القلب على كلامج اللي ينحط على الجرح يبرى اخجلتيتي ، ما أقول غير يابختى والله يا رباب بهذي الشخاده والمحبة ❤️❤️❤️,0
"@shathaal_abri 
كل عام و انتي بخير و بصحة و بسلامة ❤️❤️❤️😍👏🏼
الله يرزقك اللي تتمنيه و يفتح لك ابواب رزقه",0
"بعض الاصدقاء يشوف 
معك لايكات كثير 
يبطل يسوي لك لايكات

#حسد_الكتروني
😂😂😂😂😂😂✌ اتقوى الله يا بشر",0
"@Arkanfanoon 
قلت كلمة وطيحتهم ببعض😂😂
دليل على العروبة ووحدة الكلمة وباقي الخرابيط والخرافات😂
اخ منك يا اركان يبي لي كاكاو واتابع باقي الفلم",0
كيف فار يروح يشوف اوت!!!!!,0
الشتيمه ترجعله هو .ام ولائك للكويت منت محتاج شهاده ﻻمنه وﻻ من امثاله اغلبيت متابعينك يعرفون من هو ولد بو مجداد https://t.co/KzMwMV2Gb6,0
"@saadsalshammari مو مشكله تلعبون بمواطنين فقط 

المهم ما تجيب عاهات كمحترفين او مدرب عاهه 

تبون التوفير مو مشكله وفروا والعبوا بمواطنين ومدرب وطني 

تبون تنافسون مو مشكله 
بس جيبوا ناس صح",0
"الوضع ما يطمن ترى
صايره احس بضغوطات 
و أحس الوقت يداهمني
وفي الواقع انا فاضيه ومنسدحه أصلاً 😂",0
@fahadaafet1 يكفي ان النصر هو اللي لعب بحسبتك يابو عزوز اكيد بيعذرونك اهلنا في الحفر الله يسعدهم ،،,0
@ayedalmanna1 هذه سياسه لا يفقها معازيبك #الدب_الداشر  #شيطان_العرب,0
"والله من ايام كابتن ماجد وبسام
 ماشفنا لعب حلو صراحة 😂😂 https://t.co/8TCuzQn8PW",0
"قبل الزواج : 

ما اكون رجال إذا ما اخلـيها كل يوم تطبخ .. 

بعد الزواج : 

حياتي تحبين اطـراف التوست ولا اشيلها .. 

شيلها يالذيب 💔😂",0
@n59y_ ما تبغيي عن تبطري لاه 🚶🏻,0
@_alkalemat صصح السسانك يابوفيصل ويستاهل ابومصعب وعسى الله يرده سالم غانم💐,0
هذا وانا سنقل اسهر شلون لو احب.؟,0
@M____D9911 @tareqmbt0 ماعرفناك يابو فارس وعرفنا رويشد والشيخ 😂,0
@uae_03 @ShaaMSsa ألحين هذيلا اللي تطرونهم شو وظيفتهم في الحياة؟,0
@Maram69638487 @AlkhaleejOnline بس السودانيين ماتوا عندنا ارسلوا غيرهم عشان يموتوا عندنا,0
"@aljuber_t @_Iyazeed0 @Khaledabowesal هذا الشي الي يزعل

عندك امكانيه تبني مدينه طبيه
تعمر الجزر
تسوي ملاهي عمالقه
اكوابارك عملاقه

تقدر تشد السياح بشكل كبير

بس محد يشتغل محد يبادر

كل مشاريعنا مطاعم وقهاوي فقط لا غير",0
@alrahbi5 فعلا اشهد انك ثابت ثبوت الجبال في فنادق الرياض,0
#نرفض_قرار_ديوان_الخدمه انا مو ذابحني غير الموظفين والموظفات اللي بالاشغال مكتب مساحة ٤/٤ في ١٥٠ من الموظفين بصمه ويروح فوق هذا يشتكون سبحان,0
@daim_16 @noisssnnn @turkiii998 @saqz399 @saudq1978 يله الشبك يالحجي ...متى المعرفة ٠٧😂😂,0
@hindalqassimi اتفق معاج طال عمرج والله يوفك الاتي وان شاء الله الفرح قادم باذن الله,0
"سوالفنا وعواطفنا 
هدايانا ورسايلنا 
تلوم وتشكي غيابك 
وتسأل ليه تاركنا ،،،، 
🎹🎵🎼 https://t.co/MzOldqUiuS",0
"@Hedo_1982
ياحاملين الرايه نصر بلادي غايه هيدوه ياحلو الأسم كويتي والله ونعم كويتي اور كمل هيدو لفلي كميل هدوه http://t.co/D3I7uUg6r2",0
"@ALANSARI_AHMD الله يعينهم على اعمارهم .. 
شفايدة الكلام من غير تطبيق 😑",0
@Shaikhat_qtr #لا_للتماثيل_في_قطر                                  على كيفج حللتي انهم شخصيه انهزاميه وضعيفه🙄 اذا ماتعرفين تقرين انجليزي حطي في قوقل وبيترجم لج😂😅,0
"💛

حنا لنا مع قمة "" المجد "" ميعاد
ياما صعدنا فوق من فوق .. قمه

العالمي يبقى على روس الاشهاد
واللي تحـدا العالـمـي .. مايهمه

الفار قبل الظلم .. والغـش مافاد
والداب الاسود نقدر نشيل سمه

فيصل العتيبي

#النصر_الاتفاق",0
"مفهوم الميك اب الناعم مفهوم غلط..
البنات ما يبون يشوفون ميك اب يطغى على ملامحهم .. -عجبتكم يطغى؟-
يبون يشوفون ملامحهم قوويه واقوى من الميك اب",0
@emaratalyoum عقدوا الطلاب غصب بيطلعونهم عباقره ياما ناس درسوا فصلين وماشاء الله عليهم كفاءات ليش هالتعقيد😒,0
"منو إلي داعي الزغل كاظم الساهر؟

ودي اعرفه بوجه له كلمه",0
@BtalMsa3d حياك الله اخوي بتال والله يررحمه ويغفر له ويثتبه عند السوال,0
@AmbuHaitham @BadriyaALAbri @SaAlkalbani @yousuf_alabri @GhLojin90 @ZainabAlzeedi شكله حلم جديد مرة هيثموو,0
"عزيزتي اذا فاضيه ما عندج شغل 
ضبطي حبيبج من اكاونت ثاني خل يقولج قصتج لما توفيتي جدامه بحادث 😂",0
"من السبعينات و احنا نسمع
اللي دارسين بمصر يستخدمون كلمات نفس دوغري و برضو  و ابيه و طنط 

و المتخرجين من بريطانيا و امريكا اوكي اوفكورس تكنيكلي

و هذا امر طبيعي",0
@uaedivers @ralzaabi انا فالدوام للساعة تسع ماعرف ويهي وين الايفون بيعرفني,0
@hamouddAlomair الف مبروك ابو عثمان تستاهل ذوقك عالي 💐 الله يرزقكم الذرية الصالحة,0
"رووووح الله يرضى عليك
كارلوس ضيع 4 اهداف محققه قاعد يطقطق عليكم قال جلد قال 😂😂😂 https://t.co/sxYdiJasXy",0
"@abo_mshall68 @MarzouqAlajmi ما نطلب الكاس لكن نطلب اللمّه
اللي على الطيب والخوّه تجمّعنا

كافي ابن عم يقدح في ابن عمّه
واحنا على العز والألفه تسنّعنا",0
"@sabic1417 احنا نظن بحسن نيه و نسال ..! مانتهم احد حاشى لله .. هذا حسينوه وهذي خلاقينه !! انتو ايش تشوفون ؟
اعطونا رايكم !!
يمكن انا ما افهم او ما اشوف زين",0
اليوم عـ السناب فيديو عنـ صنعاء 👻Sominif https://t.co/poiWtkRu4m,0
"@krimo_sr4 
هذا عصير عنب 🍇🍇
 #لو_المغردين_عصير",4
"الدعوه اللي  .. تسريني
يا علها ما تطوف قلوب

مع كل صبح ارفع ايديني
يا دمع يا وقف و مسكوب

اللي انكتب لي يبي يجيني
ومحد يبي يوقف المكتوب !",0
@nn11mm12 @abqatar @Dr_alsudais شعب متسعود حزين خلي الدب الداشر ابو منشار يخلص نفسه من المصيبه اللي صابته قاتل اطفال اليمن حسبي الله عليه ملك المهلكه العظمى 🤣🤣🤣😩🌺,0
من كثر ماأحبك وصلت لحالة الإدمان!! إدمان صوتك وشوفك وطاريك.. العفو ماأحبك،،، أنا فيـــك هيمـــــــــــان!! يعني: أحبك.. وأعشقك.. وحيــــل أغليك..,0
"@HROOFALREEEM هذا الاوبرا بوقتنا 
يفتح الكبت ويتسكر حسب السهرة",0
@hayaalkaabi262 يا ليت يعزمونا ه العرس 😂😂 ونفتك تصك بلوك لحساب يطلعون لك من حساب ثاني 😂😂😂😂,0
@fatimaalhawaj اشعنده الي مسمي نفسه مستشار عليك 😂😂 شكلش معورتنه من الزين 😆😆,0
"رتويت بلاش 

اذا ممكن 🌹🌹🌹🌹🌹🌹 https://t.co/q6C9lVkqXu",0
شيء كبيير وجبار بعد 👏👏 https://t.co/lTzFJVR8AK,0
@turki_alogaen @__imamu الله يبارك فيك ياحبيب أخوك 💙,0
"يضحكون اللي ما زالوا مصممين علي الحادث عبارة عن وقوع سقف المسجد !!
أوكي افترض معاك هالافتراض ..
شلون داعش تبنت التفجير ،،
يا انك غبي او غبي",0
"روما لعبوا مباراة للتاريخ
وتأهلوا 
والمدريدي يتكلم عن الممر الشرفي😂😂😂😂
ترا التشامبيان ماله شغل بالدوري",0
@zakareyalkadhem @lulwaalkhalifa1 ليت هالكلام يوصل للبعض اللي يسعى للأسف لتشويه سمعة الوطن.,0
"@Naser2006_FT هذي الفئة اللي تنتقد وقت المشكله ما يتعدون ١٠٪
وباقي الرومانيستا على كل سحبت اوكسجين ينتقدون
لا تستبعد انهم ينتقدون بواب التريجوريا 😂",0
يقولون البطي من كثر الخطابات اللي جته مانام للحين!!,0
"ضم الثرى حزني وضميت راسي
ذي حيلة اللي حن لإنسان رحل.",0
"الرسايل اللي يوصلها طارق كيال ل الزاحف
وهو يغرد فيها بتزيد الجمهور حقد وكراهية
لهذي الادارة المفلسة ومابتعدّل الوضع ،، بنشوف
عزوف جماهيري غير مسبوق في تاريخ الاهلي
وهذا اللي لازم يصير في الوضع الراهن ،،
النادي مختطف",0
"@iAsma_n @Abdulaziz0o01 منو الي بيصيح؟؟؟ 😧 
استغفر الله شو هالنفسيات",0
"@monehy117 @TdgPomAvrTiGkus @AbuosamaQ @Alsamhouri
يعني بالغصب نتبع كلامك
ما مقتنعين",0
@waalxz حق من تقول، فيه ناس ما تفهم,0
@alomani__q8 ماشاء الله ربي يحفظهم ويبلغك فيهم معاريس بوعبدالسلام اللي بعيد عن الكام نسختك ماشاءالله  العماني العود المحب للعربي 💚🌺,0
"@bu_7amed1 يعتبرون 9 كون كوزمن طلع وزوران طلع 
مع العلم اغلب بطولات العين الي حققهن كان في استقرار فني وهذي أهم نقطة",0
"@PhD_Q8i البعض فاسد بالفعل والبعض الآخر صامت خوفاً على مصالحه أو ما يبي يعور راسه.
قليلين جداً من يتألمون على حال الوطن.",0
الواحد ما يدري الحياة صعبة ولا انت غبي 🙄,0
منظر صلاة العشاء اليوم💔,0
@nfnuf_ @_yes_04 بل عطاج بلوك ذي ؟ ولا حد ثاني 😂😂,0
@TamimBinHamad من نجاح لين نجاح ، طول عمرك تمشي عالقمم ، واللي في لندن قاعد يرقع حرب اليمن ، الله يطول بعمرك ويعزك,0
@anwaralzahra @_noufalkhalifa @AlRoumi0 نعم اي بسيوني ذي؟ ووين صار هالشي 🙄💁🏻😂,0
"@AIazemi أنا شدخلني يا بو الشباب 
أنا بروحي اسبه",0
@aali4573  والمشكلة لو صار عندهم شي يبون الكل يحزن لهم ويبجي عليهم ويتعاطف معهم ويدافع عنهم ...,0
"@zZ_2044 
هﻻ منال كيفك الغاليه",0
"فقدتك وانكسر قلبي عليك وماني بمجبور
أدور لك شبيهٍ  يشبهك لانك بدون أشباه",0
٣٨لايبصرون عمت عينه وماشافنا وفعل إلتفت لضابطه وقاله سيدي ما فيه شي ونزل وفجأه سمعناه يطلب الإذن من ضابطه بأنه يرمي داخل السندره قنبله,0
"كني عقب فرقاه من فاقد السمع
من عقب لذة مسمعه راح سمعه

'
'
'
'
٣/٣

#فهد_لافي",0
@alsuwaidi_ae البرقر بكم عندنا وصل فوق ال ١٠٠ مع ان اللحم مستورد و مكمل في الفلاجة شهر والله يعلم بالهايجين شو وضعه,0
@Alwashi7i مايشوف شر #حكيم الخليج,0
@SiyabiNaser @Rrubaa95 @t7pzw6Gnzoyurz1 @ashami033 @ammar4712 @fahdissaq @Qatar__q @oman1978787 @saraqtr24 @LkVvo @AlkararAhmad غالي وابن غاليين وشهم وكفو ربي يحفظك ويزيد الرجال من امثالك,0
@Nor__201 اسمحي لي اختي العزيزه 😊 مايبي لهم مقاطعه يبي لهم سحب ترخيص وطرد على ارضنا يا ليت أسرع وقت الطرد لا بارك الله فيهم ولا في شركاتهم 🙌🏼,0
اغنيه كثر كلشي واحشني لراشد الماجد هاليومين..مسيطره علي تماما ولازم حل 😂,0
@Dralnoaimi أنا سمعته من البلكونة ههههههه ما عندي حووي,0
@SalehJamaan @Qatar_Edu نتمنى ذلك خاصه ان عيالنا ماشالله عليهم يستوعبون الكلام بسرعه,0
يا ثوار فبراير اين الراتب,0
@marzoqi_w @Qatar_Edu عيالنا مب رايحين اصلا في كل الاحوال,0
حسبالي استقال يا كثر الاخطاء والقياديين قاعدين https://t.co/RdMOBjwSGx,0
@ELmar_107 نيكيتا واثق فيه ما أدري ليه أحس هو و ويلوك لهم مستقبل فالفريف,0
@khal_99_1 ياحبيبي هذا محلق عليه البقشه وين مايوديه يجي حضوره زي عدمه بالاتحاد يصرح مايصرح ولا كأنه موجود عتبنا على الرئيس أنمار عسا مأنمار ياليته خلها على قضية التزوير الاولى ومارجع لنادي,0
"كثار الي تحدوني و قالولي تحبينه !
امانه لا تخليني صغير بعينهم تكفين https://t.co/hYRccRtIYe",0
"شكراً على كل حاجه مالها معنى 
وآسف على الاهتمام اللي بدر مني",0
@AL3MR_L7THA الله يشافيها ويردها سالمة تنور  البيت,0
@hatha6b3y ماعدت اعرفني طبيت في المطار اهم شيء المطار تعرفينه اللي في محرق اللي يمه دوار اللي يم حديقة المحرق الكبرى ههههههه,0
ياصباح الخير ياللي معانا 🌹,0
@Jhawe7001 ارسل رقمك خاااص واضيفك,0
"شكرااا  استاذ 🌹 اتمنى الكل يكون افضل مني بعد لانه بهالزمن زمن التكنلوجيا يفقد حنان الام والابوو خاصه الجيل الجديد 
اذا كان في بديل  فا ماراح نشوف هالمشاغبات بالمدارس والمجتمع 
لانه احنا مربين قبل لانكون معلمين 
وزارة التربيه والتعليم ..التربيه اولا✋ https://t.co/UyF7XzELJZ",0
@_c001_ عود عود بعين الحسود 😌,0
@boammar صح الله لسانك يابوعمار ماتقول إلا الصحيح.,0
@HoOoR_94 ما يكفن اللابات المشكلة🙄 بعدين الاولويه حلنا بإستخدام المكتبة..,0
@AshwaqAlAli75 ويبوني اتزوج بعد🙂 حطي صورته حطيها خنتفل عليه بوزقه,0
@A_AlAthbah يا حسافة دموعنا اللي تسببت بجفاف العين,0
@sah_itti2 امس الكل كان ع أعصابه الرائد كان بيسجل التعادل الاتحاد رغم النتيجه ماقدم مستوى,0
@YaMsh3L دور ورجع حبيبي وراي 😊,0
@Dhahi_Khalfan شفتو شلون انهار لما عرف انه درع الجزيره القطري دخل السعوديه انجن,0
@a_m_alkalifa و هذي المخطط اللي يبغونه تفكيك دول الخليج لكن هيهات يفلحوا في مخططاتهم #الخليج_مخترق,0
"ظاهره غريبه بمواقف المجمعات
سايق ينتظر معازيبه بالسياره وانت تدور موقف تعطيه دينار ويعطيك الموقف
يعني نطره مو بلاش",0
٣ ياليت لو البحرين اتحرر نفسها من الحصار الذاتي وتنتبه بنفسها وتصحى من السبات الشتوي خلاص   #البحرين_تفرض_تاشيرات_علي_قطر,0
@pq_z اهلا وسهلا الاجواء معتدله,0
"@maather_alf فكري انه بعد اسبوع من اليوم ،، تقدري تسوي اللي عاوزاه و انتي مرتاحة البال ,, م باقي شيء 😌💪🏻",0
"من باب  ، لا تحزن ، و من منطلق ذوق
تآخذ و تسأل بـ ( ارتباكك ) شلونك ؟
وش هو له أكابر على الحب و الشوق ؟
والله ما أدري وش بـ أسوي بدونك !",0
"ماعلمك طول الفراق إني كبير 
وإني على كثر إشتياقي ماتبعك
ماقلت لك قبل التمادي أستخير 
خل العناد اللي غدابك ينفعك ..",0
"@Tykiwikki خلاص جربتي كل شي وقلتي سودا
اقري البقره",0
@NawafAlThani @adelalhajaji سلمتي بلادي فداك الشباب,0
@Nafe3AlYasi ☺ إنت كنت في العين... أفا عليك مرة ثانية بييك على طول. كنت بسألك الانتفاخات في الأسنان أو الأسنان تسبب نفس الأعراض؟,0
@FathiAlMohamed شكله عندك شقق تمليك منصم فيهم مالهم مشتري,0
"🔷
 والله فنان 👍🏽👍🏽👍🏽
يحلق لنفسه https://t.co/T5Q30JLwwF",0
@al_wasl وعبدالله كاظم شكله يبا يسير عند الجماعة 💸💸💸💰💰,0
آعلمِگ وش يعنيَ قممممة آلشّوٌقً يَـعنِيٌ آضُمگ ليِيِيِيِيِيِيِنٌ آسّسّمع ( طَقّـةُ عظَ مِگ,0
"@A7MAD_MAC حق مكياج فاطمة المؤمن و بيبي عبد المحسن و روان بن حسين وفوز الفهد .

كلهم زينين بس تحمل تاخذ وحده بحرانيه نسيت اسمها.",0
@ksh5a118 @AlArabiya_Brk للأسف بعض الناس كالكلاب إن تحمل عليهم يلهثون أو تركتهم يلهثون 😅,0
@MnbrAlhilal انشاء الله اكون غلطان، بس نصف الموسم ما راح يكمل. الهلال اكبر منه بكثير. خطة لعب زفت كرمكم الله..........الله يستر,0
"إحنا عونك
كلنا ويّاك
شايلين لونك 🇴🇲
يا رب توفيقك
#انتم_أبطالنا 
#عمان_البحرين
#كأس_الخليج23",0
ليش تشيل هم بكره ، يمكن بكره الله ياخذك 🤔,0
@Hannnn_996 @MunaAlshehhi الله يحفظ عمان وأهلها عراقه وتاريخ ❤️🌹,0
"أنا معه مثل كتاب ومسافر
قراه ف السفره وخلّص وخلّاه",0
@Nawaly_14 الله يرحمه ويرحم جميع اموات المسلمين ويطول بعماركم يارب,0
"@Khaled_Mayed @_Hadif_ يزاك الله كل خير

يا الأصيل",0
"انت  داري  مالك  بقلبي  مكان
وغيمه  احزانك  عن سماي  حلها
انت  الي بعد حب سنه راح  وخان 
بلاسبب رحت ونسيت عشرتنا كلها
لاتشكي اوجاعك ولاتقول من الزمان
وانت بسيوف غدرك بوجهي تسلها
لاترتجي نرجع سوا انت مامنك امان
اترك جروحي، وروحي  ولغيرك خلها 

#سمر_البحرينيه🇧🇭",0
"@lulualfozan89 كفو عليك بصراحة احس الوزن في رمضان يزيد بسرعه . 
الْيوم وزنت زايده ٢ كيلو لاجل كذا بسوي دايت هذا الاسبوع 🤐",0
"@Shouqziz ياخي كله كوم والثقة العمياء اللي يتكلم فيها كوم!!
""نحن ما قصرنا بشي""
""لو انت شايف النار بطريقة ايجابية عادي بتتقبلها""
""انا دارس دوري""

الخطأ والتقصير يغتفر، لكن انك تصر على الخطأ وتلقي باللوم على المشاهد هذي اعظم مصيبة!",0
@eye211231 امين يا رب ويبعد الحساد,0
@rajol_aldhel هذا اللي بيصير باذن الله 🌹,0
أطبخ وأشوف المباراة، أحسن وحدة ف الmultitasking! 😂,0
"@KhateebArwad ممكن نسخة من الدراسة أو الاستبيان؟
أكون ممنون",0
@MSA0099 @NbntQ @_MohdHA @MohamedBinZayed @HHShkMohd @HamdanMohammed @HM_Zayed @Hamdanzalnahyan @ABZayed ترا حديث النعمه هو اللي يصور كل شي وبعدين واضحه وين المجاعه اهم شي سلوى مااااااكووو 😂😂😂,0
@asmasaid933 دامج عمانيه حقج علي انا اسف ونعم فيج وفي هلج بس لا تلوميني وانا اخوج فيهم ، مسويين نفسهم شي وهم ولا شي ، تقبلي اعتذاري 🌷,0
"وهذا العالمي اذا نوى يجيبها طرق👌💪💛💙💛💙

 #النصر_و_الوحده_الاماراتي https://t.co/0PBnApR3EU",0
"@ngo0oshy والله 😂😂😂😂
 اللقافة مو شي 😂😂😂😂",0
حـيّ اللـي به عيـني تقـر وتلـبّيه💙.,0
@Calcio_223 حلال زلال عليه جعلها بالعافيه عليه,0
"يكفيني اللي في ضميرك مَ‘ـَُِنٍّ الود
ي .. ألذ عمر ٍ مر وأحب سيره 

أعشق تفاصيلك وإذا جات للجد :
ياكثر عشقي لك إذا مت غيره

#بوح",0
@SabaThe1st @tob___tob المفروض تسوين لها بلوك!,0
ذبحتونا اتحاد شرعي وشرعي خالي ورنا انجازات واخذ شرعيتك مشاكلكم احنا في غنا عنها ولاتهمنا كل اللي يهمنا الرياضه تعود الى ٨٢ ونكمل عقبها لا الشيخ طلال كان زين ولا احمد اليوسف ولا مرزوق اخر انجاز مهم كان  رابع اسيا ولحد يقولي بطوله غرب اسيا ويضحك على نفسه,0
#الكويت يقولون لي يا سيد كيف يغشوا بمشاريع البنيه التحتيه اقول لهم من فوق هالله هالله ومن تحت يعلم الله يقولون ما فهمنا قلت لهم شوفوا الفيديو اللي تحت هذا وضعنا التعيس والله صرنا نضحك ونبكي https://t.co/XTX2HIIgUB,0
"عندي هاردسك خربان ابا اطلع منه كل الملفات وابحث عن شخص يقدر يطلع منه حوا وعروقها فبمن تنصحوني؟؟؟؟؟؟؟
جربت مرة ف دبي وم فادوني واجد",0
"@saudalmukhled صباح الاحمد السكنية ماعندنا شي لا برق لا رعد لا مطر ،،، 
ناطرين والله كريم",0
@naif313 مافي ثقه يخاف تسرقه 😂,0
"تاكد ان المشاعر مـا تقـف ضـدك
لا خانها البرد ترجي صوتك الدافـي

لو راح بي جزر غيرك جابني مـدك
لا هب طاريك بشراعـي .. ومجدافـي",0
@a_halwachi الي يشجع البايرن بيدخل الجنة,0
@OSAMHBNSAL7 والله فاهمين والنسويات يطالبون بحقوق النساء باليمن,0
بكره عليكم دوامات روحتو ولا بعدكم 😀😀😀😀,0
"والله ياكنا في ضلال حنا كلنا ممنونين لك 
@Abdulmajeed113😂😂 https://t.co/VXgnXQBWc9",0
"زعلانين الهلاليين 
فريقكم سيء وداج وغير كفوء للبطولات حاليا",0
"الحمدالله انه قرعة كأس رئيس الدوله جمعتنا معاهم 

نرد الدين غصب طيب 😉🔥",0
@LetGoq8 هههه قديمه هل الكلمه (فصعه)انا متأكد مليون بالميه كثير من هل الجيل مايعرفها,0
@No44ora هونت .. بخلي يجون يغسلونها,0
الآ الى الله تصير الأمور,0
"@ms_iii1 حليله 
يمكن أهله مخبرينه اذا حد اشترى من عندك بكميه كبيره عطه هديه (تذاكر القرية) 
شكله مال صف أول .. صغير
اصلاً حتى لو بعدها فاتحه القريه ما باخذ التذاكر.. هذي السنه مب شي، قبل كانت احلى",0
دام السما حلوة ماعلينا بالزحمة اللي على الأرض 💭💕.,0
@Oldest_Snake @raulio @OldKhwilled كل تريلر ينزله كوجوما.. يكون حدث خاص منفرد.. يبي ليك تشوف reaction تبع angry joe 😂 يقول هالتريلر احسن من العاب لعبها السنة وهو مو من شبيحة كوجوما مثلنا 😂😂😂😂,0
@Aldhuhoori80 الصورة ع اليمين يوم الوصل بياخذ الدوري 😄,0
@5iNN6f4dXUPCM77 شفت أقولكم أنا أتكلم مع من هذي الصورة خليه لك ذكرى 😂😂😂 https://t.co/umb0DtRnxM,0
"بيت العطار 
مين ياكلها 
زد4 
زد5 https://t.co/4QRuH84Myt",0
"مارخصنا رِفيق ولاظلمنا عدو ،
كلنّ على حسب فعله يحدد مكانه!",0
@saraada41511136 @AnwarGargash @najkassem وقحه دام هذا اهتمامج فعذراً ما اقدر اناقش ناس بهالعقلية✋🏼اقدر اجيب اي صوره واقول هذي التبن ساره وافضحج لكن اخلاقي ما تسمح وهذا قذف ي جاهله👍🏻,0
@horse220 صدقت والله بس تري كثر الضحك يجيب البلادة وانا أشوفها منتشرة,0
فعلا بالنسبة لي تصرف غريب جدا.. الشللية منتشرة في تويتر.. الشلة كلها تزعل مع بعض و تتضارب مع نفس الشخص و تلغي المتابعة 🙃 https://t.co/Cv4bh7f5N6,0
@h8nKfsxU5Iv3YiR @kuwiiiit عاد كلش بنموت 😂احنا عِشان بيت الله ولا شنو بنحصل من ورا السعوديه  عقب ما قادتها الامارات اما بلد الريتوت عليها العوض ومنها العوض كش ملك 👏🏼🇶🇦,0
@witerooz73 بالعكس ما احب اشوفها🙈 تعور الفواد وتصيحني 🙊😂🤣,0
@Hassan_alsai  لي متى بنتم مظلومين ويلعبون ف حسبتنا,0
@bin_rashed97 م يصير نطلع الفضايح 😹😹,0
@JojoSy80 @sulafamemar7 @actortaim ياااريت لو صدق الخبر كثير مشتاقين نرجع نشوفهم مع بعض في عمل واحد ❤️❤️❤️,0
@y9reg ههههههههههههههههههههههههههههههههههه حلوه ماعنده كرامه يوزع الوطنيه والكرامه والشرف بكيفه,0
الدنيا دواره ويعطيك ذيك دور دور دور 😂😂 https://t.co/6ehAH44qOM,0
"قمت اتوجد للولع  والمعاميل
ونارٍ. طرف وادي  وخوة  نشاما

بين الدلال وبين بيض الفناجيل
للشعر  كيف وللسوالف . نظاما

#عوض_العلياني",0
"ياكرهي للمتمصدرين سياسياً وامنياً ورياضياً ،، 
#بس_اقول",0
@EthraaPic متأكد من المعلومة ولا بس كوبي بيست؟😄,0
@KuwaitiRover @waelbenalityna يعلم الله ياخي الكريم اقصد الصح في فكرة الهدف أم السب والقذف اللي بذر منه لا أؤيده والله يعينه على نفسه وأتمنى أنك تفهم قصدي بالموضوع نفسه لأن السب هذا مايمثلني وأنت سخص كريم وتستاهل الأحترام والكلام الطيب والسموحه على سوء فهمك,0
@tamarod69 @afaaa73 وانا حول لي فلوس بشتري دروع 👍🏻,0
"كلن على صبرهہ يلقى سعادتہ
        وكلن على نيتہ يَلقى توافيقہ ♡",0
@alshareef_l ماشاء الله كل اليمنين بالسعوديه عزموهم,0
"وإدارة الوصل صامده بعدها .. 

الله يصبرنا يارب https://t.co/JGpFbh0yQ2",0
@_Abdulwahab_ والنعم فيكم ياعبدالوهاب ، المشكله اصبحت هناك موجه كل من خالفك الراي قال وراك معزب ، عيال الكويت ماعندهم معازيب,0
@QATAR__4EVER خل اميرك يفزع لهم والا بس فالح يعطي قردوغان طياره خاصه😎,0
@alsaadal @SalwaAlhosani انتي راعية مزاج فاخر جداً,0
مايبي الشعراء. يدري هذرتهم واجد وبعدين يقطونه ع صخر ✋️🤣 https://t.co/qsnSzKSOft,0
@shaman1953 صدقت يالغالي ووالله إن اذا لقوا بوك او هويه او قلم طايح يعني شئ له قيمة انهم ينقزون اللي طايحه تحته من ريله وينبهونه ويرجعونهم له ،،،,0
@AlArabiya_spt والله غياء، بس بصراحة يضحك. استمروا 😅,0
"@Alshehritv كل اللي عملوه معك وبالأخير تقول أتمنى ألا أجبر!!!!!!
اذا اللي عملوه ضد الوطن أو المواطنين فمو من حقك السكوت أما أذا شي شخصي فهذه حرية شخصية بينك وبينهم",0
"@AhMaD_bAhBaHaNi @bahman89 
اذا مغلق احسن لأن راح يبيّن معاه بعدين.
اما المشغول فراح تتصل لما تقول بس",0
@AbuBumshell اي البصرة ،، اكيد الحين تغيرت عن اول 😂,0
@nasir_alarbash يبيله اسبوع محد يزعجه  متمخمخ حده,0
تخيلت كل شي بس ماقدرت اتخيل شكلي وانا عريس.,0
بس يا حوّش عزوا نفسكم كل يوم مسمين عيالكم على ديرة !! الله يعز الكويت ويحفظها 🇰🇼,0
@TurkiShalhoub من كثر ما اعيب عليه صرت مثله ما اجمع الكلام 😂😂,0
"@AlHadath 
طيب فين الجثه والمنشار",0
"وحدة في الچيم بتقولي الچيم ده كلله متحرشين وحاجة قرف بقولها خير فين ومين  ملاحظتش قالتلي فلان ده عمل نفسه بيسأل الساعه كام وجاي ورايا عشان يسألني اشمعنى انا🤦🏻‍♀️🤦🏻‍♀️
#prt",2
@hlajrma @A_AzizAlkhater نعم وهذا واقع والمشكله ان هناك ناس تتكلم وتخوض في هالموضوع وهم اكثر ناس مستفيدين وعن طريق امير او شيخ او وجيه قبيلته اذا ماتبون قبايل طالبوا الدوله بشطب اسماء عوايلكم من جميع الاثباتات الرسميه وخلوكم معنا سواسيه,0
الحينه السعوديين اللي دخلوا اسم قطر في قضية خاشقجي ؟ ولا الجزيرة القطرية اللي نازله اتهامات لسعودية بتغريداتها وأخبارها فعلاً الحمير يحبون الحمير أشباهم https://t.co/Rotfg4AGh5,0
"@NapoliNews_AR @HusseinY22 يوفي ونابولي 
مازالو الاقوي

انتر جايهم شهرين صعبين هني يبين معدن وقوه الفريق
الانتر للحين ما اثبت انه منافس",0
"@MohammedaLenaz1 المباراه بين فريقين سعوديين 

احد يشوف غير كذا ✋

الله يخلف على هالاعلامي الرياضي 
إلى الهاوية 😂👊",0
مو حلو ولا ذوق إن يكونون (الحزام - الجنطه - الجوتي - السوار - السلسله - الشال ) ماركة ...,0
@um_fajoor ترسلين رسالة نصية تكتبين خﻻلها ركلة جزاء على اﻻرقام اللي تظهر أسفل الشاشة في القناة الرياضية,0
باموت و أعرف من ذي بو جكارة ال أم اللي يتكلم عنه. سعيد الحمد,0
@ralfalasi @alwahda_academy اذا تبغي تعرف الفشل بادارة اكاديمية الوحده فاسأل عن الكابتن ماجد سالم،اديب عبيد،شيبان صالح،وغيرهم من الكباتن اللي انشأو النشأ من مدارس الكره الى الاكاديميه،اسألوا عن اداريين الوحده والاسامي كثيره،اسألوا فالايام الاخيره ما هي قصة الكابتن معتز عبدالله مع فريق تحت ١٥ سنه,0
@Zezo_rmd الاغلب ما يحبونه والله😂,0
"هذا دورينا وهذا سعر لاعبينا 
مش منطق ابداً المقارنه https://t.co/zSsGCTAkc4",0
"@ShiaBoycott @AlthaniSuhaim اصبر شوي بكره التويتر يولع من مقاطع الحوادث ..ياريال هم من قبل مسخره ..عقب هالقرار بنشوف العجب لانهم شعب همج ماشاف خير 

 استعد لمقاطع الدراما ومقاطع الظحك",0
@belquhood فقير تحليلياً ورياضه،كلام كلام كلام وصراخ،وقت البرنامج ساعه ونص ،من هالوقت ساعه و تسع وعشرين دقيقه هو يعاشي فلان وفلان وكلام ماخوذ شره من دون خيره,0
@bint__althani ماعليج من احد يافجر في ناس شغلها الفتنه,0
@aj_alsaadi لدرجه لو يجيني هديه ما استخدمة 🥀,0
تو موه ذي الزحمه 😑😑😑😑,0
يسعد مساج يا دارنا ♥♥,0
@Jraq4 زين حاط مارينا اف ام,0
اول لعبة لعبتها في حياتي على نظام IOS 🧟‍♂️🙄 من لعبها 🤔 على فكرة نزلتها وقاعد اللعبها 😂👌🏽 https://t.co/yEnQ5nZTTn,0
@YousefALosmee ترد عالشخص نفسه بس لا انت ولا غيرك يجيب طاري القبيله,0
طاح من عيني فنك لازم يكون رساله سلام وانسانيه مو نفاق وجذب ومسح جوخ https://t.co/2AdV6aZjSa,0
@hosseinfahsgma1 ما تبيد ذباب يا ابن المتعه.,0
"@c_id5 الله يصلح الحال  
ولا المسلمين مالهم ذنب في اللي 
حصل من السياسه",0
@T_AlOmar @Msalsaffar @lamyakn @eng3bod @latefakn @foalomar اكتشفت انه العايلة كلها عندها مشكلة ب حرف ال غ و ق,0
استغرب من كل هالضجه اللي صارت على المشروع ما زعلتوا على اشياء اكبر على مبالغ المشاريع السابقه .. الله يعينكم على اللي بتشوفونه 😁,0
@azizhadlaq2010 صيح الين تشبع يامهرج الجزيرة😂 https://t.co/kBCtWLyUSc,0
يعطيهم العافية والله يعينهم https://t.co/m3OjysxfWg,0
"سيّد جروحي شمس عمري وظلي
البعد طوّل والخطا منك واضح
اذا غرورك يمنعــك تعتــذرلــي
تعال جنبي وابتسملي وأسامــ ـح 

🤦🏽‍♀️",0
@q8_mzaj ياسلام سعت صدر ومزاج وضحكه انتي بنك الوناسه اسمك,0
الصيف والسفر .. اللي بيسافرون عليكم بالعافية ..  والصامدون الله يعوضكم خير  💖 https://t.co/sdE40Yt1eC,0
غيبه الذيب سوت للخرفان هيبه https://t.co/ifUsdPrRoZ,0
اللي مسوي المقطع يستاهل جائز نوبل للهبل 🤣 https://t.co/01xMEE13j1,0
إحنا علينا السعي والله يدبر الأمور,0
"مايذبح الانسان حاجه سوا اللوم 
من جيتن جاها ولا قدروها 
واللي تخلي مايجي عينه النوم 
الحاجه اللي في يديه وخذوها",0
@Ali_Aldousi @NasserRALKuwari @saudq1978 لما تكون مكة ابوك تعال تكلم بالوقاحه هذي ولا تلايط انت ومعازيبك مكه للمسلمين,0
@bint__althani @_5rt انا الؤلؤه بكبرها ما شفتها الا في الصور 🤣 محد عزمني شاسوي,0
@ms_iii1 @__9S1 أنا يالسه أتابع مسلسل مب ناويه على شي,0
@t_tn93 احمد ربك واخذت جنسيه ثانيه وتخارجت من هالبلد,0
"تذكّرني .. دامني وسـطْ ، قلبك 
كل ما تمر ضحكه معاي اضحكها
على كثر ما كنت : احبك ، احبك
ما كان عندي فرصه اكـرهْك ، فيها️",0
@hasanalsayed16 @Tlobo0 موسم صفر ؟! راجع معلوماتك يا سيد قبل ما تكتب شي,0
"@WhiteSwan90 @Mahoiyaa والمقابل 40 الف عانس
90 الف كويتي متزوج غير كويتية
غير عدد المطلقات

اتزوج منو هذا خياري انا
وحقوقي اخذها كاملة ما انتظر تعاطف احد
لكن اللي يتكلم يكون عنده منطق شوي",0
"بعض الظروف اللي تمر الرياجيل
والله .. ما تفرق عن الموت واجد !!",0
@lawyer__Mariam كل واحد ع هواه ماشي ويفتي,0
@mohammedawaad سايبوس نجيبه أرسنال الولد لعيب 👌بس ما عندنا فلوس 😂😂😂😂,0
@Alsada_SBH @AjelNews24 انته تعرف منو هذااا 😎😎😎,0
"يامن صدقتكم كذبه قناه سلوى وقاعده سلوى ومفاعل سلوى ونفايات سلوى  ترى مايهمنا مهايطكم 
الوقت كفيل يراويكم من  اللي بتغير خارطه بلاده ماعندكم الا الطل",0
يا الله الموضوع صار يطلع لي كل مكان 🤦🏽‍♀️😂😂 https://t.co/bUydWs3wop,0
@yo1959yo1959 عيدك مبارك وعساك من عواده اخوي بو تركي,0
الصبر جمرة سنيني ماترمد لو تطول // كل ماطول مداها صارت بقلبي تزيد #ابيات #تصميم_تغريدة #بيت_لك_اتعبك #بيت_شعر_يروق_لك http://t.co/xIWegItG9x,0
اللي جالسيلي ف الهاشتاق ذباب أكتروني و مدري أيش أقولهم أكرمونا بسكوتكم تراكم وايد مثاليين  #بن_زايد_يعذب_المعتقلين,0
@pilot3302 @fdeet_alnssr الله يرفع قدرك أخوي,0
@f_alshaikh مجلس النواب شكل من غير مضمون يعني مرات تشوف ورده حلوه تغريك ولما تشمها تلاقي ان ما فيها ريحه حسبي الله ونعم الوكيل بس,0
بعض الأمورْ ( مِحتآجِهْ ) تَبقىّ ب الصَدور,0
@tyeo_57 @kh_alhilal56 دام فيها جحفلي وعزت الله يخلف على المنتخب ؟؟,0
ما همتهم الكويت فطبيعي ما يهمهم العلم ..!!,0
@zyt0nh_ جميل انا لما اطلع صوب الوسطى اطلع خارج وانام فالخارج والمكان جميل جدا جدا 😊👌,0
@samykamaleldeen السيسي جاي مسافة السكه 😂😂😂,0
@falehalkhudair1 يابو فهد الورع عايش الدور ومتى ماأنتهت صلاحيته راح يحذفه معزبه بالشارع بس نعنبو خيرة أرثع فينا عسى ألله يرثع فيه ..,0
يَ مقصدي  في كل الحكي أشتقت لك &lt;3,0
"يا كثر اللي خذوا من دمّ قلبي جوده المحمود
و خلّوا له من الذكرى فصولٍ ما يدانيها",0
@Al_Affash انا لما اشوفكم و انتم تتلاسنوا بينكم استغرب..فمثلكم مثل النسوان الطباين لما يتخانقين و كل واحدة تجيب في الثانية عيوب البغلة و في الاخير عاد امر الثنتين في راس رجال..وانتو هجعونا لا انتم ولا هم معكم من امركم شي واموركم في راس رجال ان رضي رضيتوا.واذا ما رضي باتضربوا روسكم في جدار,0
@AwadAldarmaki نسأل الله العافية.. اللهم لا شماتة بس صج يستاهل هو وربعه كلهم,0
@RehabKamalEGY @MunemUAE يابنتي هو المفروض يصلح 🤣🤣🤣🤣🤣,0
"ايه   احبك   ولا   عندي  جواب
ليه   ما   ادري   ولكني   أبيك
شوفني  جيت  وبقلبي  صواب
يقطع   الحاجه   احتاج   ليديك
#سمر_البحرينيه🇧🇭",0
@5d3ny @Diqao2 @alainfcae نعم انهم يحلمون ف افضل لاعب أسيوي 💜,0
#سباق_الترايثلون. . فكرة السباق اكيد وراها مستشارين همهم نفسهم ... كلمن يتمصلح باللي عنده ع حساب الشعب,0
"ادارة النادي ماترضى تشوفك وانته تتسلق الشبك وتطلع بهذي الصورة المحرجه واللي ممكن تكلف النادي غرامه،

وامن الملعب عندهم امور كثيره علشان يطلع الجميع من الملعب بشكل أمن وحضاري وتنظيمي وتفكيرهم اكبر من مجرد التفكير فيك لوحدك.. وفي النهاية بيشلونك للمركز في وقت انته المفروض تفرح فيه!",0
@omanair يعني شو ترقبو اخر يوم متى نحضر امورنا كيف ذا العرض مال خاش ماخاش عرض زطوط اول مره اسمع انا كذا,0
أنا قايل إنه صديقي مظلوم https://t.co/Ux5zpfJzKb,0
@Majeedpubg ههههه والله رهيب يامجيد,0
سكون الليل يخليني اسرح في جمالك 💕,0
"طلع غدار طلع كذاب
طلع يشتهي خيانه",0
@adeldxb1981 بوفارس ليش معورين راسنا دام اصحاب القرار راضين فيهم و في ادارتهم العالمية,0
@belquhood @o_alshamsi تم حد معروض في السوق أصلا؟ حرام نشتري واحد مرتبط مع ناديه بأضعاف سعره واحنا كانت في ايدنا صفقات معقولة بس ما قدرنا عليها بسبب محدودية الميزانية.,0
@Maryam98131842 انا بعد خاطري العب فيهم,0
@ojjjjiiiijjjjo مانبي دعوة منافق ،، خل يدعي حق روحه قبل لايطيرون رقبه,0
"@Tbebo_sh @r_squrose اتوقع كنت اعيد رمضان كللله وكفارة شهرين معه 😱اتخيلني 

الحمممممممممدلله 😹💔",0
"كشافة محترفين وشغلهم فقط يقعدون طول الموسم  يراقبون اللاعبين معينين ويركزىن عليهم وفي النهايه ما يتعاقدون معاه لاسباب فنيه ويطلعلك كم واحد من مباراه او مباراتين يخلي هذا اللاعب نجم ويبي الفريق يتعاقد معاه

يالطيب انت محلل ولا كشاف مواهب ولا مدرب ولا اداري ولا شو بالضبط اخوي 😂",0
"مَ / تغيرتتَ , بسسَ ععرفتَ ،. ۈشَ اعنِي ﻟبعضهمَ وٱبتعِدتء",0
"@m_alooi @Eman_Rajab 
اخوي السالفة مو مدرسة 
السالفة فيها احترام للمحاضر وللحضور 
تخيل لو الدكتور ما نجوفه الا طالع 
احنا ما بنقبل بعد",0
@HoLSTN10 نفسي اول ماقررت اتزوج تهاوشت انا ورفيجي من يكلم أمه اول وطلعت متزوجه🌚,0
"سووها بيه أقرب الناس
من ياهو أحذر وأكتم الشر ..
ما ضل بعد بالدنيا مقياس
إبن آدم على إبن آدم تجبر",0
@northshrmrmwr وينكم عن الاسيويين مساء الجمعه في سناو يعملوا سوق لحالهم,0
@KHK يارب يحفظه ابونا ويحرق قلوب المصخرة اللي قاعدين بس بس يكتبون عبالهم شي  ترا ماتهمونا وبا كلام ياخذ بعين الاعتبار لانكم  بسالك يا الا العوده شخباره,0
@AhdiAlmarzouq بو سطام الظاهر انك تسوي مقارنه بين الاكل الخليجي والاكل اللبناني بس واحد يطلع كروش والثاني يحمر الخدود ويقلب العيون زرق هههههههه,0
@Bakzy اي والله كفو عليهم بردوا قلوبنا فيهم هههه #السد_الريان,0
@a7madHadi كلاسيك جكن من صبز  ترفع الراس🔥😎,0
مثل البيض من غير طماط 😂😂 #السعوديون_دون_محمد,0
"@monayalhamad ههههه
هي جذي السالفه بنهايه
بيدشون عشان المدرب او المدربه

الي نفس جذي لازم يحطون واجهه تفتح النفس عشان تشد الناس",0
@e8m_16 مو هذا كنه مروجيه 😂🏃🏼‍♂️🏃🏼‍♂️,0
سبحان الله الايفون لو تستخدمه 24 ساعه وتمشي وتعقه مابيستويبه شي، لكن قبل ما ينزل الايفون اليديد يبدأ الايفون اللي عندك يحر ويشكل ويخترب ويستهبل 😁,0
"يا هبوب الليل هبّي على صدر العليل .. يوم سالت عبرة العين وأسقت خدها
مابكت من ضعف عيني ولا قلبي ذليل .. حدّها الحظ الردي لين جابت حدها",0
"والله يامن يبا لصاحب الدحره 
مايدري إلا وهو من دحرته مدحور",0
لو تلف العالم مثل قلبي منت لاقي,0
"@Bsmataldaiq8 صباح النور والسرور 💐💐
عساكم بخير ومن حواليكم",0
@bu_d3 لأن اليوم الوقفه عندهم مب عيد 😂😂، باچر عيدهم 🤔🙄,0
"والله انيّ على شوفه وقربه شفوق 
ليتَ عيني تشوفه والمواجه سّهل .",0
"@m7mdalfajji 

انت اف اليوم ليش مو نايم 😡 نام ترا رفعت ضغطي نام 😂",0
"وحده كاتبه :
أوصيكم بعد موتي حبيبي لا تحبونه 🌚

 أبشرك وإنتي حيّه يكلم  10غيرك
موتي وتوكلي على الله بس 😂💔",0
"@faisal4ih خياراته  مثل وجهه  
مقارنتا  ب أجانب الأندية  الأخرى 
وفلسفته  بالتشكيله  

وكل ما أحد صرح في النادي  قال 
كل شي  بيد  سييرا  

لأبو  سييرا  لأبو  الي جابه 
هذا الاتحاد  مو  نادي سييرا  وبطاته  

عموما  الي قاعد يصير 
نتايجة  راح تبان  بعدين  

لنا  لقاء",0
@AfafAlrukhayes مساء السعاده وعيدج ميارك يالغاليه ، شكرا وايد على ذوقج وعلى اخلاقج وعلى احترامج لنفسج وغيرج ، لان اختلاف الرأي مطلوب بس اللى مطلوب اكثر احترام الرأي الثاني وهذا اللي انا لقيته بشخصج الكريم شكرا لانج انتى ربي يحفظج 🌹🌹❤️,0
"@Toomaa_6 ماشاء الله شهر فبراير محد انولد فيه الا الرفاعيبن 😂
عندج عنصرية نار 🔥",0
@aous_alsarayji اسحب عليه سريع سريع,0
@alblehe الجهاز سعره غالي فعلا .. لكن مافيه اي جهاز مماثل نقارنه فيه عشان نقول غالي او رخيص .. اما اجهزة ابل فهي غالية جدا فهناك اجهزة مماثله كثيره باسعار اقل بكثير خصوصا في مجال اللابتوبات,0
@Hassan_alsai كثر الله خيرهم .. هذا اللي قدروا عليه,0
"@nbwiaaaaaaaaaa @Kaa_kii توعدني بفرحتي واستنى بضحكتي
زي الورده ما تبقى مستنيه الندى
وتغيب وتفتكر وتجيني وتعتذر
فين القلب اللي يقدر يستحمل كل ده؟ 🎶🎶",0
@zyt0nh_ الحمد لله تعرفي تسوي شي بعدك 😂😂,0
@41r0ey1gWZvoCI7 @abomalak444 @khalidajmi12345 @uae_3G يا زبال اذا اهلك خول وعجبك الوضع وبتتكلمو كده اتحزم وارقص على طبله وحده ونص ولم الزباله في حتتك هههه,0
@Bosuodaa @LawInQatar لا تزيد المواجع خلني قد نسيت.,0
ربي يحفظك ياتاج روسنا تميم العز والفخر 🇶🇦💕 https://t.co/uH67cUVOh9,0
@talalllll870 طفر ابوخالد ... وش نقول احنا,0
"بليز رتويت 
الله يشافيه ويسهل أموره https://t.co/CwJQGEDlX2",0
@lbrehim1990 @0leem هو لسى فيه ناس تصدق الشيوخ,0
@Ahmed_m_f مبدع مبدع مبدع مبدع مبدع,0
@IIRAHOOOFAII @kwety46 @boazoooz55 @KhalifaShaheen عفوا انتي صاحية؟روا اقولج الامارات تتبع الحلول السلمية😩حكومتناعارفه تحل الموضوع ونحن راضين بالحلول السلميه✋🏼دام داخلي ليش رازه بويهج وترمسين,0
"@jabery897 @q8_abady @dreamerq8i مشاء الله بعد اكثر من 80 سنه طلعت غرينه 
خوش كذبه  عمي والله طرطره",0
@3bodi_15_ انا بدايتي مشجع للهلال بس كنت متابع خفيف وبعدها اعجبني الاتحاد ورحت له,0
مريم تقدملي واحد اكبر مني ب ١٠ سنين و سأستشرت دكتوره مت… — ماعتقد بهالكلام .. اصلا مو حلو الريال كبر المره .. لازم… https://t.co/Cs1Db1BiuX,0
"-

انا الوحيد اللي على العهد باقي
ومنافسيني بـ / الـغـــلا .. يستريحون

بكره لنا موعد حضور  .. وتلاقي
كسب القضية صار واضح ومضمون https://t.co/Vi9hL7DagZ",0
@Sun_Rays10 اها عشان كذا 🥴الله يعينك معاك حق صعبه,0
"جاك الفرج يا منتظر طلت #سهيل
ياللي تحرى وقت صيد الحبارى",0
شو ضع اللي يغسل بتراب وماء 😂. https://t.co/Ah4WVuoom6,0
"بعض أخوانه البدون اللي يشتغلون كتبه بالمستشفيات يعني لما تشوف واحد بطاقته بدون خلك ريال يوم واحد وعندك غيره وضبط اموره لا تسوي نفسك موظف صجي 
#أشق_قذلتك",0
@6wee6er تكفووووووووون تكفوووووووووون تكفوووووووون #طيح_الله_حظك,0
@KMAljaber اعيش في جو ملوث ولا أعيش في جو متلف للأعصاب ويقصر العمر 😒,0
"كلكم نايمين؟!

حرام فيكم الويكند 🌚🏃🏻‍♀️",0
"@lady_lalay1971 @Q8BoFaHaD افا
ايش هذي الفشيله
اعوذ بالله منهم",0
"#كم_مدينه_سافرت_في_بلادك
كلها تقريبا",0
"الجو غيم و ساقني يمك حنين ، 
الله يجيبك يوم جاب الله #مطر 💛💐",0
@ma__qo @abinbandr2 هررررررحب طن وترليووون ياوحش الدواسر ⁦🇸🇦⁩💪 https://t.co/sxt7pvVIDs,0
رقدت بس 4 ساعات و نص.. و أدري يومي بيكون طويل 😭,0
@hassonelsahban خله يسافر وبعدها يدخل التمرين مع خوانه وان شاء الله بيكون من ركائز الفريق وكلنا امل بالله وفيه ان شاء الله يسافر مع الفريق ونوجه هالطلب لمجلس الاداره وكلنا الكابتن حسن حسون الشمري 🌺💚🌸,0
@Nagamalsabah888 حتى راعي البقاله اذا شريت منه اقوله شكرن لنه خدمني,0
@uae_3G صلوا عليك ميت قول امين,0
"راح اتركك تعيش من غيري
بس تذكر انك مثل قلبي ما راح تلاقي",0
@RAYYANI__H @SAiFALKHAYAREEN كفو والله عزوتي ماغير قصور في القبايل ✋🏻😌💖,0
@Majid7Albalushi انا عارف وكثرت تغرايدات بهذا وكلها تخمين في السبق ولكن لا يوجد شي يثبت ..,0
"يا زمان العجايب وش بعد ما ظهر

كل ما قلت هانت جد علم جديد",0
"@yasomaz1 @mit7aa اكبر طاف حبيبتي محد يستاهل تعكري نفسش عشانه 
لانه محد بيهتم وبيبقى وبيحس فيش 
خلك مع نفسك واللي يعكر طنشيه 👌🏻

+ شكراً عالكوب حبيبتي م مداني اشكرش 
بصوره تصوير محترم وبششوف خلق الله كمية الجمال اللي فيه😕😍",0
@InCampNou فإن دايك شكله ناوي يجدد وفريقه يسوق للاشاعات,0
يا جماعة الخير ارجو منكم حل سريع لنا .. يعني ما يصير هلي وي واقف و تجاوزات من اليمين و تسبب في حوادث و مافي اي عقاب للمتجاوزين بالاضافه الى,0
عشان جذي يستاهل البلوووووك https://t.co/0bqVfrQ8jt,0
@alBatlayosi @0leem @s_b_gamers @Mu1KSA @KingBashIII @hosddy @AAzerouel @LayaliAlmatar1 طبيعه الحياه الاختلاف ولازم نتقبله اما قانون الدواعش هذا بينقرض والناس بتتعايش وكل هالعلماء بشر ومالهم اي قدسيه,0
بعطيه بلوك بدون اي رد https://t.co/Xk098b4SUs,0
@A_AlAlAIWi @zakiaateeq7 @M3riam16 @SAteeq6 حياتي انتي والله الله يخلينا حق بعض ولا يخلينا من بعض يارب,0
@Enjazi66333 اسرع #استقدام عاملة منزلية خادمة شغالة    جوال و اتس 0509660565,0
@TofyAmr والله مره كتير معليش مهي شوية ابدا، في مصاريف تانية غير الدراسة، اقل شي راتب ٣٠الف عشان تمشي الامور 🤷🏽‍♂️🤷🏽‍♂️🤷🏽‍♂️,0
"،وجهك إذا شفته، تباشرت بالخير
،مثل الصباح اللي به النور شارق
،ولك في قلوب الكل هيبة وتقدير
،والشعب بك يا سيد الشعب واثق
#محمد_بن_سلمان_سيف_العز https://t.co/5ZMpxkWcGy",0
@ebraheeemabdulh @J_ALedeib وعن كل مسلم ومسلمة,0
@UAESoccer @AlWaslSC @AlWaslStats @AlWasl_Goals كفو والله. هذي عوايد عيال زايد. مبادره رائعه جدا وانسانيه.  الله يكثر من امثاله,0
@aboshmees2 يسلم راسك وعساه دايم الدوم عالي مايوطي إلا لله سبحانه,0
@_ymn0_ واحنا شردناكم فوق ١٥ سنه 😂😂😂😂شفت الفرق,0
"جاكيت #سانيه
سبورة الصف https://t.co/dPm1QvDwXS",0
@DrZamzami علشان كذا حارق دمك على اولياء نعمتك,0
@NouraAliSaleh 😂😂😂 الجانب الممتلئ من الكاس شغلل ممتاز عندج,0
شرايك في تحديث سناب جات الجديد ؟ 🤔,0
@AlkaabiAs الله يوفقك يا ابو فيصل تستاهل و زود يا الذهب 💙,0
"رغم ""البعاد"" / وما حصل 
لازال لك فيني شعور
 أفرح أشوفك مُتصل
وأزعل .. على آخر ظهور""",0
@KjJcmWVnc4tw6QL @sultanomani ياعيني ...مايجوز شي من المتن مرض...مايضحك,0
"#الهلال_القادسيه
خروج كاريلو خطاء",0
@saoud_k_althani هههههههه بوخالد ماتوقعت ردك خلاص لازم أخذ بمقولتك واتفرغ لوظفيه وحده,0
"@2010A7asees اختصار كلمه قاعد ادرس يمكن 
@Bougylady 👉🏻يمكن تفيدنا اختنا من الكويت",0
@M47mood هذا أردوغان ما اختار يطلع إلا هالحزة,0
@taajaleez881 @alainuae_999 @yyqtr اخوي كلامي واضح انت تكرر كلام اللي فوقك لو فعلا هالكلام صح بدعم الحوثيين والارهاب ليش دول الحصار ما اثبتوا هالكلام ! ليش خايفين وليش مايجلسون في طاوله الحوار هذا الحل معروف دوليا لو فاهم فالسياسه ،، يوم طلع وزير خارجيه قطر السابق وقال كل اللي عنده لو كان كلامه خطا ليش وزيركم مارد,0
من عرفتك و انا ما نام الليل 💞,0
@AdelShatti صبحك الله بالخير والسعاده والمحبه,0
في احد غيري ضاق خلقه؟ https://t.co/jhc3wzoZZ3,0
@mishalsurhan @Mubarak636 @hajjsei شوف يا زبال الصهاينه ذولا داخلين السعوديه في بطولة الشطرنج ينعالي https://t.co/eJ1E1Ewd6s,0
@youm7 ممكن طريقة عمل الفطير ؟ و شكراً,0
@aziz_alomar @alkhobarcafe @AlsharqiyaCafe @dammam_rest تقييمي لخدماتهم ٠ ٪ ساعة وتروح أنت تدور طلبك,0
"@AL_JALAL2000 الوزارة تقول .. تم محاسبة الطالبتين !!
طيب واللي وراهم ؟ واللي دخل هالسموم في المدرسة عن طريقهم؟
الموضوع أكبر من فصل طلاب عن الدوام المدرسي!
بأي عين تنظر الوزارة؟",0
"اللي ماعنده كبير ،،
يشتري له كبير ،،
عساك خالد للاهلي ياخالد ،، 
💚💚 https://t.co/kfWscJGEZc",0
@emanyi_a احس انا نص يومي بيطلع فالسيارة😂😂😂هوايتي القعدة فيها لو يصير انام يمكن انام بعد,0
"@Michele4u القزاز شوي يخلص بجغمتين 😌
خوذي قوطي ولا بلاستك اكثر لك 😁",0
"@DrAlshayji صبحك الله بالخير ياشيخ
مثل هالموظفين اخذ معاك ماي زمزم مقري عليه وقول بسم الله وامسح  على وجهه
ويغدي شره ان شاءالله🙂",0
"@c_fb158 @A_Binmatrok @muutlaq معلش عالمداخلة..
هل وصلت فينا قضايا ومحاكم؟ سقوط وفشل التشاوريه يليها شكاوي وقضايا وتشهير؟! والله امر محزن!",0
@Khalil_shobrmi مسوووحله يا بو اديب 😄😄,0
غرفتي في أسوء حالاتها أحسن من الصالة الى عيال أخوي يلعبون فيها.. لعبة ضرابة 🙄 و الموضوع فيه جماهير (أنا و اختهم الكبيرة),0
"@umsultanqasmi3 ليش هذا الحقد والانانية

ليش الوحده ما تحط فبالها ان زوجة زوجها مثل اختها وممكن يكونن حبايب وأخوات ويسعدن زوجهن ويرتاحن هن بدل أنها تنكد على نفسها",0
@NaifalAsaker هههههههههه الله يغربل اللي ينقلك الكلام قص عليك 🤣😂 .,0
كلواحد حاط ترليون كومنت .. نهدأ اشوي https://t.co/uQCn0ewMit,0
"@AAmansoory بوخليفة القلب الكبير
 اللي يسوي له انفلو مايعرف الرجال",0
ان بغيت تشوف كمية حقد وغيض وقهر وعدم مفهومية بالكورة تابع  ثريد هالمصري وكلامه عن صلاح😂 https://t.co/iBcs3kif48,0
"@Dhahi_Khalfan ذحين عرفت كعل هادي ايش عملت  ههههههه 
هيا انتبه تذكر زبه ههههههههه",0
"السما في حضرة الغيم ..
تسحر كل عين ..
مثلك أنت ..
بحضرتك كل حاجه تختلف ..",0
@nusaiba__ @bido096 دكتورة نصحيها مو تساعدينها 😂💔,0
"@h_altabtabai 
بما انه الهدف استبيان ماله علاقه الاسم والرقم بالموضوع",0
"كل الحـلا لايق عليك انت بالذات
ياللّي عليك عيون سودا ووسيعه
مفــروض ما تاكل كيندر وكتكات
النّـاس تستورد حـلاك .. وتبيعه
#غزل",0
@ray_q1 القصة ان البنت هي اللي شكت 🌹,0
مسلسل Stranger Things من أفضل المسلسلات الموجودة على نيتفلكس ولازم تشوفه الشخصيات صغيرة لكن تمثيلهم رهيب جدا والقصة حلوه,0
يا جماعه بس خل نغير جو وايد معصبين و متوترين من الصبح http://t.co/8rmFxoKJ,0
"والرابح اللي مدركن ذبت الريع 
وله سمعت عند الرجال امحشومه

عبدالله بن عون",0
@LLgrooh بحكم ان المملكه اكبر الدول الخليجيه مساحه وبحكم ان ال سعود هم من يحكمونها فطبيعي يقصد هالشئ وإلا شو رأيك انت ! انتهى 🙂,0
وانا ماني قادر افهم شنهو يعني انتهينا,0
@nasser19999 السركال شكله بيطلب لجوء سياسي,0
@Albadry83 عسى الله يشافيه ويطول بعمره,0
"ثانويه صباح السالم الله يهداهم يسوون تجمع سنوي لكن ما ينشرون الدعوه بالشكل المطلوب
اقلها اعلان امام باب المدرسه

او يسوون اكاونت بتويتر و انستغرام  باسم التجمع https://t.co/m5jaTMi0Zm",0
"@nalhamer 
والا شخبار شلحتك؟ يابو شلحة!",0
"@Qattan77 @ahmad_alenizy طلعت من روما وعندي دوري وكاس وبرشلونه مو ناقصه حلوق عشان يزيدون
..
عندي لاعبين يجيبون بطولات لي جدام وماني مستعجل
هاردلك بالدوري وانا حاط رقم 42 وانت تسوي نفسك محنك🤣🤣🤣
انا اقول اطلع من منشني لا اجيبلك ارسنالي يسحلك 🤣🤣🤣🤣🤣",0
@Mukhlef من اجمل اغاني كاظم 💕,0
شيله-ياكثرهم لا قلت لك عرفت وجيه http://t.co/O6IMsLCEGJ,0
@nmsroko1 ابوك رجل شريف ويعرف كلمه الحق لكن ابناء ايران مالهم امان وذمه حليب الحمير له تاثير,0
"@Ahmeeeed102 تصدق قاعد ااقرا تغريداتك 
لقيت صور سلمان ، صدام ، ترامب ، فيصل 
سبحان الله .. وين صور قابوس 
او بالاحرى وش اللي سواه في حياته للقدس او للقضية الفلسطينية ؟!!",0
@serm_aii يمكن كلهم شاربين من نفس براند ماي البالوعه,0
هذا الأسبوع حسّيت مافي شي معوق كثر جدول الدوام,0
اشوه يوسف الجمري ونوال عطيه يخلون نكت من جرايد البحرين … من وقفوا الوسط وانا ما شميت ريحة جريدة .,0
@babalrayyan11 🤣🤣🤣🤣🤣🤣🤣🤣🤣🤣🤣🤣🤣🤣🤣🤣🤣🤣🤣🤣🤣🤣🤣🤣🤣🤣🤣🤣🤣🤣🤣🤣🤣🤣 لا اتحاتين محد يقولي يا حسرة,0
"@i_THAMER6 واحنا هذا حظنا
كل لاعبينه
رفيجاتهم طالعين طلعه 😞",0
@shsh77771958 @she3fa6 حسيبك الله وانت خصمي عند رب العالمين,0
"@2nsr55 قسم بالله طارق الحربي سابق زمانه وعنده
نظره بعيده في الرجال انت نكبه يا طارق",0
@3_zzah بلا.. لما تدخلون حروب وتجرونا معاكم.. من حقنا نتكلم,0
@SalahAlelaj هههههههه الله يغربل القائمين على هالاكاونت الدايخ,0
"@Mr_Adnann اللاعب الرحيد اللي توفق الاهلي باختياره بعد
كماتشو ،، بس مافي نصيب",0
@saudi44 @aldosari87 @AJArabic الدوسري لما م عرفت ترد عطيتني بلوك ي خي بسرعه تزعلون🤦🏻‍♀️💔 https://t.co/8ZH3NvZY8b,0
"@DER3_ALJAZEERA 
الله يطول في عمرك .. انا خذته ٢٠٠١ يعني توني شباب..",0
"@alkiumi @AmbuHaitham تحدي تحـدي والتحـدي يبـا فرسـان
ولا فيـه حـبـة خـشـم ولامحنـيّـه
هـل القوطـي المـزاز تلقـاه بالدكـان
وأهل السيف أبو حديـن تلقـاه بالهيّـه 🏃🏻",0
"بعض الذباب يدخل ويسب تحت التغريده ومن متابعتي الدقيقه 

شكلهم هم اللي يختارون يتنحى بناء على رغبته !

😂😂😂😂😂😂😂

اهم شي تقولون رايكم الحقيقي بتصويتكم 😅",0
"@alkindi201 تراني دائماً اذكركم باشياء حلوة 😌
مثل هالشي 👇🏻 https://t.co/i8rxs5kXH4",0
قام حظها ( ليلي ) مع هالاغنية 👌🏼😂🎼🎻🇱🇧 https://t.co/LjyjuKoGWS,0
@ranaalsalem9 عمر دياب يعني في الاياب عمر هوساوي بيسجل الهدف لنصر وبيفوز خلاص فسرتها كذا 😂,0
جم واحد عطااج هديه ؟؟,0
@1991_abokalid ياخي دخلت تويتر بس علشان اتاكد انه معلق,0
"@Ahmadanov 
تكمل الغياب مع الاجازة",0
"@AlaaUnited20 مورينيو جاب لك بطولات

سولشاير ابدع في شهرين بس 
ومن بعدها قاعد يثبت انه ماعنده شي

اداره امور الفريق تعاقدات او بيع بيده واذا راضي ودش بالفريق هذا مصيبه",0
@bogaili @hbahroh تقارن قبل بهالوقت اللي الحراميه ترس العالم والمخدرات والمحرمات  اللي  ما يحرمونها وين اول وين الحين بعالوقت تفتيش وتحت الاجهزه وعساهم ينصادون,0
"@bo_soud63 ما أدري شنو قايل بالضبط
ولكن هو بالأساس مايعجبني
لا هو ولا الشليمي ولا محمد الملا
وكل اللي يتطاولون على دول الخليج
ما أعتبره راي أعتبره ينطق بلسان غيره",0
@aliashuaib كل عام وانتي بخير يا دكتورتنا العزيزه بس ممكن نعرف منظر الثلج وين فيه,0
@AlthaniSuhaim صح بيكون بقطر انشالله مكبل ومسجون في قطر,0
@turki_5555 @ah_alsuliman تستاهل ومبروك وعقبال الرتب الأعلى,0
@Al_khalaf90 @Abdulla_Albader والله ماله حل هههههههههههه,0
@S__W__H كل المؤسسات كذا صارت,0
@OMN_4 اخرتها زحلوطه موديييل اول وكم شكل والباقي كلها زراعه وعالناس يرضيو بهالشي ومن متى هالكلام يقولو عنه وفالنهايه خسارة فلوس الدوله,0
@bin_shaheen52 @bahraini_girl5 @manalabdulla99 @3anoodAlThani @Benguennak لان احنا عارفين انه احنا الصح وما نحتاج حد يعزز لنا وبس هذا هو الموضووع واتمنى انه انتم كشعب تنظرون للموضوع كأزمه حقيقيه وليست مال واكل💁🏻,0
@AbuMubarak1969 ما عليك منهم محد مصدقهم الناس واعيه وتشوف,0
@A02A022 @mobarakalmamai @JawaherAKH وحبيت ازيدج من الشعر بيت  لوتكلمتي من لين بكره صدقيني ماراح تستفدين شي لانج بتاخذين ذنوب في شي انتي ماشفتيه بعينج    وقطر مثل ماقلت لج لها مكانتها وسيادتها  خليج في نفسج افضل من الكلام طايش والمذب 🖐🏻😌,0
"صبيان اخوانية قطر عشره على عشره
بس في شي مهم 
الي بيته من زجاج ما يحذف الناس بصخر
وانتوا مو زجاج بل نا يلون شفاف",0
"تمنيت أرحل لعالم عليه الفاتحة تقرأ .. ورفض موتي يواجهني بوجه القادم المخفي .. يا ترى شفتو جسد ميت ورفض يستقبله قبره .. أنا هذه معاناتي وأظن اللي مضى يكفي!

#حـــوه💔",0
@Flan_Bahrain نغل وانطفى عقبال النغل الأكبر ترامب,0
@ranglar66 م عندي خلفيه اذا كلها بس هذا صوب البحر,0
@Maaaiy77 🇸🇦: احنا بنتدخل في بلدكم👈🏻🇶🇦 بس انتو لا https://t.co/4oBcW8Repn,0
@D_Al3siri05 بذي المناسبة احب اشكرج على توصياتج 😂💕,0
@sus_c1 اولا ماكان سعودي . وثانيا انت جمعت الشعب كله وقلت همجي مب عيب عليك . صدق انك ما عندك سالفه وما بسبك لانك ما تستاهل حتى السبه . ومحشومين اهل عمان من امثالك,0
@o7it_ أبشر و أوعدك أن #السد جايكم على الموعد ... الأهم خلك جاهز لا جاك ولا تنسون تشدون حزامكم مضبوط 🔥🔥🔥 https://t.co/CFErJey50u,0
@M_Alnassr عز الله انضرب الاقتصاد اذا تخرجتي,0
"ما اضن احلى من ري زيرو
@Yona_kaezaky @4_mysterious",0
@Kuwaity__7r هالاشكال ماينفع معاها الا جذي,0
@56Waild امين ياربي وتسلم ياحب,0
@saudq1978 ذبحك الموقف التاريخي خل عنك الماضي عطني وش سويت انت وابو الرؤيه المنبطح ووين بتودوون المملكه عسى الله يعين شعبها عليكم,0
@Hassan_alsai @Qatar_Edu كلنا تعبانين والشغل في ازياد سواء في رياض الأطفال أو في المدارس,0
@aKrrHK @latif_jaberr عسى ألله يرحمك ويغفرلك ويسكنك فسيح جناته آه لو تدري عن شعبك هالحين معاد فيه جماعه طشرونا عسى ألله لايوفقهم #اسقاط_القروض_لليوم_121 🇰🇼❗,0
@BaderWaheed والله ما صرنا نعرف نفرق بين الشي الزين والسيء هذي الأيام، اذا كان مجال نفط يقلب موازين ومجالات الدولة مكلها ما نقول الا الله يعينا,0
@light2589 @kalakashra كتبوا تعليقاتكم بدون صور أو ڤيديو عشان لا ينشهرون بالڤيديو  اللي يتعمدون  ينتشر وتزيد شهرتهم ....,0
@fhad_rashd  مشكور يافهد وان شاء الله نتواصل,0
انتو مش عارفين انكم نور عيونه 😎 https://t.co/3rKNoiaCf3,0
"@azalameri بالعكس أنا اشوف التغطية أول بأول .. لكن بالنسبة للأخبار مايقدرون ينزلون اجتهادات .. كل شيء ب ""توجيه"" متى ما كان رسمي",0
@halreyami @alsultan647 @alsultan424 @ALI_ALAHMAD19 @aalreyami @saeed_alreyami @Eng_alghoul @77_apache قلنا لكم طلعوا من الجروب وخلوه بروحه🤦🏻‍♂️,0
@Corrup_fight چذي عدل 👍🏼 حتي لا يتلاعبون بالاسعار,0
@uic01 @3tr_2001 @rahafAlyousif @qiiliiv_ @bdor1957g @91Viil واسولف لج عن اللي صار بغيابج..,0
@Sb3anS الله يسرني بسلامتك يبو سعود ..عسى الله يبطي بيومك .. وابشر بالخير,0
@sa600r ابداً مشكله هذولا كبدهم ماتعاف شي وعندهم كل مجتره حلال 😂😂😂😂,0
جد جد الجو يمرض..والاخبار تمرض..,0
@alqassimi5 🤔 تدري انك مُهزأ  ولا ماتدري,0
@SamiAlJaber تستاهل كل خير يابو عبدالله والله يوفقك,0
@h_althani1 مادري اللي وصلني انه من أيام مرسي يتصور خارج مصر. بس ما اقتنعت لأن اصطاف البرنامج والجمهور مصريين .  وشكرا على التوضيح,0
@Alamiri19 تعوذ من الشيطان يوسف بسنا 🤣🤣🤣🤣🤣,0
@makharesh @AlNassrFC ايه خلك مع العالمي 💙💛,0
@ALDhaheri8080 @Dralnoaimi 😂😂😂😃 يالظاهري  شو بلاكم صرتم ربيع ايران 😂😂😂😂 https://t.co/DVyo57jhGr,0
@KateStewart22 شكرا لك ومقدرين كسعوديين جهودك الله يحفظك,0
"عندي احساس انه جسر الشيخ خليفة بيتهردم من كثرة السياير والزحمة اللي فوقه 😝😝😁😁
@b4bhcom @Deertybhr @mnarfezhom 
#bahrain #البحرين #زحمة",0
@yousuf_alabri @SaAlkalbani @ZainabAlzeedi @AmbuHaitham @BadriyaALAbri @GhLojin90 انا شخصيا ما قدرت اتغدا من هول الصدمة,0
"دايماً التضحيات اللي تقدمها للناس بتكون 
أنت الضحية والمتضرر الوحيد امامها .",0
"@blue_girl15 اهم شي انقلع وراح  مع نائبه 

مانبغى اعتذار ولا بيان ولا شي 

فرقاه ( عيييييييد ) 

وسلامتك",0
@bin_dhahii الله يستر باجر ويارب اعيال سلمان يسوون شي يتعادلون او يفوزون واتكون فرحة العرب,0
@s_esma3eel راح يتهمونهم بالخيانة والعمالة بكل الأحوال، فليش يتعبون نفسهم في محاولة ارضاء ناس عمرها ما راح ترضى؟,0
@bofaries اها.. يلا مب مشكلة و مشكور على التوضيح أخوي,0
@DER3_ALJAZEERA الطاقة الايجابية ما يبي لها دورات غبية كلها كلام فاضي، بس إجازة وتركب الطيارة وتروح مكان حلو وترجع بأحلى طاقة إيجابية 😍,0
واللي موعارف الرياضه صح ويصرح على كيفه تلاقيه حتي الكره مومامسكها بايده ومايدري جان مدوره ولا مربعه,0
اشوف إعلانات العسل كاثره هالايام,0
@Bu_Theyab_ @Aazarouni بيوتنا أمانة ولازم نعكس اللي حابين نشوفه في بلادنا ببيوتنا ومن ثم في محيطنا المباشر.. ما أنسى الأثر اللي تركه أخوي في نفسي بعد ما تخرج وقبل بوظيفة مدرس مع ان كان عنده خيار يكون وكيل نيابة أو محامي.. قالي اذا أنا وانت ما صرنا مدرسين بدال الأجانب ووجهنا عيال البلاد كيف بنحافظ عليهم,0
"@saadsalshammari @ALGHARAFACLUB للحين يبيلكم لاعب او اثنين من المواطنين السوبر 
عشان نقدر نقول لكم باك",0
@_nouraalhassan انتظر هاليوم بـ فارغ الصبر ..,0
حدث اللي خااايفين منه ... الامارات يسجل التعادل للاسف,0
@TamimBinHamad جعلها سنه خير عالجميع يارب 🇶🇦❤️,0
@M78AKH واللي ماعنده حساب يا اسرع ايش يسوي😂😂😂,0
@KSA24 الله لا يسامحكم لا دنيا و لا اخره و قطر بدونكم بألف خير,0
"@alkuwwaiti @Bentfdk 
خبرونا عن انجازاتكم والربح القليل و العمل المضني اللي سويتوه",0
@musab_shamsah شفت شلون طول عمري جارك من المتوسط 😜,0
@bahraini_girl5 @rajooai @qatarmn @jejealotaibii @bna_ar بموت لالا مب جي عاد انا اقول شفيه قام م يطلع يصرح ولا شي ويهه احترق خلاص 😂😂😩,0
"عرض خاص برمضان ، 
اللي يعزمني مرتين ع الفطور ،
المره الثالثه بجيه بدون عزيمه
يلا انبسطو /""😁 !",0
@HalaFmradio ٧٧ بس؟ والرساله بفلوس على الاقل خلوها ٧٧٧ ريال,0
"😂😂بس حبيت اذكر قناة بدايه قولنا لكم اجتماعيه مو دينيه .. واللي قدموه الشباب شي من عندهم والات بشريه لو سمحتوا😂😂 افهموا شوي الله يأخذكم من بشريه 

#زد_رصيدك86",0
أحياناً نحتاج حق شخص نكلمة و كلمنا نسمعه و يسمعنا ...,0
"@ABuloshi777 الحرمة جمعوها في اكياس
والرجال من الصدمه يقولون ابتداء يعرف يطلب ماي",0
"“@Ahmadanov: @Alshiraze وانت متوقع ومصدق كلام انها جاهزه من زمان” 

وتعودنا من حكومتنا أن
(نتوقع الغير متوقع)",0
@molaaaa78 وتكون لابس مكسر وسيع ما يحز بالخاطر ولا الخاصر  والمكيف بااارد واقعد على كتر,0
@F6o0oMaAa شفتي شي اهون من شي 🤣🤣,0
@abdulla_ali991 اتوقع المباراة فيها طردين على ميلان,0
@S_M_A_AlFaisal خلها عندك الين بكرة ان شاء الله 😍💙💙😍,0
@manarzowayed غصبًا عنا نكسر الخاطر ع هالاسبوعين😢🤣,0
@saad_aleid1 @djimolfr @ITALY_00 لون الجوتي اعزكم ﷲ مختلف,0
"اسماعيل هنية يذكرني بياسر عرفات عراب البوس ..
ما عتق لا بنت ولا ولد ولا شيخ الا باسه وكأن فلسطين باقي لها بوستين وتتحرر !!
لله درك يا قدس...",0
​صدور خلق الله ما تقبل انفاس .. تزعل بلا داعي ولا عاد ترضا .. وحنا ابتلشنا فالتعامل مع الناس .. الوقت يمرض واكثر الناس مرضااااااااا,0
@AlkaabiWa @Bosuodaa @7amadalyafei @ooredoo_aq مو اَي متابعة !!! الحين لما يصير اَي تجمع وتنتقد فيه اَي حد من المشهورين او تذكر عنه اَي ملاحظة تلاقي فئة وخصوصا من الي أعمارهم بين ١٤ و٢٠ تبرر له افعالهم !!!!! وتحط لهم الأعذار ويزعلون من نقدك !!!!,0
@najat_33 شر مايجيك خيتي يسلموا 🍉🌹👌🌹🍉,0
"@Abo_Mrzoq صار لي 5 سنين ماطافتني ولامباراه للهلال
الا هالموسم نمت عن مبارتين ماتابعتها",0
"@Mahdisdaah ويسعد صباحي 
ويسعدني 
ويسعد مسااي
🌹🌹",0
@dhbabdAllah احترم طرحج استاذة ظبية واستمتع بما تكتبين بس اعتقد انج ماوفقتي في هالوسم .. الله يوفقنا واياج لكل خير,0
"يقول المثل #المصري (اللي اتجوز رسمي  ميطلقش عرفي)

إفهموها يامتمردين يابتاع #تمرد",0
@Roobate_23 مايخلص هذي شغلتك اكرفي وانتي ساكته,0
@aliwe555 @b_3_4 كلهم يشربون نفس الشوربة.,0
"""مو من جدهم!"" حال بعض الجامعات مزري 🤢 https://t.co/tAhrL65BPV",0
@o_alshamsi سلامات بو حمدان ما تشوف شر,0
"أضحك بوجه الحزن وأغيض حزنه
وإن كسرني رحت أدوّر ضحكة أمي...!❤️ أضحك بوجه الحزن وأغيض حزنه
وإن كسرني رحت أدوّر ضحكة أمي...!❤️",0
@Bol3zz_Q8 شوف الردود اللي عليه من السعوديين 😄,0
زين عيل، بس زميلتي ما تعرف المرسل اصلا . https://t.co/sBV29pdydM,0
@Tofi031 مادرى احنا بغلانا مانبي اللي مايبينا ..,0
@ajmubasher أضحك مع قناة الجزيرة....الحلقة رقم 696969,0
"@fasas العفو 🌹
كلمة حق تستحقها",0
@salmanoh1 نفس ما توقعت لكن بالمقلوب 🤣,0
ي غبي  أصحابك الجامعين سفراء الدولة بامريكا ومصر  وانت جالس تطبل لميت .بقره😂 https://t.co/r3iWhNRSZa,0
صبح صبح يا عم الحج :-),0
@afnan__musab ليش جيه لونها. ف الامارات اتكون فاتحه,0
@Thigamalabidi @213452ef1bc2443 بعدين ليش لغيت المتابعه يا المهندس,0
"انا اكثر إنسان جرح نفسه بنفسه ،
بعد ما عطيت قلبي ووفيت بِكلامي ،
لقيت منه الجحود والطعون !",0
@bomunif زين حنا متقدمين ب ٢,0
حق اللي تقول انا عظمي عريض 😂 https://t.co/3nviJnKH7L,0
@Retweet_Sohar ان شاء الله صحار 2_1,0
@abdulahh9999 @Marsalqatar @khdijahbn الأدلة متوفرة وكل شي واضح عطني الأدلة اللي عندك للاسف بعض وسائل الاعلام عندكم همها تزرع الفتنه وانت ماتقدر تتكلم بالحق وراك عقوبة وسجن,0
عذب بسواليفه ما هو بثقيل دم ودك إليا ضقت بس تسمع سواليفه أن طلبت منه شي رد  ” بتم “ يالبى طوايف طوايف طوايفه *,0
@deemaa36_ آمين، الله يرحمها ويغفر لها💙,0
"في العالم كله الدقيقة عبارة عن  60 
ثانية إلا عندنا الدقيقه على حسب ذمة اللي يقولها!!",0
محظووووره هاه خربت المراجل 😂😂😂😂😂 https://t.co/qEd4NanAM9,0
"اتمنى من عفاش لما يكون يقرر يتكلم 
يكةن يحفظ ويخلي شخص على علم يكتب له 
وشي مهم جدا 
لما تتكلم على من هم اعلى منك... http://t.co/997Lo0ktEx",0
بذي المناسبة اي احد عنده اي طلب الباب مفتوح 😌. https://t.co/ygFtv1wpGy,0
@xbo_salmanx ما عزمتنا يا بو سلمان ولا الحظ لبو رزيقة بس !🤨,0
اليوم اليوع مسيطر على عواطفي,0
@ONN_1 يستاهل ما حد لزم عليه يدمر مسيرته لو جلس في أوربا كان عنده عقد سنتين الحين بيهينه الهلال السعودي وبيكون في الإحتياط,0
"سيارة جدامي حذف كل الوصخ الي عنده في الشارع !!!

في حالة رصد هذي التصرفات المخالفة هل هناك جهه نتصل بها !؟",0
"العتب نصف الخصام، والتعب كان النصيب ..
جيتك و عندي كلام؛ ورحت ما عندي حبيب ..",0
"@m83_m82_ الله يكافينا و يكافيهم شر الحسد و الغل و سواد القلب . 
عمره ما يبارك مسعى أحد .",0
"@AFGS1980 @ibra1997733 @1444_fahd خير بإذن الله للنصر والنصراويين كاس العالم للانديه
او الوصيف من نصيب النصر بإذن الله",0
"إما اشتهر بالطيب والناس تكفيك..
والا ترى مالك ورى الصيت حاجة..

بعض العرب في شهرته كنه (البيك)
مشهور لكن في النهاية دجاجة..!!",0
@Flan_Bahrain شكلها مو سريعة وهذا أهم شي، يستهويني هالنوع من الألعاب عدل,0
ما ضنتي يا عبيد ناكل بتيته,0
"الشخص اللي تكرهه خصص له في جوالك أحلى نغمه عشان تسمعها كامله ولا ترد عليه. 🎶🎶
😂😂😂",0
"@malosaimi5 ونعم ياولد منصور 
عطني الشاهد انتم يالاد عاصم اكثر عتيبة 👍
يقول بن حميد 
الادعاصم زبن من كان مغبون
قومٍ  تقلــد  فالمعارك  كفنها
مركى عتيبه يوم طاعن ومطعون
ومقلطة حيل الغنم في صحنها",0
"#صيدلية_النهدي
مو تلاحظون اللي يشتغلون بالنهدي كلما اشتريتو منتج يروحون يتفلسفون عليك ويجيبون لك منتج ثاني يشبه له بس بسعر اعلى غير كذا لما اطلب اي كريم للوجه يجيب لي لوشن من نفس الماركة بس اكبر الا غصب اخذ سعر اكبر مره غثى 
 @nahdihope",0
@qadsiaqq8 وضع القادسيه مايطمن والله يستر من الشوط الثاني.... لعب عشوائي تمريرات مقطوعه بطئ بالحركه,0
"جابر الله الخاطر لا عدمت حب حبيبك ،
وجابر الله الشوق اللي مثل الجمر يحتريك !",0
"المحكمه العليا للسعودية قالو بكره عيد 
ملع يا اصحابنا اتهزهزو قليل وقولنا باليمن عيد والا لا 
حتى مالكمش ددخل بالعيد",0
"ابي اشوفك وامتلي 
  ​    فيك ؤاحضنك
      وانسىّ حياتي بين :  
  ​    لمسه يدينك !",0
@Ineedme12 اذا انعدمت المنافسه تسوء الخدمه وترتفع الاسعار,0
@WafaAlMulla الخير عندكم و عندنا.. ما يراعون في كبار في السن في ناس عندها دوامات في ناس عندها يهال في المدارس..,0
ما يبونك لشخصك لا والله ماني مكلم احد يتوسطلك!؟صار٢-٨الغزو انه نايم صحيت على رقع باب داري والوالد يقولي قوم موت!قوم موت!؟لكويت راحت/٤,0
فرحتي فيك ياسعد ماتنوصف ..حب فرحه ضحكة فخر من الصغر  ماينوصف ..... مبروك تخرجك ياروح ماما ضيا… https://t.co/rSu5SnC0B3,0
"اوقاتّ تحس انك ندمان على المُبالغة في اشياء كانت حلوه بوقتّها بس,تحس انك بذلتّ مجهود وهو كثيّر عليها حسره.",0
نشاركك حب قديمك. واللي ماله قديم ماله جديد. ولكن مطلوب مواكبة الجديد  حتى نواكب العصر والحضاره. كي لا نبقى اخر الركب https://t.co/UBYgJQGoKR,0
@farahh78 @nasir_alarbash موعد مستشفى او غرفة خاصة او موعد في تخليص معامله في جهة حكومية ويقولون الكويتي مايشتغل اقسم بالله ان عيالنا موبدعين وعلى الاقل يخاف على مصلحة بلده مو وافد يبيع من يدفع اكثر اهم شئ مصلحة والدليل التزوير والرشاوي اللي انتشرت في غالبية الوزرات أين المخلصين من اصاحب القرار!!,0
@21s0940 @HealthierOman اول ما تدخل تجيك لوعة من جد ، ريحة قوية وكريهه الله يعين المرضى والزوار,0
"إحذر تحب ..
من يركــنك
على رفوف الذاكره
ويستحضرك
لا صار محتاج لـ دوا
ماله لوا
أبشرك ماهو محب ..
ومفارقه ما هو صعب ..",0
@Fahad1uq ما عليك زود تستاهلون هذيل,0
@ASNA_20 انتم مايصلح لكم الا عمك الشيخ فهد بن فلاح ال حثلين اللي مروضكم 😂😂😂تبي أكمل,0
"@Ahmadaljaralah كل هاذي التصريحات كاذبه ومخدره عشان ما تبون نطلع #اعتصام_2_اكتوبر
بس والله طالعين طالعين ولا أكبر شنب يقدر يمنعنا✌✌",0
@Z0rVs @fd8444 @WLDQTR2 مب يمكن الا اكيد 😩,0
@Bo_hnaaaan @ra3iswalif @majedhalanzi_q8 @moooon_75 @Alywazi_ قول ماعندك رد مش رد اكثر جرأه 😎،، مشكلتنا واقعيين مانحب اللف والدوران اذا تنتظر لف ودوران مابتلاقيها عندنا 🙂,0
@hamadlahdan حتى ف المقصب واسطات!!!,0
@oldasool ابله محاسن كانت تدرسنا انجلش ف الابتدائي روحي السودان يمكن تحصليها😜,0
ياضوى عيوني. واجمل ضنوني انا احبك موت واننفس هواك❤️,0
الجو الجميل وصل 🌹 .. يبيله طلعة بحر https://t.co/ekL7TTLo3g,0
"@A8Asad اخذناكم رايح
وبناخذكم جاي
بإذن الله",0
"من هواياتي أقوم من نص نومي
أرد على الناس رد غريب وأرجع اكمل نوم 😎",0
"أبي أنزل اللاند لشئ ضروري.. والشباب الفاضي مسؤوين زحمه على الفاضي وآنا على أعصابي..أبي أرد البيت بسرعه.. ياااااا رب أهديهم:""(",0
برشلونه يخسر ويخسر ويخسر ويخسر يبقى متصدر حسبيي عليك من مدرب جان حاسمين الدوري من نوفمبر,0
"هناك ماهو احلا من الفوز
بحبك يافار
وأبراء للذمة بلنتي صحيح للفيصلي
احسن مافي هاللقطة ان  القوطي ترك فوز فريقه وجلس يصيح ولا ابالغ اذا قلت انه نسي ان فريقه لعب اليوم وفاز ع الفيحاء
 #الهلال_الفيصلي https://t.co/zdAHb4g73O",0
@AliNajim ايه والله الحبيب لين راح تروح الروح معاه 💔,0
@salmanoh1 سجل هدف احتفل مع الجمهور و انطرد 😂,0
@reem78_alfla قواكم الله مع اني مو مديونه ولا علي قروض بس انا معاكم 👍👍👍 واؤيدكم وبقوة بس الظاهر علشان احضر معاكم بأجر سيارة قرمبع علشان ما اضركم ويقولون سيارات المقترضين كشخه 😎,0
"أتمنى إنه المعلومه وصلت

#سوار_شعيب_لايف https://t.co/9FIhuH9pp4",0
"-عن الضعيف اللي حكى .. لا تبالي 
ماعذرب الكايد سوى قاصر الشوف 

        - 😴💙♩❋'ء",0
هذا اهو كبر علينا بعد ما عطيناه قدّر !,0
@WahabAlBalooshi @saleh4almehza من وين تطلع كل هالتعاريف 😂؟!,0
"شفت شلون الديره ماشيه 
اطلع بلقاء تلفزيون 
سو نفس فاهم وصايد البطاطه
قط قطه علبو خانك التعبير
.
مبروك صرت مشهور 
بلش دعايات 😂",0
@scbataz اذكر ربك لاتصكهم بعين 😂😂😂😂😂😂🤣,0
"@NasserS29654734 اعتقد انه لن يستمر مع الاهلي العام الماضي غير
كان يبي النصر وال الشيخ جلس للنصر الحين يبي
الهلال والهيئة راح تدفع الشرط الجزيئ",0
قالوا تفخ بس مو جذي https://t.co/KH8w18I1j1,0
والله ما ندري وين نطلع من جزا الست فيروز كل ما تعكر مزاج الصبح. ☕️,0
@maryam0720 الله الله .. روووووعه هالمنظر مريح للنفس .. فاتح للشهيه,0
"طبعي أسامح ولا أحقد على الناس
أوصل من وصلني والقاطع أعذره

ولا مديت الطيب ماقيسه بمقياس
وأحشم من حشمني ولو ما أعرفه",0
@AjelNews24 علمو ذَا الوزير يخم ذي وصلت https://t.co/oMB4qFEVy5,0
@a6m9 @KSA_Victory اوف يمشي ليه طيب لين تنزل الزبونه وتدخل بيتها 😱,0
"@iiMsh4rix وايد صعبتها يا مشاري 😄
اختيار صعب و اتمنى اكون منصف
ستيرلنج",0
و عيّا يجيني النوم 💭,0
@bader_nasser صباح الخير ياكويت مثل هالديره ماألقى وين مارحت وجيت على ارضچ ما أشقى,0
@humaid744 @wHIXFSQJTWLOqzU @ALyemennow عطه ١٠٠ بيسه وايد عليه بعد😂😂😂😂😂😂😂,0
@ALSHAHEENNN @Manama9200Ahmed @alzeen1122333 @hamdolla120 @Salah65729413 @JihanMohammed1 @AyshaAlzeen اشدعوه صار اسبوعين من خلص العيد,0
واضح ان فوق بيتنا شمس طالعة 😂 https://t.co/NDFCcattD0,0
من كثر الاقتحامات الليليه الواحد ما ينام اله بجينز وفانيله لانه مايندره متى بشيلونه #Bahrain,0
شفيه السناب مزبل ما تنزل الفيديوات,0
@AzizbagBag @SAADmughni ماقصرتوا على كل شي تقدمونه ❤️💙💛,0
يانسيم الصباح سلم على باهي الخد,0
@Alamiri19 صدقني باجي الفراش محد قال عليه أقبلت 🤣 وعقبها نسكر البيبان وكل من همه استراح هههههه,0
شلون المدارس الحين يدامون ولا لا ؟؟؟,0
@ms_iii1 @__9S1 ما فيها رقاد متحمسه 😂😂,0
"@_uop1 @altamimi14 ترى ما رد
يا كثر اللي كذا يقول كلام من رأسه بدون ذكر أي مصدر للخبر",0
"@Dr_A_Aziz_ هي فعلًا تستاهل كل الخير☺️
شكرًا لك نيابة عنها🌹",0
@BedoorMearaj نفس تفكيري بالضبط..يارب يبلغنا بفرحه وطنيه يكون الكل طيب خاطره.. والاهم ما نستثني منها احد ولاحد.. ولاولا احد ..الفرح حلاته جماعي❤️,0
@rmsaljaber الطقه على الصلعه هذي قمة الرومانسية,0
"#النفسيه_عشان_تنعدل_محتاجه
بيبسي بارد",0
هذه المرجله والا فلا. وشرابت التنباك معهم سعة بال واللي طويل ن. شازبه يدقمونه 😂 https://t.co/KeIQfdZHoa,0
"@faf1905 @Tny8UE56HG6HrIM @AbdulazizTF من 40 عام ونحن نقول يارب يروح ازرق ويجي
ازرق اكثر تعصب",0
@alshowardi1 @NbolHr #كفو كفو عساكم عالقوة,0
@AlArabiya مب مفاجأه ولا شي عادي,0
اه يا وطني الجريح منهم جددوا الثقه بوزير الماليه ونجحوا بمسرحيتهم كالعاده وطني دام القبليه والطائفيه والفئويه والحزبية  والفزعات  دخلت بيت الامه  بالاستجوابات علينه العوض يا وطني الحبيب,0
"كفو والله يا العذبة👍🏽
كلنا بشر وكلنا بنغلط والإنسان السوي هو اللي بيتراجع عن غلطه! https://t.co/4EGJ2HNL18",0
@sultansalthani انت عندك شرف يا خاين الوطن علشان فلوس تعال بسدد دينك براتبي يا وجهه الفقر,0
@zyt0nh_ كل واحد يمدح جحته 😅🏃🏼‍♂️,0
@nadinenjeim فديت اللي الكل يحبها ❤️❤️ الله يزيدك محبة اكثر واكثر 😘😘😘,0
@Mtwaijari @SamiAlJaber ههههههههههه زين ليش معصب حقك بيوصلك,0
"@uae_3G قصدك الفيارين 
بينكي وبرين 😂😂",0
@0sK9NPNyvwXXO7H @AJABreaking فاتح حساب و سارق الاسم و الصورة و متعب نفسك عشان تقول هالكلمتين,0
@mohdalsuwaidi7 واضح انه ردغكم وخرق سيادتكم وتحكم بكم وبأميركم,0
@Alhallaw83 @Nyc_Oman @Alnnaqad @mralsiyabi @ishaqsiabi @alkalbani2007 @khalifa_alhinai @abubalj @adil_alkasbi فعلياً لا شيء ملموس,0
"@nawaf__alAbid24 ي كل الفرح والعشق 💙💙💙
انت وحدك كيان 
طمنت كل عاشقينك 
مستحيل اتخيل الهلال بدونك 
غيابك صعب صعب صعب",0
@soso1412055 محد يكره وطنه الا خاين وانا نصحت كل من يحب وطنه ويخاف عليه يعترض ويقدم شكواه للشركه مو هنا واذا بيكتب هنا يكتب بس مو في تاق وراه اعداء الوطن وبس سلامتك 😊,0
@dralmosawi باجر باجر .. طول بالك شوي 😀,0
@Saudiigirrl @ali_alnhet طراطيع 😂😂😂  الا اكثركم راح مكة والمدينة 🤣🤣🤣,0
@QATAR__4EVER عسى دعوته ترد  بالمثل عليه وعلى النظام اللي شاد فيه ظهره ..,0
ثلاث ارباع نجرتي مع خلق الله سيناريو ارسمه بخيالي واول ما يسلمون اسولف جنه ماكو شي,0
@namletq8 😂😂😂حلوه اذر 🍆 جديده هذي🤣🤣,0
@izx01 ما ينفع الندم خلاص 🙄,0
"لــ غيرڪ⁩ أنا ما أملگ شعور⁩
يـاڪبر حظڪ حتىٰ بـ غيآبگ أحبك⁩♡ 
.
.
.
.
#مساكم_حب❤️ @ Bahrain https://t.co/dC203RMIwk",0
@SpeakFreeQtr تعميم يصدر سنوي ويش الغريب في الموضوع,0
"@abdulrahman تعرف احنا شنقول عن امثالك؟
(ياحليلك)
تبيهم يعطونك الادله ويقولون لك انت تقاضيهم
اشلون المهلكه تحقق وللحين ماطلعت ولاتصريح من المجرمين؟",0
@TariqAldowaisan لان كل ما لقينا طريقة نقول فيها كلمة الحق، المجلس والحكومة يطلعون قانون يجرمونها.,0
@ali78898383 @_Abdulwahab_ عمي كلك زين انت مع الزين مافي اخطأ بس خلك لابس نظارتك  🌸,0
@om_uae2020 @mk_alkubaisii @Rabiie2022 @ree21m @2b2b_134 @wn_angels_cry @Dhahi_Khalfan تلايط ياسود الوجه الغدر والخيانة عندكم الي ذبح اخوه واللي ذبح ولد عمه وغيره وغيره الخياس كله في ماضيكم الاسود,0
"هههههههههههه  تحياتي  لكن  يابنات  ياجميلات❤❤❤😂
#البنات 👍❤ https://t.co/JAo6M3RQNt",0
@ojjjjiiiijjjjo ذي عجووة الفار القليصه تابع للمهلكه الله يهلكهم الخونه عبيد الصهاينه🙏 بعدين الطمطامه ماله فايده حسبي الله عليه 🤣,0
"-

يـ / البـرق من تحتك تلوح بروق
واللي يخايلها "" حسن "" وعبيد

لكن نعرفـك .. ماعليك .. حقوق
يبطـون .. رواد القنص والصيد

قدرك مع اصحاب الزعامة فوق
من قدر ابن هـذال وابن حميد

فيصل العتيبي",0
@ROP_MOE @bankmuscat @thirtyfivefilm @omani1239 لا يسده ريال  مابغيه يصير طماع بعدين ويقول ابغى زياده 😂😂😂,0
@Ammar95x مو نته عمار مالك حس 👀,0
"شكراً للقناة الثالثة ( كويت سبورت ) اللي ماعندهم إلا ثلاث مذيعين !!

#شفتات",0
@Nuqtat_Hewar والله صحتنا ردت من يوم هدينا منتجاتهم,0
@salehalyaseen @Bent_Marzouq والله يا دكتور والدكاترة اكسل بنتي جم مره تروح الكلية وترجع وتقول الدكتور ما حضر,0
"@AjelNews24 اتفق مع د . لطيفة 
رجل صايع و ضايع يقتل نفس و يدفع دية لآأجله ملاييين و يرجع يعيش حياته بكل بساطة وراحة 
و فتيات دور الرعايه تضيع أعمارهم بسبب ظلم القرارت و ولي الأمر دون وجه حق 
حقهم يطلعون و يرجعون لحياتهم 
يارب نسمع اخبار حلوة عنهم قريبا 🙏🏻",0
@Jmhoor_alwahda الكمالي تشوفه احسن لاعب يعني صوتوله احسن لاعب في المباراة,0
سر يا قايدنا واحنا معاك نسير 🇧🇭❤️ https://t.co/OAUk3GOMFf,0
#حجب_تويتر_في_الامارات يا جماعه كيف الجو عندكم علي الارض انا اغرد من زحل الجو بارد ههههههههه,0
"@AlKaboura_News @OmanRetweeter 
خلاص يوقفو يجين البلاد  م نريد منهن شي حتى لو تخدمهن بعيونك م يبين فيهن المعروف",0
@ishawky_ حسب خبرتي بفنغر .. ملعبهم هو وسانشيز علشان يرفع سعرهم يعني شوفوا انا عاوزهم ومش ناوي ابيعهم وطز بنتيجة المباراة 😅,0
"#لأني_أحبها_مقاطع

مجلس أعضائه قبل الإنتخاب رواد دواوين وبعد النجاح رواد سلاطين!؟ما يلزمني",0
"@QahrHum #bahrain لاتنسى يالحبيب انهم ماكلين شاكليتة المهاجر
يعني حتى لو انفجر السلندر بيصيدهم نفس توم وجيري مجرد بقعة في الوجه",0
@gxsxn عطيني موقف واحد دليل ع كلامش 😏,0
@k7oud @hanan__091 مررره ماعندهم موضوع غيره حسسوني محد يجيه تنمر غيرهم,0
@Al3ash_bt عتبي على الشارجة لانهم ضيعوا على عمرهم مباريات وايد .. ف لا يلومون الوصل,0
@ayoobifm يايين نشوفك ولا يايين نـــاكل,0
@BvcrRl97srjxfVX @AgShadi1 @PeaceYeme مش كانو متخلفين بس اسقاط الولايه جزء من الحضاره وحق من حقوق النساء واخذوه ومبروووك لهم الولايه خراافه,0
صباح الخير جميعاً ماعدا اللوح اللي يغرد إنغليزي معرب 🌸,0
@AhmedAlhamadi1 أبوه كان عملاق في السلة وكابتن طيّار والنعم فيه وفيك يا بوفهد,0
"@Ssalm66 

لا عزالله عنسوا البنات ،، هذا شي فالسابق لقلت الحريم ، والان من كثر البنات عند العرب يسوون عرض تزوج عندنا 2 والثالثه مجانا هههههه",0
@ihannun96 @football_l5 جاء لنادي العربي ع الجاهز من #السد ... مانبي فلسفه الله يهديك.!! تبيه مثلآ يلعبه السد مكان اكرم عفيف ولا الهيدوس..ثاني شي هذي طريقة السد مع لاعبينه الصغار يعيرهم للأنديه عشان يلعب أساسي وأذا أثبت نفسه أنه يستحق يمثل شعار الزعيم يرجع لناديه الأصلي مثل الأنصاري,0
اخته بعد لو شنو مايتخلي عنها في النهايه اللي مافيه خير لاهله مافيه خير لاحد واكيد شاف انها تستاهل https://t.co/Ig8XyqAMGs,0
@renezi04 دي جونغ يسرح بالـ 🐑 وراعيها في البيرنابيو #Ajax https://t.co/JkzPGD4nP3,0
@alajmi12345 مغبون يابو فادي 😂😂😂 اشلعهم طبيه للعن ابو الفقر 😂😂😂😂,0
@zjeran_kw وهقهم. عطهم خبر مو صحيح وبعدين اكشفهم . يعني طلعهم اوفسايد,0
@NasserSalmeen الاسد السلطاني المعظم مايهرول عبث يمكن يصلح ماخربوه بنو قريضه اهل السعوديه ماتدري يمكن طول هالمده سلمان بايع القضيه واحنا فاهمين غلط,0
@5Shehab @mohdalsuwaidi7 روح العب بعييد يا بسطرمه🤣 وخليك بحالك وكل رُز كويس وكتر منه😅 لأنه حيطلع لك شويه شعر على ارعتك🤣🤣,0
"@TarshQatan الله الله 
لازم نشوف لك حل يا مبدع❤",0
": وضعي الآن: 

- جسمي يقول : ارتاح و انسدح 
- قلبي يقول : تعال نتذكر اشياء قديمة
- مخي يقول : تخيل اشياء مستحيل تصير
- بطني يقول : يلا ناكل",0
"@RM4Arab سالفتك مالها معني

يعني يكرهون بعض مثلا
يصرحون ضد بعض مثلا

اكيد بيكونون ربع",0
"ترا الليالي كل ابوها دحم جنب وطحن فك
و أنا اليا من ثوّر البارود ،، ما ثنّيتها : )",0
"نفس ماقلت قبل
مو ضد قدوم لوكاكو 
لكن اذا السعر مبالغ فيه ارفض هصفقه ابرك

٨٣ مليون يبونهم يونايتد كاش
وانتر بيدفعهم علي دفعتين

حسب الاخبار انتر بلش بالخيارات الثانيه ريبتش الكرواتي 

#انتر_ميلان",0
@falehalkhudair1 #الحمدلله عالسلامة يا بو فهد مطارات الدول المتقدمة تخلص الجوازات تلقي الجناط جدامك وبالكويت راد تعبان تقعد بالساعات تنطر,0
@ALMRISEUL انا لو بالرياض ابي احضر بدون تشيرت وحوافز  💙💛 قهر قهر https://t.co/gORMiowPkx,0
"شفت منهو تحبه صد من دونك
إقرا علية الفاتحة وريح أعصابك
قلة ترى الشمس ماوقفت على كونك
يجيب غيرك أكيد الوقت اللي جابك",0
@malrubaa جهل مقدس مش عارف وين الحكمه اليمانيه بالموضوع لاحول ولا قوة الا بالله العلي العظيم,0
@xob333333 هل فعلا هذي المدينه يسكنها الجن ؟,0
@alajmi12345 شفت لي رجال جسمه كبر الكبت يسولف بتلفونه وتمشي وراه الخدامه قصيرة وضعيفه شايله ديباجات واكياس ويالله بالله تمشي ويصيح عليها بسرعه امشي !!,0
@aauae79 دام السالفة فيها براتا ترا ريوقك طرطريشن,0
"ثلاثة لا تصدقهم:
 البنقالي إذا قالك أنا سوي شغل ميه ميه
والمصري  إذا قال المسألة مش مسألة فلوس
والحريم إذا قالن محل واحد بس ونطلع ☺😂😂",0
@K4aden @khaberni وبيصير رئيس الانتقالي وقص لرأسه ولصقه على صور رؤساء وقادة عرب واجانب وبيكون رئيس الجنوب العربي المنتظر😂😂,0
#الانضباط_النصر_خط_احمر https://t.co/W9HgXJsaJN,0
@ALSHAHEENNN @Manama9200Ahmed @alzeen1122333 @Salah65729413 @hamdolla120 @layla_buhazza @sh411637 يبي به قهوه بس مو احين احين الشاي والساعه ١٢ قهوتي,0
الكبت: للملابس النظيفه ‹☺›  السرير: للملابس قيد الاستخدام ‹☺›   الارض: للملابس الوصخه ‹☺›  تعال فهّم إلي عندنا هالفن وهالتنظيم ☺؟,0
طبعا شاعر بني جمرة  .. المعروف حاليا ب (الحلواجي)  😂😂 !! #برايحنا. #نغرة يا حبيبي نغزة,0
"@MR0678 الأجواء في أوروبا 
10 حارة 
10 باردة
عن تجربه شخصيه",0
"@81_Marvelous @abdulrahman صح بدنك اخوي خالد .
الله يحفظه و ينصرهّ و يكتب أجره 🙏🏻",0
"@nmalsada لا مستحيل طبعاً
تصير فوضه بهالطريقه",0
@Mlyaf يالله حسن الخاتمه الله يرحمك ي المتنبي زين مت قبل ماتسمع هالابيات والا اسميك بتنجلط😥😩,0
@zaimuae6 @u_a_e_66 باختصار العين يحتاج من يخاف علي شعاره ويتالم مع جماهيره https://t.co/U9xYzFNc06,0
@noooosh5565 @TamimBinHamad اي حضن يالمستحمره قصدك حضن المنشار ؟🤣🤣🤣بالله وراكم ماتستوعبون اللي صاير لكم ياعبيد ال سلول محد بينسى الحصار والحرب الاعلاميه على دولتنا قطر الحبيبه جعلكم كلكم يادول الحصار فدووه عنا😇 ونحمد الله انه حفظنا من شركم حسبي الله عليكم يالمجرمين🙏,0
"شووف الوفآ يا قلب ودآني لـ/وين
الظاهر اللي يخوون تمشي ~ آمورهـ!~",0
@rawannasir893 اتركي عنك الموضه وروحي سريع ع عمان في فندق المسبح تبعو فاض عبي لك شوي مي 😂😂,0
@Capetanoles @Mstahlekq8 سلملي علي شركة الدره كل الضروف ضدها,0
@DASMANOV33 اشلونك تصور عافيه اليوم بهدلونه الطبيب كتب  دوا كلوفاج للسكر  وكم دوا سعرهم لا يذكر تصور من الساعه ١١ ونصف بعد الإرسال رفض تامين عافيه  المره  فيها سكر٧ علي تحليل مبارك سوي لها تحليل تحسسي طلع ٦ يعني راح يكون فيه سكر تصور نقزونه الي الساعه١ ونصف بالرفض ورفضوا وشريناه,0
لو يكشف الله وش تكن الضماير بتشوف واجد من عيونك يطيحون !,0
"اذا بونياك زين ليش شلتوه من الاساس؟ 
واذا مو زين ليش رادينه الحين؟
.
.
اداره العربي ما تدري وين الله قاطها
#بونياك",0
@wadyalsom1 صح الله لسانك بو حمدان,0
@muhsin_rad1 هلا والله بالحبيب... منوّر تويتر,0
@JojaYousif انا احط في الاختيار ظرف خاص او ظرف شخصي بس لازم اكتب تحت ولا يكلموني اقدمه مرة ثانية 🤦🏽‍♀️ عاد غالبا اكتب ظرف صحي بس على نص ساعه احس ماله خص 😂😂😂,0
اذا تندف شباتي. سهالات يمكن الربع يحللونك. عادي. بس البلا. خاف تندف شي ن.  آخر. وثم ع جهنم حذف مايفيد معك التحلل 🤣 https://t.co/DeVG15Yu1z,0
@LAlTamimi لازم نلاقي حل حق مشكلة النوم عندج كلش مب إنتي 😂❤️,0
@OmanParalympic @hashtag_oman الله اكبر ، والمعطي العظيم ، لله درهم من مجدين مثابرين ! .,0
@mohd_s3eed روح اشتغل شغلته وخل عنك المثاليه الزايده,0
"@adeldxb1981 اخوي عادل اللعيبة نفسهم مبتلشين في الادارة وين نبا لهم تأثير على الروح ..
نتمنى تتغير الأوضاع و ترد الأمور احسن من اول",0
@homeless1973 بس تم باجر يوم تجي لك ٢٠ شوارمه عربون صداقه,0
@A_AlAthbah عندما كانت السعوديه 🤔من الاسم بتعرف انها دوله قامت على القتل والنهب تاريخهم دموى ال سلول 🙂ماراح ننسى غدرهم هالحثاله المجرمين وش كانو مخططين له ربي حفظ بلادي من كارثه كانت بتصيبنا الحمد الله انها خابت ماصابت 🙏بعزة الله وغدرته انه يجي اليوم ويتحرر الشعب المتسعود المتعوس🤗,0
"صمت الغلا في داخلي يكتب ابيات
عيّت قوافي الشعر   تعرف بحرها
اصدق كلام الحب   لا صار دمعات
واصدق دموع الحب لحظة سهرها",0
"احنا المفروض نقدم بلاغ ضد فرج ف جهاز حماية المستهلك

محتكر أمل لوحده 😁😁",0
"تراك فالخاطر و لو ما نشوفك،
و غلاك ما يمحيه قل المواصيل.",0
"#السناب_الجديد

صحيت لقيته نفسه ماتحدث وطلعت منه وجيت لقيتكم تتكلمون عن التحديث الجديد رجعت لقيته تحدث منه ومن نفسه الله يصلط عليك الله يصلط عليك 😡😂💔",0
قواكم الله المطلوب ايضا منو دخلهم وعليهم احكام ببلدهم ومنو وراهم ويساندهم بالكويت لا تفوتكم هذي المعلومه https://t.co/iougICnSGF,0
انا انسان احلم احلام غريبه !,0
@al_khameis والنعم ، قواكم الله وما قصرتوا على هالمجهود وراح يوصل الكاس بالعبدلي 😜,0
@dr_a_altraiji بيييه والله وايد هذا الظاهر من البواخر اللي فجرتهم العوبه ايران,0
@Abdllah_fhhad أسال الله العظيم ربِ العرش العظيم ان يشفيك شفاءً لاسقم بعده💐💐 ويردك بالسلامه سالم غانم يابومصعب🌹🌹,0
أنا صرت أخاف من جملة الله يعطيك على نيتك  ونيتي ما يعلم فيها غير الله 😂😂😂😂😂😂😂😂😂,0
@abnzeema لازم نصير مثل بعض ياعاطفيون يا عقلانيين او في النص لا احساس ولا ضمير 😂😂😂,0
@HM22_135 اعتقد ينتضرون يفصلون السعوديين كلهم بعدين يفكرون هي الماده للان في صالح الوافد مايقدرون لين ينهون السعوديين,0
"يامن غـلاكم هـو 
                    دواء كل مجـروح
 عمـري ولا قـد
                  شفتكم تجرحـوني..",0
"@waleedalibu50 
اشوفك حريص على اموال الداعمه الوفيه ..
ههههه..
يستاهل العالمي .. لكن الملكي قده وبياخذ الكأس ان شاءالله .",0
"سوء تخطيط وإدارة حتي الانضباط عند اللاعبين مو موجود ⁦🇦🇪⁩⁦🇦🇪⁩⁦🇦🇪⁩
قهر والله  
شوفوا الفيديو https://t.co/eXjE3pbMBl",0
"@City_Line6 @falahsport المخجل انه بهالعمر ويكذب!!!
وش خليت للمراهقين والله يخلف على عيالك
وبيض الله وجهك ياخط البلدة على كشف هالشيبة وأمثاله من المتسلقين",0
"أنا جاهز والسرير جاهز بس احتاج وحدة تشاركن هالمتعة 😂
 
http://t.co/HZuLIRV9Ft.",0
"الفرق بين المصيبة و الكارثة
المصيبة انك اتشوف ناقة أغلى منك ب٢٠  مليون وانت معك الماجستير

الكارثة اللي يشتريها ماعنده سادس ابتدائي
😂😂😂",0
شلون في ناس مناسباتهم وعزايمهم تكون خفيفه عالقلب ولو شنووو كننا تعبانين نكون متحمسين لهااا ❣️❣️❣️❣️🕺🏽,0
@Bent_Marzouq @M_Alsabah80 @KUWAIT_MOH بعضهم يراجع وياخذ معاه ادوية لاهله صوغه  شي علب للضغط شي  للقلب الخ الخ    لك الله يا وطن,0
@3nood2233 وي نسيت كان المفروض اكتب ايراني لانه شكله قمتي م تقرين عربي السموحه بس م اعرف اكتب غير هاللغه مشي حالج فيها ☹️💔,0
@s_so_su_on @OMAN_NT صح كلامك وبعدهم يناشدوا فالسياحه خل قبل البلديه تتعاون معكم م مخلين الجمل بما حمل😪,0
@jaberalharmi @khamis600 هذا كوم و وزير خارجيتهم العساف كوم ثاني .. بالأمس القريب كان من نزلاء الريتز ومتهم بالفساد .. واليوم وزير خارجية .. تخبط سياسي ما بعده تخبط .. ودي اعرف الملك سلمان من مستشاريه؟,0
@hasaballa_sayed @qatarshark على أساس ما بتحبوش الحاجات دى,0
#لا_لحفلات_سوق_واقف والبعض يقول بنستضيف ٢٠٢٢ لين متى هالتخلف اقوله والله التخلف خير لنا من معصية الله ، احنا مخلوقين في هالدنيا ليش؟,0
@ajplusarabi @Rashid_Alkuwari نحن في انتظار .، ورى هلون ياقطر .. وكدا بردوا ياقطر,0
"دي كلمات المنسي بلسان زوجته
ودايما هافتكر ان حقاره عشماوي هي اللي بينت بطولات المنسي
رحمك الله يا #منسي https://t.co/PoE7apyAVn",0
ليلة لقانا كأنها ألف ليلة 💕,0
ذبحتني الزكمه شو الحل,0
ملخص كلام السيسي للسرسجية امبارح أنا سيدك وسيد أبوك وكعبي عالي عل إللي خلفوك 🤣🤣🤣🤣,0
"مابيني و بين الغلا .. غير السلام 
اقرا السلام .. بـ عينها يا زينها

يمرني  واصد ، خوف من الكلام 
وأقول : في نفسي ( يالبا عينها )",0
"@Alhaarbill مش كإنه ظلمتي محمد بن سلمان بهالمقارنه 😥
الله يعز بن سلمان بس💜",0
"#بالروح_المونديال_مايروح
فريقنا لما يحاول يسجل هدف 🤣🤣 https://t.co/K9DfcRkv9v",0
"ابوي ينادي ولدي بسمي عند ربعه
يقول انت انت انت ولد بدور تعال
يارخل
وانا بلغت امي وامي قالت ناركم تاكل حطبكم انقلعو عن سماي",0
@rjalhayyan تصنيف غريب اللي أفضل مدربين العالم ماذكروا,0
@Btool_9090 واخر شي مالج الا ولد عمج جمعان 😭😭,0
@bahraini_girl5 @manalabdulla99 @bin_shaheen52 @3anoodAlThani @Benguennak بموت 😂😂😂 لا بيي له لوز بس خل يصحى😂😂😩,0
@shamsofficial ناس  ماهي فاهمة وتفسر علي كيفها بس عطيتيهم درس,0
"التقينا صدفة  من بعد ما هاك  الفراق
صدينا حنا  بس ما قوينا  على الصده
سلم و عيونه تقول مكانك  بالأحداق
رديت بصوت  يقول الشوق  بلغ حده
مد لي يده مديت و دمع العين رقراق
ما رد قلب المحب يذوق الوله ما رده
#عبدالعزيز_الرويحي",0
@EbEpqnjrXNzGeBN @omsalem70 كل اللي ذكرتيه موجود من بداية وجود البشرية إلى اليوم ، الإختلاف فقط في الكم و الكيف .,0
"@zyt0nh_ تنور تعقي فيه 😒😒

مبونك من يوم يومك بخيله 🚶🏻",0
"@Jack_yemen008 @HaifaAMD2019 خلاص ياهيفا مشو دبجي وجزمته ماركه مع انوالتقزاز ماله علاقه بكون الجزمه ماركه او لا!  وابوه جنتلمان
يعني ممكن نغفر له رايه الاول؟",0
@UniqueBebe1 الله يرحمها برحمته ويجمعكم فيها في الفردوس الأعلى,0
@asscom123 @WeatherOman بيكون كبر مسقط القمر مع حركات فوتوشب😉🤣عندي خبره ههههههه,0
@a_lz3eema @Dhahi_Khalfan مليون بيت يعني لكل فرد بيتين ههههههه,0
@Mshare3Oman هذا الحساب وهمي اتوقع 😅,0
شي واحد لابس أصفر وشاد حيلة😅 https://t.co/y0niXECXND,0
جو اخوي من اجمل الاجواء الطربية 🙂💔 https://t.co/No2EwNFwiJ,0
"لاتامن الدنيا ترى الوقت غشاش
      صل الصلاه ورحمة الله وسيعه
واشتر فراق اللي شرا صدتك كاش
        واللي وقف لك ..؟ بالعنا لاتبيعه
( يتبع)",0
@khzaatar @medadpublishing كل التوفيق أ. خالد، وباذن الله يشرفنا نقتني نسخة من الكتاب اللي لا شك بانه راح يكون مثري خاصة وأنه صادر عن مختص,0
@EbrahimBosunالناس متى تثق بالمعارضه       عندما تجربها في حكم او إدارة دوله لكن الحكم عليها مسبقا دليل تخلف وحب الذات,0
"محتار وش تتغدا ، في هالثريد فيه كل المطاعم , اللي مسويه عروض لليوم الوطني ادخل واختار وبالعافيه https://t.co/gPqIkF9oMP",0
@zyt0nh_ مبوني احاول جاهدا اني اجوع عمري ويمكن انا اطبخ ما نستبعد شي 😌👌,0
من اليوم ورايح لا أحد يطلع من حياتي خلوكم كلكم فيها أنا اللي بطلع منها.,0
ابدااااع   روعه   😁اول مره اسمع  هالاغنيه https://t.co/jhJU9CtJ0F,0
@68_All @mohmdmn انا ما اتهمته بالكذب ولا بتدليس سألت عن رابط التغريدة لكن مقيوله كلن يرى الناس بعين طبعه😉,0
@MKalthbati @AlmuhannadiMohd هم عندكم رد عليهم جيزان ونجران عندهم 😂😂😂,0
"“@Jassem_sh: الناس توقف بالبلكونه تعيش الجو و انا اتخيل تلفوني يطيح”
الحمد لله مو بس آنه☺️",0
"مـن كـثـر مـآ تفكيـري مشغـول فـيـك 
لو احد ناداني ؟ قلت : اعشقه 😢💗",0
@MAlQayedi ماعتقد يا مريم البحث العلمي مرتبط بالشهادة، لكن بدون شك الحاصل على شهادة عليا أقدر عليه من غيره.,0
@teacher_rights @aleissaahmed وش في المسا       صاحي انت,0
"واستغرب ان @hassanalishaq73 مسوي له رتويت.
اقول للقائم بالاعمال بالسفارة الايرانية و لقرقاش ول بدون ظل قطر صدت اربع دول كانت لنا شقيقة وفجاه انتهت الصداقه واعلنوا الحرب والا قدروا علينا. https://t.co/SFN5BmArr2",0
@aazizalnasr @SamiAlJaber مع احترامي لأهل اليمن لكن هذا وصخ ناكر للجميل https://t.co/5f3yqQVjHd,0
"احيان تاخـذنا مع الطيش نوبـه
    ونتوه في دنيا الاماني والاحلام

يارب قبل الموت .. نطلبـك توبــه
    تمحي بها كل الخطـايا والاثام",0
@__9S1 محد أنا وأنتي بس,0
@aml_1_1 يا عل القطط تنتق عيونه,0
قووول لتونس .... نحبكم برشا برشا,0
بسبوسة اختي هدى غيييييير ناااااطعه😍😍 @ بيت الغاليه أمي💕 http://t.co/v6YbK2hXQ6,0
@Alittihad_Saudi ويزعلون اذا قلنا عنه بطه 🤦‍♂️,0
طبعا فوتوشوب غبي ...لا الخط ولا التصميم ولا الألوان https://t.co/aJ5tLFfyLn,0
إن شاء الله يعدّي هالكورس على خير بس !,0
@Ahmad432062241 المقصود في تغريدتي الانديه الجماهيريه,0
@balathob883 @Uxegx28GUCdzizq اي حب يكرهني جميع نساء الارض,0
#مجدي_عبدالغني الحمدلله افتكينا منه ومن الجون بتاعه 😂,0
صباح الورد عالكويت واهلها والله يحميهم من القبيضة العتج والجدد,0
"@M_8884 صياح بأدب😂

القم يارصيف😂

الطواقي بيصفون جنبنا ماراح يبعدون😂 https://t.co/vUBzaSZFUx",0
"@Counselkremlin 
دائما الشيعة محط تخوين ليش ما ادري؟
لو ايران عطست لازم الشيعة يشجبون ويستنكرون العطسة والا يكونون خونة.
ابلعوا العافية ابرك",0
#اتق_شر_الانثي_اذا مالقت ورق عنب😂,0
@Almajlliss حلها سهل حييييل. @ موجود عند كرباج هو يحل لها هالمعضله 🤣,0
@Zo_o39 تراه صح عقرب مو باغتلها تلاعبيها 😅👌,0
"@janaMosaad2 اذكري الله يابنت مساعد وش يوديني للمغرب ؟ 
انا طال عمرك يم حزم الجلاميد القط فقع وترزق الله",0
"@MunjidAlbadr بس ريوق
الا َمفطح حاشي من اللي يحبه قلبك
😂😂🌹🌹",0
@tpqhsnlq الله يحفظه لامك ولك وعساه مايشوف بالدنيا الا امك 😍♥️,0
@Telow10 @tarq_alkhulaifi يقولك بيت تقوله ٨٠ الف انت صج ولد فقاره,0
"#الحل_في_الرياض

قلنالك ياتميم ، والله ماينفعك لا ترامب ولا اردوغان ولا روحاني ، البس بشتك وعلى قصر العوجا والحل عند عمك سلمان ..",0
@AJABreaking الحوثي قاعد يعتقل ويسيطر ع كلشي، راح وطي الخليج دام هناك تفحيط سياسي ولعب بزران. صالح ذبح جنود أهل الخليج ولا حد قدر يلمس له ضفره ولما قلب ع ايران أنهوه في يومين، قال ايش قال حزم، طير بس طير.,0
@amrisultan @see_moone يعني ماشاف مهزلة الترفيه وجاي على عدم اغلاق المحلات زي متعودنا عليه من يوم مأسست المملكه للأن حاجه وهي لاتتجاوز الربع ساعه بالكثير اش الي صاير,0
@EmanAlHamdany @ALyemenNow صعده كلها حوثيين المفروض يمسحونها مسح مايخلون فيها شي 😑,0
"أنا حالياً مليت من الدنيا  ..
يا تعطوني أكشن يديد يا بطلع",0
"@Revalino10 @lIlIIlIIIIlI سبحان الله الله اخضعه ونزل راسه عشان يظهر الطاقيه  يحسب بيرفع ضغطنا مايدري انها شرف 

هذا شخشوخ يلبس حفاظه ولذلك تم طرده من الحرم 🤣🤣🤣",0
@alamri553 صحيح ،، ف الامارات يسمون البيذام لوز ..اسم غاااوي,0
"@mimi1562_ مأجورين
الله يعودنا وياكم ف حال افضل من هذا الحال ف صحه وعافيه ف الدين والدنيا والاخره",0
"حمدلله يستقبل الدوري بصدر رحب😍

@AbderrazzakHam3 

 #النصر_ضمك https://t.co/JqjFXQN1Yb",0
@lulwaalkhalifa1 ودي اصدق لكن قوية بصوت سعد الفرج,0
@mohamed6290 اهم شي نفسه زينه ترا بعض الاخلاق تدمر ماتعمر 😂,0
@Abualfawarss123 @alsnafee_k ياسعوديين هذا المستشار بداء يشب الفتنه بين الخليج والله من شفته يرفع وانا عارف ماهو زين انتبهووو منه,0
@scbataz انا مثلك مادري شعندي ؟!,0
@abdalowhab_ وانت مصدق انك مؤثر,0
اول شي هل قطر ناس مثقفين ومايطيحون في اخطاء إملائية تافهه مثل هاذي ماعندنا حد يكتب ( الغا ) ربعنا يكتبونها ( الغاء ) وثاني شي ماعمرنا سمعنا عن الخرابيط اللي تألفونها بسكم جذب يا ويه استح انت وياه  #الغا_حفل_باريس_هيلتون_مطلبنا,0
@inaaawi2010 فلان و علان ما نشوفهم إلا يوم الامور سهالات ، في الازمات يختفون !,0
هاتو الهلال وبعدها بالثلاثه 😂😂😂 https://t.co/HELmd9awjB,0
"@Me_3thB @ma55515 @alekhbariyatv @uae_3G لاني مالقيت ذبابة بس الحين كأني لقيتها وبحطها ولاتزعل

ملاحظة: لاتقول حصار ترى ال سلول يزعلون عليك وتنقط بالسجن وتتغرم بدعوى التضامن مع قطر

وهذي صورة الذبابة

👇🏼 https://t.co/HhCTdg2RMY",0
"اسمي مريم عمري ٢٨ ..
.
.
 أسناني عند @clinichollywood عند فؤاد الكمشه .. شفايفي عند زمرد… https://t.co/5U9tSLcJj3",0
@alkaoh هذي الناس الطيبه والكرم ماهو بس كلام الكرم عنوان,0
@DawoodAljabri وبعده أيجلس يحاج فيها وهو ما مقتنع,0
@AlArabiya عيل العفسه بالدول العربيه من سببها  كل هذا وما تسعون للحرب شلون لو تسعون للحرب شراح تسوون بعد,0
المطير متى صار معارضه 🤔🤔🤔🤔,0
@fd8444 والله مرات فعلاً الشخص اللي فيه هالبلا لازم يراجع دكتور نفسي ولا ماراح يخلص !,0
"كم داشر يدخل يعلق ويدقها رجالة ويتحداك وهو في خميس مشيط 
أنا اعررررررعرررر له",0
"@Abdulazizluies 
  ألله  يوفقك  يارب  من عمل لي عمل ناجح  
وناطرين  يديدك ❤👑 https://t.co/pChlbIDuBM",0
@asmaouh_ ملكه الكوميديااا محمد هنيدي 🤣💔,0
"#الباطن_الهلال ..مايمديك تسجل في المرمى الهلالي هدف الا ويجيك الرد أهداف أشكال وألوان 1-2-3-4-5 رتم الدورى مع الهلال ولع ولع ولع متصدر والجمهور الهلالي في المدرج فرح وطرب,,",0
"مع ربي في ليل اغدر سريت الليل من داري 
رفيقي روسي أحد عشر وجعبة خطي الناري",0
"@jassim10 صدق فيك عمك سلطان بن فهد يوم قالك انك اتكلم بشي ماتفقه فيه
وانت اشدخلك ؟ والا قلت باطبل مع الي يطبلون لعلي اصير مثلهم",0
"#عيال_وايل
#دحة_عنزة

مالقيت الا الطعـن في وايل
يالردي .. من ردّهـم تستاهل

جيتهم من بعد كاسك عايل
لاتحسب ان الحكي بالساهل

ماسمعت اللي يقول القايل
كل قوم الا "" عنزه "" يالجاهل

فيصل العتيبي",0
@H5Sabt @DubaiSC في دبي كل شيء مميز من الرصيف اللي في الشارع وأنت طالع .. آخر شيء يطلع هذا الملعب (المبهدل) ويستضيف بطولة قارية !! كيف ستكون ردود الافعال بعد مشاهدة هذا الملعب في الاعلام والصور؟ تجهيزات سيئة بصراحة لو مكتفين بملعب النصر فقط في دبي كان أبرك وأستر!!,0
"@monaqasat_om @mrmwr_alburaimi @mrmwroman ههههههههه

والوافد اللي كان مستاجرنهن وماجرنهن على الناس

افا 
شكله ما دفع",0
"في وحده اسمها زينه راحت عرس علقوها على الطوفه ..

#نكته_اخر_الليل",0
"@Qatar_Edu مدرسة فالخور لبنات الابتدائيه من اسبوع طاحت اجزاء من السقف 

ادري عندكم خبر 😉",0
"@Fik2y @aboobaasel و الأغلب غاليه هذا اللي بيصير الرجال بيقول صديقتك هي اللي لفت علي 😂
لاجل كذا اذا بوصل لقرار اني اعلمها بكون عارفه انه علاقتي معها انتهت 👌🏻
بس المهم الانسان يكون راضي عن نفسه",0
"@M_bdah هههههه افا يا محمد خلك مركز

العقد مثل ما انت تتشرط اللاعب يتشرط

احمد ربك انه وصل 222وللحين ولا فريق قادر يكسر العقد
كيف عقب موسم او اثنين",0
@oman1_news كله لعب م شي جديد نفس الفعاليات خساارة والله هالمهرجاان😪😪😪,0
"@NNNALTOWAIJRI 😀 يخوك أظن ان هالهوامير منقلبة روسها , 
يمكن دشت الجون و أكلت من القصيع المعفن 😃",0
@mohdalsowaidi7 لكويتي دمه عسل عطوني  حسابه,0
@Waleedalmuqbali حركات يعني الازم كذاك علشان يثبت حبه لهاكيف بيصلي وعقله ما مركز مشتت 🙄,0
"@305H_M قدر الردي إنحداره زاد في إنحـداره
ما درى إن رداة النفس سبة عناها
عـزاه لا جيت بالشينه في الصداره
قريبـك لـو بـوده معرفتـك طواهــا
طيـب النوايا ترفـع الرجال و وقـاره
و طيـب الأفعـال تشابـه من نواهـا
#عبدالعزيز_الرويحي",0
#كم_دفعت_قطر_للفيفا...غصب تبون كاس العالم 😂😂😂😂 موتن قهر🇶🇦🇶🇦🇶🇦🇶🇦,0
دام قلبي معاك انه بخير ❤,0
طررررررررررق جابها الهلال 💪💪💪💙💙وغصب طيب 💙💙💙💙,0
"لا تنتظروا بطولات مع ستريبل 

هذا ماعنده شيء حتى طاقمه نفسه 
ماعندهم شيء يقدمونه 

فوق الاصابات و فوق انه كل مباراة لاعب من عندنا يسجل على عمره 

مدرب سيء سيء و سيء جداً جداً جداً 

انتهى الكلام 👋🏽 https://t.co/e0vrlrXDzo",0
و اقراء عليك من الغلا جزء عمه 💙💙,0
@m_Alyoubi @GhanemAlmasarir والله صراحه الواحد بدا يشك انه لهم يد بالتفجيرات الي تحصل بس عشان يلاقون حجه بانتشار عساكرهم بحجه الاٍرهاب والله محد ارهابي غيرهم عند شعبهم,0
من كثر ما ادوخ واييني هبوط وتضربني لوعه عند الهبوط قمت اكره اركب الطيارة 💔🤢,0
"@DrAlnefisi حلال على الشاطر 
ما دام أن الشيعة وصلوا حتى بي بي سي في الوقت اللي احنا نيام،فحلال وستين حلال عليهم",0
يباله وضعية الكوبرا عشان ما تتوهق كل شوي تعدل العقال https://t.co/2QANs0uJCp,0
@iambaderkhalaf ربي يحفظها.. وحظها بتلاقي الماسكات جاهزه ابوها خبره 😂,0
@bu5alled ليش ما يعطون ولدنا فلوسه للحين,0
"شككراً واايد على الكلام الكيوت 💗
-الايموجي الاول بالغلط 😅-",0
شكله الشتا هالسنه ١٠ دقايق https://t.co/rQkScpCY1s,0
"@b7rt مفجاجه للعلب 🤪👌
وساعات مقراضه 😂 اللي تسبق بالذاكره تطلع قبل",0
"@xlluaellx @just1salem @uaedivers Best comment until now 😂
يعني شوفوني انا البلبل بالانجلنش بس كيفي 😎",0
لِيت  لشَشَتـآءَ يلبَس تَفآصِيلّ قُربِگ مَحتآج أدفَى بأي شَشَگل وَطَرِيقَـ  بَرد ن شِّف رجَفـ  يَديّ خَـآف ربـگ مَحتآج أضمّمّگ,0
@asas89870 نعم .انا اشهد بس هالكلام قديم .اليوم السعوديه لا تملك امرها اعلامها في القاع ومسير من جهات خارجيه وانتو السعوديين ابخص واتعرفون وش قاعد يصير,0
@bint__althani لا تزعلين نفسج مافيه شي يستاهل😘,0
@s054496119 @abqatar @spagov الا وين محمد بن زايد وقليصته بن سلمان ماحضرو في نيويورك في قمه الامم المتحده، 😂😂😂😂🙄🙄,0
"المكيفات القديمه كان لها ميزات 3
1- يبرد
2-يطرب السمع 
3-من برا يسقي الزرع ويسقي قطاوة الفريج
 
رااحوا_الطيبين ‹",0
ما اجمل دوام الليل والطلعه هالحزه,0
"@honestVVsmart نعرف أشياء وايد عن أشخاص وايد فاسدين  ،
لكن الكلام مايكون بهالشكل اللي أساء لها هي قبل لا يسيء لعائلته الكريمة أو أي جهة ذكرتها ، إذا كان في تزوير كما ذكرت ، فهي تتهم مجلس العائلة فيه ، لأنه هو اللي وافق على منحهم لقب الصباح ،و لو ما كانوا منهم ما عطوهم اللقب.",0
كل واحد ينام ع العقال اللي يريحه😛 https://t.co/ebbMr0A7T8,0
الكل عبوس ماحد يضحك 😒,0
"يآ حظ من يدعي له الناس بالخير
كاسب قلوب الناس من فعل طيبه

في كل قلبٍ له معزة وتقدير
وطاريه عند الناس كلن يجيبه",0
"من التكبير والتسبيح في سير السفر

قال جابر رضي الله عنه: (كنا إذا صعدنا كبرنا، وإذا نزلنا سبحنا)",0
@BoAdly @bujassem1122 ما لهم صاحب يا الطيب,0
@AZayeeed ويش نسوي ياخوك ان قعدنا فى البيت متنا من الألم وان رحنا السلمانيه دشينا جلسات التعذيب .. الله كريم,0
"من المسؤول؟
ومن اللي استفاد من وراء هذا المشروع؟
ارحموا الكويت https://t.co/J9JiIN6Pjp",0
@GreenKuwait والله حرام الكويت يصير فيها جذي 🤔,0
"ابيك كلّك لي
وحقي وعشاني 
الله رزقك بـ عاشق مكتفي فيك ..!",0
"#صقيعنا_هالسنه_غير
عم بترشرش ضيعتنا https://t.co/QAf614fODM",0
"الالمان من لبسوا هالتيشرت 
وانه مو متفائل فيهم 😬😬😎",0
@homeless1973 خل يجي لا نهاب القنص😎😎,0
رشاش مره وحده... مره ثانيه جيب معاك دبابه.. يا اخي انت رايح عرس ولا داش حرب https://t.co/zBBcBOjDP6,0
@m_Alyoubi @GhanemAlmasarir تعال ياكذاب مب توك تقول اشتغل برامكو 😂😂😂,0
بعض السواق الله يهداهم اذا بتدش جدامه كأنك بتاخذ أرضه!! ياخي “تفسحوا يفسح الله لكم”!!,0
@N_AlJoof + اوريدو نفس الشي تقدر تاخذ الباقات الشهرية والانترنت بنص السعر اذا انت تحت ال٢٦ بس للاسف الاغلب ما يدرون 🙂,0
@saif_alrash ايوا عادي كم مرة سويتها اروح اكل وارجع 🤓,0
"يا وردتِي يا نِدِيَّهْ
روحي لِخِلِّيْ هَدِيَّهْ

والورد راسِم وِداديْ
راسم ودادي و ﷲ

يا نسمة الشوقِ هِلِّيْ
رِفِّي على رْموشِ خِلِّي

لِعيونه تَضْويْ الليالي
تضوي الليالي و ﷲ

لَيْمنْ سرَى ليل هَمِّي
عني و غفَى النجم يَمِّيْ

بَلِّغَهْ عاطر سلامي
عاطر سلامي و ﷲ

يعقوب السبيعي https://t.co/qCXilVcwJZ",0
اصلا منتخبنا كان يبا الصداره بس وما كشف قوته الحقيقيه لين مايقابل فريق قوي🤐,0
كل عام و أنتم بخير و عساكم من عواده,0
@AliNajim حلوه .. بس ساعات تصير مليق ..,0
"وجه الفقر هذا
ما يحل في ارض وتعمر
 #خليجي_ارفض_تدخل_مصر https://t.co/tCrU0oX1h9",0
"احمد قربان
يبيك تعزي على لسلوموشن في الضربة 
لين ما توصل أيدك لعند صدرك وعقب تسويها فل سبيد",0
@eagle71499gmai @Hamadmalajmi ابشر بعزك انطر بس اتخرج  وادافع عنك باقي سنه,0
"#زد_رصيدك64

والله كفوووو وعزائي لا ابوحور يكون مع هالنسخه اللي قليل فقط اللي تميز معه",0
"@Alwashi7i يا حيك يا بو سلمان بتغريده سحبته 👌 
 والله كفو بطل بطل يا الهاكر 💪",0
هههه انا لين احينه هب متريق. بعدني ع جو رمضان. ههه,0
@iha_al96 أنا متحمسة واااجد ، متى يجي دورنا 😭❤,0
"تعرفوا الشعور يوم تتكلموا عن شيء تحبوه و تشوفوا الناس منبهرة 😍، 

شعوري اليوم و أنا أتكلم عن عمان ♥️😢🇴🇲",0
@alhamed54 @w_mwm_ @ajmurgent هههههههه زعلان عشان مخليكم الدب الداشر تاكلون من الزباله 🤣,0
@mohdalsuwaidi7 استفيدوا منهم عندهم خبرة حمير بما ان واحد منهم وفيهم وصفهم بهذه الصفه وهم مستانسين عليه,0
@ahmed_alm3mari هذا حول مب حور بو شهاب,0
@AbdullahRefae يستاهلون عساهم على القوه,0
@namohamm84 @jbr_nqb @NKashwani @sanfoor_nasrawy خله يمصخرنا برشلونه بس لعيبتنا ياخذون خبره وتستفيد اسيويا دام لعبت مع برشلونه تلعب مع غيره الرهبة تقل,0
@tajalsserosman كلهم يحطون السعودية بالواجهة,0
#اكثر_شي_تشتاقون_له                                    اش تسمونه بلهجتكم 🙄 https://t.co/oo6WwPiqZC,0
@AramexHelp والله تعبت اكتب لكم و ماحد رد في الخاص,0
"الحمدلله فوق كل شعور.. 
#صباح_الخير",0
ما عليكم زود يبو عبدالهادي جعل عمرك طويل https://t.co/QIbFH9PF0L,0
@irakan1995 ياخوي مايحتاج نعرفه من قبل تجيبه الإداره دابل كبودنا العام ولي قبل سباك لاتحاول تطبله,0
@KhalafAlHabtoor غصب عن خشمك وخشم شيوخك طريت اسم قطر يا حبتور بو الخمور,0
@alzeen1122333 @ALSHAHEENNN @Manama9200Ahmed @sh411637 @hamdolla120 @Salah65729413 @layla_buhazza يالله زمروا كلكم علي تويتر 😒😠,0
@ZNB_ALH احس المفروض يكون اسرع بس مو متاكد بصراحة، جربي تدخلين على الإعدادات في قسم البطارية يوريج شنو قاعد يصير,0
@hyamsaliba بالعكس 🤣 هيك منعرف مين بينشرى وبينباع 🤣,2
@Forsan_UAE @alsada747 جزاكم الله خير وأنتو نادرين بهالزمن,0
اتوقع اليابانيين زعلانين اكثر منا لأنهم خسروا من منتخبنا,0
"@saeed1_alshamsi انزين فيه رتويت ليش تسرق 
نمشيها لك دام وصلت 6🤣",0
"وتبي تضعف بعد ؟!!
الجمله اللي ماتخليك تتهنى بالصمونه الرابعه💔🤕🤣",0
@Nora888_ دام انهم بعدهم حابين يسترجعون الذكريات و و الى اخره ليش مايرجعها وينسون الطلاق وهالخرابيط ولا على قولت المثل ابعدوو لنحبكم واقربوو لنسبكم🤣,0
@rashed19630 @ALMRISEUL ايه عندك حبوب ضغط 😂 لا احنا مانشتري الاصناف هذي الا وعصاها معها لاتشيل هم,0
كفووو خالد مره ثانيه,0
@BuhamNy لا ، اللي عرفته إن هذا اللبس عادي في الحجاز ☺️,0
@UBxhxbx2 العالم هاذي وشلون تفاهم مع النوم,0
"معلومة سريعة  💨🏃

ما قدرت ألحقها ""̮🌚
معليش والله ""̮ 😩",0
"@dd_ff_44 😂😂😂😂😂
مرره كويس هاذي وراها شي",0
البحارنه طول السنه يصيحون ماعندهم فلوس وفِي العطله كلهم في اسطنبول 😏,0
"اللي ما يشوف إنها مهتمة بالصورة مخدوع كثير 
#كوفية_الشعب",0
ان شاء الله اول ماتصير فرصة بأمر .. الوحشة لكم وحدة 💗,0
بارك الله في شبابك وحفظ الله والديك اللي ربوك التربيه الحسنه ..حققت مالم نحققه نحن ونحن اكبر منك عمراً لكن ثق تمام الثقه انك الافضل ولا تلتفت للمنتقدين والمثبطين ..رعاك الله يالبناخي وبارك في عمرك وحفظك من كل شر 🌹 https://t.co/G5UiTubVnq,0
@Saraalkhudarii @mtalsaeed انزين علميني شنو الموضوع,0
@SaadMm89964283 بهذيك السنه كنا نشوفه راموس,0
@DeemaAlwohaibi والله حلوه يا ديما أنا وحده منهم,0
@tahoooooor @RashidKooheji @mohd_alkooheji انه ابين لك ان موبس إيطاليا عندها لاعبين دفاع مو اكثر,0
@myxjr لابوكم لابو من وردكم,0
@First1Saudi @NBaqadir ما شاء الله لا قوة الا بالله,0
@Zezo_rmd مسا السعاده بو تركي,0
"اجازة تخلص مدرسة ارجع
ضغط يرفع جيران تسمع
دماغ توجع مراره فرقع 🤣🤣🤣🤣 https://t.co/1uw2tl8Q78",0
"واحد راح يخطب بنت
👨أي منتخب تشجع؟
👦منتخب الكويت
👨موافق
👦شكلك ياعمي تحب منتخب الكويت
👨لا والله بس اللي صبرك على منتخب الكويت بيصبرك على بنتي",0
@questions212 حدثت وللحين (جهازي بالانجليزي موب عربي),0
@MJalkaabi ماشا الله. منور بوظبي والله  والله لك وحشه. بطرش لك رقمي عالخاص عسب نتواصل,0
@alsafir_1M صراحه يالسفير التغريدة وإعلان الميك أب بصوب وأبو الفانيلا والسروال بصوب عورني قلبي من الضحك🤣😂🤣💐,0
بالمصايب مخك يطلع لك افضل الخطط بس سالفة انك تبي تفتح موضوع مع شخص تحبه هنا يقفل🔐.😫😶😂,0
@OoredooQatar لما تقدمون لنا خدمه بلاش لمدة شهرين المفروض شهرين بلاش !!!! ليش من اول شهر ماخذين فلوس !!!! هل هذا يعتبر نصب منكم !!!,0
@KHamms @ansaaar15 @sa_alzahrani1 @khalifa7909 @hamedalhashmiii @AlArabiya_Brk هذا الفيديو صار له شهور ويخص مشروع اعمار غزه اللي تبنته قطر .. يااااا....,0
*الحــــوبــہ☝.* تبطي بس مآتخطي ومثل مآضربت أنسآن بيجي لک من يحرق قلبک لو بعد *دهــر* ..,0
محسسني كانو يتنقلون على مطية https://t.co/wxaZxC4pXb,0
@Sir__Khalid مش خليجي واللي في بالك صعب يجي,0
@abdulrahman هولندا ما فيها غير الحشيش وحليب ابوقوس 😂,0
@bojassem73 @Estabraq02 @alttaybq8 جبلة والمرقاب يقولون ( مفوحشين ) 😂,0
"@i_njood_m 
يا مقواه😳 انا ما اقدر ألف ويهي ع الدريشة 🌝💔",0
المكان حلو مثل أهله الله يحفظكم https://t.co/fChTU2pL9I,0
"@mido7000000 هذي مشكلتنا من البعض بالتحطيم والتحلطم
وش فيه الفريق بالعكس ماشي من احسن مايكون 
صحيح ضياع بعض الفرص بس بشكل عام الفريق مستواه يطمن",0
"#جده_الان

ياااالللللطيييف وش هالجو ما شاءالله تتهنوون يارب☹️💜",0
"@Qtri_86 @m2q6r مادامك قلت انستغرام عيل انت مثل ماقلت لك ماتحب اكل البيت 
تفهم ماتفهم مشكلتك 
سلام 🤪👋🏻👋🏻👋🏻",0
@Saif02176647 @TareqYe حظ اليمنين معروف مايحتاج,0
@Mi_Amore_Qtr الله يكفيچ شرهم، و على كثر ما يحقدون عليچ يرزقچ من فضله.,0
@fahadq6rrrr2 @hamadjjalthani من غبائهم وتصرفاتهم الغبيه اصلا ذول مالهم ارض من يومهم تايهين وضايعين 🙂,0
"@waiel65 لازم نعمل زي الصين 
برنامج شبيه عندهم بفيس بوك",0
"@snfoora3sfoora @jamshir1986 @Omfahad_1960 @kokyfaras @Omal9l6nh @abjajaeq الانسان لما يفقد العقل والاحساس يصير شنو فرقه عن الحيوان؟
الفاظكم وطريقتكم حيوانية انتي وهاللي يمشي وراج
هو مايخالف يمكن عنده نظره متخلفه ان المرأة مالها قيمة بالمجتمع بالتالي عيالها مالهم حقوق بعكس الرجل عياله لهم حقوق
انتي يالمره شعندج مستانسه ؟
ماقلنا لايتعاقب بس التسفير جريمة",0
"على درووب الوفـى كنا وﻻزلنا
وسلـوم جـدانا مـانختلـف عنها

مع الرجال الكفو نعرف منازلنا
ومن ﻻيعرف الاوادم مايثمنهـا",0
صارت تخلص بطارية الايفون ف٣ ساعات بعد التحديث! شو الحل 😓,0
"@oman_br فوق بيض عيون
لي تحت عيون فيهن ظفره🤣",0
عيب فينا يالعرب الخبل يصبح مشهور بسرعه والعاقل مسحوب عليه دنيا معكوسه,0
"انتشرت اشاعه هذي نصها والقصد منها تشويه صورة النائب عيسى الكوهجي
•
الرسالة.
•
بعد فوز #النائب #عيسى_الكوهجي  حول #حسابه الى #خاص وحذف رقمه النقال من الحسابين
اتوقع #عيب تعليق: اللي… https://t.co/yB6DOiLmYH",0
@bader_almotawaa هاردلك للمره الألف .. حظك انك طلعت في هذا الجيل الضايع  💛🌚,0
"@SaodZaml @Sb3anS خمر اليتامى و الفقارى المساكين 👍🏻
وليس كما كتبت 
عمار يا حزب مقدرين الشاهي",0
"@zoooro90 واجرك يارب 
جزاك الله خير 
وافي طال عمرك الله يرحم خالك بومساعد وعسي مثواه الجنة",0
أحبك كل ماترمش عيونك ف العشق ماتغش❤️,0
@tayseerrashedan حسافه على كل شي حلو ...,0
@_momoyah جمييييل والله مع اني للحين ماعرفت منو فيهم الميكانيكا ومنو الكهربا 🤣,0
يارب المغفرة والناس ما ترجي سوى الغفران ولا غيرك يغفر ذنوبها ولا يعذبها 🍃,0
@om_naif_doha @YmLTu0Enboh5iZQ لا تحاتون .. صحيح كانوا بدمرون بلادنا وبيقتلونا وبنكلون بنا وبيحرقون الاخضر واليابس وبيخلون عاليها واطيها .. بس بنظل في قلب الملك سلمان .. لا تحاتون.,0
@PhD_Q8i خو مو لازم أصفق و أشجع في التايم لاين 😄,0
ينحسب لكورتوا هذا الهدف,0
ويسكا من بدري يسجل ع برشلونه,0
"@enadenad20 ليتك تترك الاغاني. ماتضمن عمرك وش تموت عليه

مجرد نصيحه",0
يارب الحمدلله على كل حال و على كل اختبار و اللهم لا اعتراض مليون مره بس انا واثقه انك قاعد تختبرني بانك تحط ناس من اسفل السالفلين بحياتي وتشوفني شلون اتصرف ... متمسكه بايماني فيك وادري انك بتعوضني بشخص احسن من هالخمه الي يطلعولي بكل مكان 🙂,0
في هالاجواء مع نفسكم محد يتابع المباراة 🤣,0
"@mhawy_88 مها لآتقصرين فيهم 😂 
دايم يطقطقون علينا 😢",0
ليش اشوفها بس غبرا 🙂 https://t.co/9VsDtpKz5a,0
@kIp2GOBzN1rhYgn @aabdaa03 ماعليك زود يا شهم عتيبة,0
"""ما عرفتج ضعفاااانة""
بالنسبة لي أحلى من أي كلمات الغزل ! 😂❤️",0
"لنفرض ان #قطر اعتقلت ٥٠ شخص وليس شخصين كما كذبت.
عندكم وصل معتقلين الرتز فقط ٧٦ شخص وكما اعتقلت #السعودية ١٠٠ داعيه و وشخصيات اكاديمية.
ما سمعنا نباحك عليهم ، وسلم لي على (ع ح ح )على اساس انك صايد السالفه يا https://t.co/G6dkkjX4JC",0
ياربي ياحبيبي قريب باأقرب وقت يصدر 🙏🏼قانون يجرم العنصرين اللي يصنفوا المجتمع مجنس واصلي والله عيب وسط التطور اللي تشهده بلادنا لِسَّه في ناس تصنفنا يااخي الحكومه ساوت بين الجميع مين اداكم الحق تصنفونا 🖐🏻ودحين يتكاثر الذباب العنصري بالمنشن يقولوا اكيد انتي متجنسه علشان كدا 😷,0
@EdyCohen انت وياه مالت عليكم !!! ضاحي يوم مع اليهود ويوم عليهم !!! مسرحيه بايخه.,0
"كنت استغرب من الفراعنه ليه كانوا يرسموا انسان برأس حيوان .. لما شوفت ناس كتير اليومين دول عرفت ان كان عندهم نظره مستقبليه.

😂😂😂😂😂😂😂😂😂😂😂

#نكبه_اليمن_21_سبتمبر",0
@3abdawya اهم شي لا تغنين جدامه.  جان زين تصدق الاحلام 🤣🤣🤣 عالطبيعه عبدالمجيد شخص حبوب تلاقيت وياه ثلاث مرات ف دبي.  شخصيه جميله,0
مو راضي يستوعب جنن البنت👇.. https://t.co/RcsytQCBBM,0
@uae_love_ad121 صباح الورد 🌹ياورد تويتر,0
@yazstj انا مثلك ... للحين ما كلمتها 💔,0
"يعني الواحد مايدري وش يقول صراحة 😒
بس اعتقد انه بيسيل من الروعة 😰 http://t.co/bJrfomUKYG",0
@lawyer__76 كيفهم الناس احنا نعمل باخلاقنا ودينا وعند دين يوجهنا ويعلمنا الصح من الخطأ وانعوف الحرام من الحلال هذيله شعرفهم,0
@fawazfarhan هذا المفروض عسكري متخصص !,0
@kRk7lRVGnjH8YV9 @ahmed50592001 البهايم هذي علموهم الي يبغا الملاس وسكين وصحون الحسين يجي خاص تراها للبيع,0
@safiaMalallah أتفق ومسوي نفس الشئ.. اللي خلاني أستنكر هو ان نتفلكس الأطفال فيه بلاوي,0
@b4u4u البركه في انوال الخير 😂👍👍,0
"♪
يحسدوني هالبشر لـ أجل إبتسامه 
 مادرو إني ليا ضقت ..إبـتـسمـت ، https://t.co/cOXIuxssrR",0
@Dhahi_Khalfan نهيق ونباح هذا الي عندك شنو بيتعلم منك قولي,0
"كلهم ثقه و الاداء الحكومي من سيء الى اسوأ... وين الخلل؟
منو مو ثقه  في البلد؟
مابقى الا الشعب  الظاهر طلعنا احنا مو ثقه https://t.co/D7tavIQ9hW",0
@KnQzm مع الاسف ،،، راحوا رجال اللي ينطحون الدروازه ويوك رجال المطنزه والعازه ❗️😎,0
للاسف لا مش معذور لو بعذره يفترض اعذر مفتي سوريا ... تغيرت المفاهيم وتبينت الحقيقه وحسبنا الله ونعم الوكيل   #العريفي_معذور,0
@k334ck عقبال ما اكون محله 😜😜,0
@anwar360x @european_jewels @alazmi1967 @Almusafer009 @iwgwo @alshareef_kh @hotels_s @MR0678 @anwarmst11 @traveldiv @adeljuaid @abohazoom @abomshary_1 @argman1999 @theep_999 @mazmaz_0 @sai7org @salfr10 @derbas82 @JAlmrikhi صحيح لو كل مسافر يطبق هالخطوات ما راح يكلف على نفسه كثير,0
"@KUWTIYA هذا كان بالكويت وانطرد منها بعد سنين،،
تعاطفنا معاه،، لكن طلع قرار الطرد صحيح مليون بالمية.

المشكلة انطرد من الكويت، ، والامارات ضفته",0
"@Hitman_RM آمين يا رب

عساهم الكسح",0
"@__sofiia21 جداً قوية، أنا إذا بسوي هاند ستاند تكرفست 😂
بس لو حد شاري لها حصان بتهد هالعادة !",0
"@Reeeeem_26 إن شاء الله 
كرف والمود كحل..
باخذ إجازة من كل شي..
🥺",0
"مواطن عمانى اتصور على كوبرى تحيا مصر المعلق ونشر الصوره بفخر لانه اول عمانى يتصور عليه فراح صديقه منزل صورته وقايله معلش سبقتك بزيارة هذا الانجاز العظيم ..
بقي مزار سياحي فعلا واللي مراحش هناك فايته كتير
#محور_روض_الفرج #تحيا_مصر https://t.co/bssCJOI6p6",0
"#مها_الصعيري
متولجينها هاشتاقات ماتهنت بزواجها 
ياناس خافو الله ☝️🤣",0
@DawryALJ ياشباب بيبي قبل شوي شفتة يلعب ضد فالنسيا ولا جاب العيد بعد وسبب ضربة جزاء,0
@smahrmu يكرم عليكم يا أهلنا في المملكه وقدركم فوق الراس وما ينزل من حد المتون ويشهد الله ما أقصدكم في التغريده وأنتم سند إلي ماله سند وتحياتي لك🇸🇦🇶🇦,0
كل حد على قده https://t.co/0ZvGzmmTHT,0
@Bahrain_999 ايه والله ، أنا صار لي سنه ما رحت بستخف كلش مو متعوده ، كنت أروح مصر كل شهرين أو كل شهر ساعات ،,0
@mhabah__974 @Qatar__news #ساعاَت_ياقطر 🇶🇦🇶🇦🇶🇦🇶🇦🇶🇦🇶🇦🇶🇦🇶🇦🇶🇦🇶🇦كلنا تميم🇶🇦🇶🇦🇶🇦🇶🇦🇶🇦🇶🇦🇶🇦🇶🇦🇶🇦🇶🇦🇶🇦🇶🇦🇶🇦🇶🇦🇶🇦🇶🇦🇶🇦🇶🇦🇶🇦🇶🇦🇶🇦🇶🇦🇶🇦كلنا تميم🇶🇦🇶🇦🇶🇦🇶🇦🇶🇦🇶🇦🇶🇦🇶🇦🇶🇦🇶🇦🇶🇦🇶🇦,0
حزت الفلوس تبون العرب .. خلكم في احضان الفرس وحزب الله .. انتو حكومة هب رايمين تشكلونها https://t.co/0XCU6FkyL3,0
"محد درى عنك ياللي تغمز في الظلام… 

#قطر",0
"احب أقول للجماهير المونديالي النصر لعب بالرديف قبل مايضمن التأهل للدور الثاني 
يعني لاتجيني وتقول النصر نائبي يقابلنا https://t.co/gtYpGI0U8B",0
"@UAESoccer الحين ما لقيتوا غير هذا الفاشل يحلل ضرب الجزاء مسكين مايخصة قالولة يا ويلك ان قلت ضرب الجزاء صحيحة ،،،، روح طير طيورك يالشريف الامارات في ربع النهائي ومنتخب القرية العالمية بيطلع بكره وتعال بعدين قول ان له ضربة جزاء غير محتسبة. 
🇦🇪🇦🇪🇦🇪🇦🇪🇦🇪🇦🇪👏🏻👍🏻✌🏻✌🏻✌🏻",0
من أرشيفي الخاص  أهديكم بعض الصور والذكريات. https://t.co/hh2qxsKYN7,0
تذكرني إذا صار الورد جوري على غصونك🌹,0
"@saeed1_alshamsi لأنه امس حتى البلنتي كان بيضيعه 
مبخوت آمس ليس مبخوت المعتاد 
كان سيئ جداً ومب قادر يشل عمره",0
"عندي سؤال ليلي ..

ارقام بوظبي فئه الخامسة اول ما انعرضت هل تم توزيعها او تم بيعها او مايصير انك تبيعها لانه محصوره للعايله 

اللي يعرف ياربت يفيدني",0
@AlkaabiWa كيف نافس ربك بالعطاء 😳 ايش هالكلام ياخي قسم بالله قمت اشك في هالعالم مدري حد معطيهم اجنده يمشون عليها والا زهايمر مبكر والا فلسفة تافهه.,0
MBZ خلى MBSيجيب الشيخ على بن عبدالله ويقدمه كحاكم لقطر مع انه يدري ان قطر قادره تجيب عشررات من ابناء واحفاد الملك عبدالعزيز وترد الحركه 3️⃣,0
"@foxlv305 @Shq818 @Lawyeralajmi_ تحط صورة اللي يقول عن اخو الملك سلمان وعم ولي العهد السعودي خسأ😳 

😄

   https://t.co/xwTwy1rCWB",0
@7esabraqm2011 ابعدو قذارتكم عن عمان,0
@mohalileb بس لا يحوشك زجاج,0
@al_7en @kamado111 @HamadShanab كنت ناوي أودي اليهال الألعاب و أطبخ اليوم.. خلاص هونت,0
اخر تغريده له من ٣ ايّام واليوم طلع يمجد بعض الناس ...🤣🤣🤣.  شكل المعازيب وقفوا الشرهات والنَّاس تشد حيلها 👌🏻👌🏻 https://t.co/fMhh5GI6qP,0
"فيه وحدة اسمها اريانا ليش ؟

ماعندها ملابس ههه.😂",0
"@MohammedQR 
هههههههه يالله وينك تروح ؟",0
@Misk424 افا ليش وانا تاعب عمري اكتب انتي كوني لنفسك وانتي احق باسعاد نفسك من غيرك لذلك لا تفكري الا في اسعاد نفسك لا غير وانتي ونفسك تكملوا الاخر 😌✋🏻,0
@ann_Kana_Ra نضبطهم مابش لهم ظابطي,0
@Bo_Khalid_79 معذور انت يابوخالد دوم مسافر بس انا مالي عذر 😅,0
"@NabhaniAli الجماعة متخبلين بعد البيان 
ضاعن خططهم وراحت هباء الريح 🙃",0
"@ALANSARI_AHMD ردينا على قصد وما قصد هههه الله يذكر المنتدى بالخير .

ع العموم بو نجاح لاعب ممتاز والله يوفقه مع السد، واذا جاه نادي افضل من اللي قدم له عرض في اوروبا يروح له .. في النهايه كل انسان يدور الافضل لمصلحته بقى او لم يبقى ما اظن السد بيوقف على لاعب .",0
@jnat2021 يالله  تسلمي اختي جنات,0
"# #صباح_الخير 

طرالي على بالي وياحي هالطاري
ويامرحبا  باللي  طرالي  وعنّاني
تهيضت للمسرا مع الهاجس الساري
انا مانويت اسري وطاريه سرّاني

#العزبه #السعوديه https://t.co/phTaXdB8rc",0
@7anoooony الله يحفظها ويوفقها للأعلى 🇰🇼👏🏼🇰🇼,0
"#وطن_بالأجار
ديرتي الخير مغطي ظاهرها وبطنها من عطايا ربي
وإعيالها للأسف مالهم فيها بيت وسقف عليهم يظلي
الأجار ياناس ما يوفي ولا يغطي",0
@zaimuae6 والله أني اتفق وبشدة,0
"♪
لآ تمر بـ خآطري مثل الغَريب ..
               وأنت رآعي دَار وعيونگ وطَـن 💕",0
"@omar173ahmed عظيم والله ياعمر
ابدعت ياحبيبي ..",0
@_laboheme علينا وعليج يارب يا مي 💞,0
"طبعاً الحين انتقل لهم و ما ننسى 
انه راح يسجل علينا لم بيقابلنا 

كيف لا تسألني https://t.co/NLm4PPoiU5",0
لو كنت آبي غيرڳ ترآ آلنآس وآيد ﺑس آلبلآ بآلقلب مآحب غيرڳ ♡,0
@AkrmEmran مدري انا بغير نوم للآن من القرارات حق أمس امانه لعاد تذكرني,0
@alamri5512 وين بتوديها .؟.خليها في تويتر بس,0
@AmmarAlRahma الشر ما ييك حبيبي بوسيف ♥,0
"اللي مزعل قلبي ماهو انت 
انا زعلان من نفسي كثير
لاذكرت قبلك  كيف كنت
بلا شعور لا احب لا اغير
#سمر_البحرينيه 🇧🇭",0
"تعيش ياقلب راح من التعب واجد
ما باقي إلا طرف ذكرى وتنساها",0
"أول ما ينزل راتبك‼️

١- ينكسر جوالك  
٢- تخرب السياره
٣- يطلعلك واحد ماتعرفه يقولك :
تراني مسلفك من ثاني ابتدائي عشان تشتري تلاوين😲",0
"لا صدفة جابتنا ولا ( 1000 ) ميعاد
ياعمّي والله أمثالنا كذب في كذب !!

ماقسى من الحرمان والشوق لزداد
انك تحب انسان مايعرف يحب .. !!",0
@RM4Arab الشوط الثاني. اتمنى خروج بيل ودخول اسيسينيو.,0
"@faisal_mashari ياجمالكم... 😍
ربي يسعدكم ويهنيكم ويديم هاللمه ويبعد عنكم كل حاسد  ❤️🙏🏻",0
شوفوا شقاعد يصير من هالوافدين https://t.co/wKJTLkEEGe,0
@AbeerAlsamt @Eng_mtaher صح. بس زيدو عليها انه كود حوله عيال عمه و عيال ربعه اللي ما يشتغلون صج وعلمهم ان هذا الوظع الصحيح لهم,0
"@hetiaf5 @Magoo_Q8 ماعندي مشكلة يكون في رسوم للعيادات والطوارئ ،، لكن مو معقولة الولادة بفلوس والعناية المركزة بفلوس والسرطان بفلوس!

بروحهم معاشاتهم ولاشي",0
@penq8i والله شيبوب كنت بكتب لزوم نبلغ الشيخ بس صرت اخاف من اليوكن  😂😂😂😂😂,0
مب شغلك واطلع منه يا الخاين https://t.co/t4QGuMAkju,0
@kholoodalyasi عشان كذا ما طاع يفتح عندي 😹,0
الحين ما دعيت الا على جنان بروحها و باقي الوزرا اخاف مسكتين بس!!! https://t.co/zMakXGyCs8,0
@Diblumasi_ اللهم أنصر بلادنا وقادتنا على كل عدو حاقد 💚🇸🇦,0
@insatiable__m شفت كلامج بس قلت لا شكلها فهمته غلط.. أكيد يستهبل 🤦🏻‍♀️,0
"الصراحة طلعت في الحر أصورها عشان خاطر القوارض. 

 #حجب_تويتر_في_الامارات https://t.co/CWFPXlLG6b",0
@salah_alansari وصلت توني جيكت واصلة ٣٠- مشكور عالمعلومه اخوي,0
@bohindi1 ههههه أتوقع والله اعلم انه له يد بالموضوع 😃,0
@Factswd لما تجلس ﻻزم بتشتري يكفي ريحه القهوة بس,0
@xYjYx @YazanAyman1994 شوفت وجهك كفاية و لا اللعبة كلنا طفشنا منها https://t.co/AROPcqiDY9,0
@m_e_s_511 @SaudiAndroid والله مدري انت شوف الاس٨ و احكم ، عن نفسي ماني حاس بالإنحناء,0
@rachelbaruch1 @AvichayAdraee تفوووووو على ذا الأشكال 👞👞👞💦💦💦💦,0
وماتطلع من البراده إلا جسمك يعورك جنك متهاوش https://t.co/ekuYoYBDL6,0
"@lGR7l ما كرهتك ولا راح اكرهك
بس اختلف شعوري
صرت أحب اشوفك بخير بس ماعاد يهمني لا وصلك ولا قربك ابد..",0
@niii87__ @Elafmohammed71 @e8llz @F1011010 @jjoj77 @juvn55 @H2n1i @iscoq_ @Ixn88 @vi0i__ @Lalxn7t @L7shehri @M21_hi @MlIIlR @Naf_32 @ozxu8 @ozxu4 @PI7ll @Rmroma90688112 @reemAlmalki_14 ربي يسعدك ي نوف أضعاف أضعاف ما تتمنيه.. ع قد قلبك الطيب والله.. وكل عام انتي بخير,0
"@Ishaq_ruhaili https://t.co/MUIn43I3sm
هالشي اللي استغرب منه ف اغلب القضايا المطروحة
يا تقبل رأيي وتكون معي أو اني احاربك انت وافكارك",0
اترقب نتيجة المباراة ، الوالد مو مخلينه نسمع شيء من كثر التشجيع، أو يالاحمر و العب في الساحة عاشواااااا,0
"@lll_lll_ksa @Aldowayesh
 
هذا كم عمره ياللي مو تصايح ولاتبكي ويالنادي اللي يمشي مع تطبيق الأنظمة
فضائحكم مصلعة مثل صلعة لاعبكم الفضيحة
قال أيش لاعب فئة الشباب https://t.co/PJtQDGa3OS",0
"حظ من هو مقابلك وحظ كل من قابلك
ياعز البلاد وعز كل من سكنها https://t.co/1dLearAZwp",0
ماكنت ادري ان الم الأسنان  يخلي الشخص يغلط ف الإملاء 💥💥💥.,0
"والله وعرفتي تجرحين
وتهددي وتعاندين
قلبج بدى قاسي يكون
 والله وصرتي تخدعين،،",0
@x21iz @alghanimqatar العنابي فريقكم والفال لكم والأخضر,0
@amansouraja اللي خلفهم حمايه ،وهم يصلون نافله  او تحية المسجد  ،وانت حمار,0
@Smnmn13 ردة فعله غريبة و واضح انهم مخبرينه من قبل، وإلا أحد يفوز ب ٥٠٠ ألف دينار كأنهم قايلين له ٥٠٠ فلس وروح البرادة ورجع الباقي 😂😂😂,0
@1stNasayem هذيله ابليس مستغرب منهم,0
"..

 كلن على عرفه يمد
 المواجيب وكلن على 
 مرباه ينطق لسانه !",0
"لو تدور الكون كله ..💕
ما بتلقى مثل طيبي ..💕
حتى كلمة يا حبيبي مني غير ..💕 

#راشد_الماجد",0
بدلة العيد الأنيقة من fabricskw https://t.co/cgBebecG0Q,0
@majholalhwia3 @Rm65601231 @abqatar تحالف لو انه الجيش لحاله كان صارت المملكة العربية الحوثيه,0
تكفي ياولد احنا بوجهك https://t.co/AMccdEP8qL,0
"واهني الطير ماله جواز ولاحدود
لابغي له ديرة ضف ريشه يمها
ماتقيد بالاوامر ولايحة البنود 
ولاتردد بين ناس ثقيل دمها 🦅🇶🇦😍",0
@azizd_11 مبرووووك عزوز عندك الكثير عزوز والله عندك الكثير شد حيلك كابتن وارجع لنا عزوز اللي نعرفه,0
"العام الماضي يا مكثر الغيوم اللي مرت سماء البحرين , تغيم عندنا و تمطر حوالينا.

⛔️تحذير و رسالة شديدة اللهجة ⛔️ الى الغيوم🌨️ العابرة سماء مملكة البحرين استحي شوي و نزلي امطارك علينا , و تركي عنك الدلع لأن نفسيتنا تعبت والغيرة أهلكتنا.",0
@nfnuf_ م اقول غير الله يردقهم مخ يفكرون منه 🚶🏻..,0
ماشاء الله صفقتين في يوم,0
"@__9S1 كله تصارخ 😂😂
أنتي لو كملتي المسلسل وبدون ما أتطوفين شي بيعيبج",0
"@nabeelajamaal اه طبعا الست ارقام خلصت
فضافوا عليها رقمين كمان
لا لازم نعملك ابديت عن الكويت يا اخت نبيله 😊",0
@severe_storms @EUStormMap هذي صفارات الإنذار وليس صفير الرياح,0
@wed989 @arabqoute أسرع شي مطعم و تفرقينه في صحن جنج مسويته 😂😂,0
"@sherazia 
مو البرنامج. 
المستخدم هو اللي دخّل الناس في حياته ومدوّخنا معاه",0
@AJABreaking اوف جابها الإيراني ع الجرح، مولعين عيال شريفه😅. خلنا نشوف بوصروال طويل (الاملط) شبيقول,0
"@ashgggan5 هههههههههههههههههههه
اللي  بيلعبوووه  هون يكفينا وزياده",0
@hornetbad شكرا جزيلا على رأيكم اللي أكيد اهو محل اهتمام وتقدير وان شاء الله ربي يعينه ونوصل لرضاكم,0
"إذا ما تابعت هايكيو ابد ... آخر لقطة في الحلقة الأولى من الجزء الثاني شي رهيب الصراحة 🔥
@0_OaY @_iscox",0
@EmadNasr12 خجول .. اخاف من الناس والردحة..,0
@Mshare3Oman وين في عمان ولا معهم,0
@alainuae_999 @yyqtr ارهابي ارهابي ارهابي .. دامك فاهم قل لمعازيبك يثبتون هالشي امام العالم ويواجهون وجه لوجه // الموضوع له اكثر من ٨ شهور والله ماقدروا يثبتون هالموضوع بس ينتجون ناس تكتب وتسب وقطر ولله الحمد في تطور وازدهار وتقدم .. لكن نعرف انه مغلوب على امركم واسال الله ان يصلح القلوب,0
@naif313 💔 اطيب قلوب اخوي وولده و ولد اختي الله يوسع منازلهم ويرزقهم جنات النعيم  يارب 🤲🏼😭,0
@HHSaeed السلام عليك ياطويل العمر. منور تويتر يالغالي الله يطول بعمرك,0
@AliAlmslmani بتقولنا انك يعني ماتسمع أغاني خلاص,0
في طير بالصوره اكتشفوووووه. https://t.co/SjGhI0xfEI,0
كم من الوافدين اللي يمتهنو الطب ف وطننا العزيز و ف بلاده فاتحله عيادة إذا ما كان مستشفى و خريجينا جالسين ف البيت !!! و نقول حلوة عمان يا بلادي الغالية  #اطباء_عمانيون_بدون_توظيف,0
مافهمت يعني تخليتو عن الانسانيه خلاص بعتوها واشغلتو العالم بحصاركم لنا ليتكم شلتو الشنب وخلتونا بدالكم انسوي كل اللي ماتقدتو اتسونه  #القدس_عاصمه_فلسطين_الابديه,0
افتح ايدينك لشمسي ولهبوبي...,0
"@boukhalifa7 لا خوف على جمهور العين بوخليفه..
الخوف من الكوتش فقط!
الله يهديه ويبعده عن الفلسفة وأمورنا كلها بتمشي بإذن الله💜",0
@Ghanim_Alkuwari @ahmkn1 @AboAhmd33 ههههه الله يغربل ابليسك يا غانم .. اي ولله يبارك دامه فاضي الحين وقبل النتيجه,0
@UAE_77G @bokhalifa1980 وحزب الله خلكم منصفين ولا تجاملون الناس ع الناس,0
@alraban2030 الجواب عند صانع السوق,0
@elzouk1 للاسف فى ناس يعمم بناء على بعض التجارب الشخصية ايلي تعرض لها واذا قلت له بس انا صادفت ناس وايد زينين وعطيته امثله يرد عليك لا تعمم 😎 فكر حلمنتيشي,0
@TamimBinHamad هذي الانجازات يا بوحمد جعل عمرك طويل  ، وخل اللي في لندن يعلق لوحات يرحب في نفسه ، الله يرجعك لنا سالم غانم سيدي سمو الامير,0
"@hfc1_ree @axx1x1x @ACL4ar حلاوتها ان ٣ منها قدامكم والرابعه كنتوا جسر عبور
😜😜 https://t.co/gshA2S03EJ",0
@NFC_400 ايه انا ورحت للشباب,0
@sniper_sh606022 هم شكلهم مستانسين لا حس ولا خبر,0
@aabbmmww هذي امور سيادية انت واشكالك ماتعرفون معناها ، خلك في الشبك,0
@alwaahebi @spagov وش دخل إيران ما يحدث انقلاب عسكري من المجلس الانتقالي الجنوبي في عدن ضد الحكومة الشرعية اللي عندكم في السعودية وش قاعد تخربط الامارات مازالت تعطيكم قي الضربات والقرار عندها اعلم أن دولتك تحت قرار اماراتي وأنتم مجرد تنفيذ فقط ✋️,0
"يارب تملينا فرح كثر
الغيُوم اللي ملت 
هالدنيا مطر..❤️",0
@Alb7_r مايستاهل مو حرام عليهم,0
@AbOMAnsO_Or طبعا هذا دوام شفت ما ذاك الريبوت الي ينكد 24 ساعة 😂,0
@SARA_00401 @b4_xo حتى أنا والله تجيني إبتسامه خطيره,0
لكل من يقول والله ما هقيت فلان يسوى فينى چذي ولا ما توقعت مكانتى عند فلانه چذي وغيرها من الخيبات .. عفيه لا تحطون حق عمركم مكانه چبيره والچبير الله بقلوب غيركم ولا تهقون انهم بيضحون علشانكم دايما خفضوا سقف توقعاتكم بالكل والجميع علشان لا تنصدمون.,0
"لاتحس انه فضول ولاتضايق
امنع الهاجوس عن فكري وقل لي

بعد سبع سنين مليانة حقايق
منهو اللي ناويٍ ياااخذ محلي ؟!",0
الليل مايحبني مايبيني أنام ...,0
"صرت احبك وغيرك ما اشوف 
ويارب انك تحبني كثر ماحبك 
ماتهمني لا مسافة ولاظروف 
مابي الا قربك مابي الا قلبك 
#سمر_البحرينيه 🇧🇭",0
ساعه الصفر للذباب دليم الحين كثروا البف باف 🤣🤣🤣الحمير بيخلون الهشتاق بيتصدر عالميا وبينفضحون اكثر  ...  🤣🤣🤣#ما_خفي_اعظم,0
اصبح الموظف مثل المرة الشمات اللي ييتزوجوا عليها... فلا هو قادر يحنق و لا هو قادر يحتج...!,0
"@Smucat_OCN طيب ليش ماصورت سيارة من مواصلات او مرحبا يمكن هم بلي اخذو مبلغ اكثر من لازم
مايكون صاحب تاكسي بلون البرتقالي
ودائما تغاريدكم تنشرو تاكسي البرتقالي",0
"@rashdi_a 
و لا راح تفتح 💔
حسبي الله عليهم",0
ياغايب .. إلا عن الخافق .. سلااام ❤,0
@Bader_Ov يقول المثل اللى ماعنده لسان ياكله الخنفسان🤣وأنتو ماشاء الله السنتكم اشطولها أطول من طولكم🤣تكلموا  عند مجلس الشورى اكيد بيدرس بعض الحالات اللى تستحق الاعفاء حسبي الله ونعمل الوكيل بحلف الفجار حاصرونا وحرمونا من اهلنا اللى  بدول الحصار بس وش نقول غير الله يحفظ بلادي منكم 🙏,0
@hassanalishaq73 ما يقدر يفتح عينه . في ظنك من وشو ؟,0
"انا مااقدر استوعب ليش يستانسون بجو الديسكوات والبارات اذا ماكانوا يشربون
وطبعاً لا احد يفهم اني مع وجود البارات والخمر الله يكافينا ويكافيكم الشر
بس سالفه شي شبيه ويعطونك الجو ويسمون المشروبات نفس اسم المشروبات الكحوليه والغراش نفس الاشكال
شنو تغش عقلك الواعي 
يعني انا منهم #خبال https://t.co/2lCgrmo9DH",0
@q6r أكيد بلا شك صلاله أرض الأصاله❤️,0
"سامح وغض الطرف لو كان ما كان
عمر البحر ماضــاق من لطمة الموج

لــو تلتفت في كــل زلّــة من انسـان
شفت البشر من حولك ارقابهم عوج",0
يا قهوتي بتشارع وياج : يوم إستوي وزنج بعشرين / يا محلا الريم يوم تِقلاج : ويا ما حلا صبابج في… https://t.co/KOcydTOZ3F,0
@mhdkindi لو شوي مرفوعه عن الحااجب😅😅,0
@ToOoOoOofa @Tahani_alhajri ما عليج منها هاي اشكره مب قطريه و لقت لها مكان حق حسدها,0
"@Froo7a__CBA 
الله يوفقج ان شاءالله",0
@khalidalkhalifa و لكم عين بعد تراددون 😀😀 بسكم بسكم يا فشيلتكم 😀😀,0
@RAlshabli عيل خلاص  لحق على عمرك وأحجز مكان لك,0
@Bol3z__Q8 هم شي زين علشان تقرا الفاتحة وتاخذ الثواب وترجع للرازي 😀,0
"@roohCa لنفرض اني صرت ثالث
المفروض حاسم الامور من زمان
مو اخر جوله وبالغصب ضد فريق ضعيف",0
@2008shinas_wolf ننتظر عزيمة العرس وله خلاص عرست,0
@LiIQvbaGpByt0Sb @Alyazi_uae @jaberalharmi فعلا من شكله كل ما قلته عنه مطابق له,0
@marzoqi_w @grsiaqatar هيئة التقاعد ما منهم رجا,0
@calcio_q8 يالنكته يالقطات 😂 اشرب ٣ من عمامك لاتسيو ووراها بورتو وسمعني صياحك,0
@Daby1989 @NooraQtr86 م نبي نعرفه ..وبعدين عجزت اقولكم هاتوا دليلكم انه احنا اخذنا شي منكم بعدين تعالوا هايطوا عندنا 😂😂 واذا ع الكرامه مب راده عليج عارفه نفسي ❤️.,0
@shoebalomri الحمدلله .. ايه هذي المصيبه بعض الناس مايتأكد قبل ينشر الإشاعه والمصيبه اذا كانت نفس هالإشاعه يفجعون اهله واحبابه الله يهديهم بس,0
لا صـار لـك حـاســد و نـاقـد و لوام فـ اعرف تـراك بـعالـي المـجد جـالس لو مـنت كفـو مـا تلـتفـت لـك آقــوام و لا جيب لك طـاري بوسط المجـالس,0
@Hassan_ae هو أوبتيكال بس مب لهالدرجة! أعتقد 5x,0
انت اللي خذيت قلبي .. وانا اللي عن الناس اكفيك 🎼,0
"#ياااااااووووووو

راعين الحمضيات شنو جوكم تشربون ليمون حاااار ف الصيف 🤪😂💔",0
@Dll3M بيجون و بيلوعون كبودنا و إلي ما يحشم البلد منهم أذا دخل ماله عندنا الى خشم البندق ولا هالأشكال الرخوه إلي في الصوره واجد عليه البندق .. نربط وزاره في رقبته الله يكرمك ونشحنه لديرته الغاويه,0
@haljazzaf دور المجتمع يردم الهوة هذي بين العامية والفصحى..قبل المقابلات، المقالات، الكتب، مسلسلات الكرتون كلها بالفصحى... الحين علبو بيوصلون حق الناس صاروا يتكلمون بالعامي وهذا بنظري خطأ كبير.,0
@bedoonmedia رحيل البدون البوسل مايعترف هذي حقيقه انه كويتي ومسلوب حقه ويقصدج انتي من وين جيتي وتعرفين اصلج وفصلج عن الكذب  وهو يستحق الجنسيه بالتاسيس,0
"يا ضحكه الورع مدري وين شايفها
ان جان ماني متوهم ضحكه فلانه
قمازته شفته تشبه شفايفها
وعيونه عيونها يضحك ونعسانه

#حمد السعيد
1⃣",0
يقوولون. الاسد المنفلت ماحد صاده غير كرباج. 🤣,0
"@amal_almesafri ينفع تمزجونه ب قليل من العسل و الوب كريم عشان يطلع تبن لذيذ و تحلو به الحياة
و إذا كانت الوصفة ممتازة بتحصلونهم يبيعون كيكة تبن بالحليب في الكوفي هات (كبرت السالفة) 🤦🏻‍♂️",0
@shsh9944 @batho124 ما مسوين فيه علامة قوطي بيبسي 😂😂😂,0
"@67_s3d @EdyCohen @nwe9er ذلفك الله تكلم مثل الاوادم
انت اللي مناشبهم برزقهم مو العكس عسى الله يقطع رزقك جانك تبي تقطع رزق المساكين
الكويت ديرتهم غصب عليك وعلى امثالك",0
"@M_Y_MB ههههههههههههههههههههههههه
نفس الشعور والانفعال اللي بي
عليهم لعنة الله الف مره",0
@AbdulazizSay مقاضي !!! حسبي الله ونعم الوكيل ... وانتي في اي حاره عشان يجي يشوف بعينه 🤣 اخاف اقول في اي فريج وما تفهميني ... غباء .,0
@wamnews الحين في الامارات مافي غير هذا شخص,0
"اضن يتجيه جلطة الرجال ... خلاص تعب 😂😂😂 
@FansSurprise",0
@Poet_r_alnaqbi هههههه الله يعينك ويعين اللي مثلك وشرواتك ..... والله يشفيهم من العله اللي ابتلو فيها,0
@shawge7777 @fatmaha616 @alhadaljnobnewz اقول رح ارقد مايدري وين الله حاطه مسوي فاهم على اسياده والله حاله 😏,0
تدور الدنيا وترجع لك نفس الكلمة، نفس الحركة، تدور الدنيا وتخليك تحس باللي حس فيه غيرك منك خير كان أو شر، هذي هي العدالة الربانية &lt;3,0
"@omanilove2015 @ad0li @venus_azall @world21news 

سير غير اسم حسابك وبعدين تعال تكلم
ثاني شي حسابك هدفه شو بالضبط؟؟ https://t.co/q6aRzcF2HI",0
@madibo96 معوضين خير ياوحوش ماقصرتوا,0
@ADPoliceHQ الآن في خط ابوظبي دبي وبالتحديد قبل منطقة غنتوت سائق يسوق اقل من ١٠٠ كيلو في الخط الثاني من اليسار ومضايق كل السائقين اللي يبون يسوقون ١٢٠ او ١٣٠ وما يمسكون أقصى اليسار هل من مخالف لمثل هذه المركبات او رادار يرصدهم,0
@AhmadErgsous شكلها بتحكم على فيكتور بالاخير 😂,0
@nwara79 الله يبارك فيج اخت نورة ، وان شاء الله الكاس اماراتي,0
@hhaass_777 صراحه يبي لنا محليين,0
@a35xxaa حبيب وعسى عمرك طويل طال عمرك💐🍇🍑🍎🌷🙌,0
"@AlsulimiAsim اممممم اطيقه السوني 
خذ اتش تي سي1 احيدك م تبا سامسونج",0
"@muthana13861 @xoxoxo_110 #محمد_عبده_خط_احمر 
والله لو انه من الصحابة 
ذبحتونا بذا الخطوط الحمر",0
@alain_soul1 صراحة تفائلنا فالبداية بس اللي صاير الحين شي غريب ،، العين من سنوات يعاني من ضعف الدكة والكل ملاحظ هالشي الا الادارة !!,0
اثاريك. مانتي سهله تخوفيييين 👌🤣 https://t.co/7BOxLsgLu7,0
@FawazAlharbii شسالفه والله ماني فاهمه شيبي   الحمد لله والشكر لله  علي نعمه العقل,0
@SharjahFCكل هالبيان عشان فيديو قديم بس غنى فيه وحليله,0
@fahad_alain متعودين عادي يرفعوا ضغطنا 😂😂😂,0
"@M_K_Alemadi لا غير اللي يايب معدل فوق .. ويودونه بعثة تربية أسرية ... 
لو مخلينه بدون بعثة اشرف له ههههههههههه",0
@ibrahimsaid77 اللي أقل من ٩٥  وليس ٩٥   وفائه ٥ ريال  وفوق   فيه ١٠٠ بيسه و١ ريال مال ٩٥  هذي عادي ما تتغير وامورها طيبه,0
متي تجتمع الهيئة عشان يشوفون متي المعاش,0
@12345678910_q8 صح بس مقابله الصيف يعني وين بتروحين اكيد سياحه لندن,0
"@omeldil @faisaljamal1988 حتى هالشعار اكيد فاز بجدارة 😀🙈
بس هم كلامج صح.. احنا مزودين الجيلة شوي https://t.co/yvvTsmPfiS",0
😂😂😂😂 أسد علي وف الحروب نعامة😂😂😂 والله جبتها صح😂😂 https://t.co/oLifxosi4Q,0
@abuhamed29 @HassanHammoud18 @BlueSam2012الشبوك عندكم مب عندنا حن كلنا شيوخ عايشين في عز وخير  اما انتو في ذل ومسلوبه حقوقك مابقى الا بوسعده,0
@mo1soa يقصون الوجه والله عزالله سالفتهم ناقصه ومركبين شيله ع التصوير طنا طنا طنا طنا ع ٦٥ الف ريال شحال ديت الوثيري ٥٥ مليون ب١٩ يوم,0
"فيه منطقه في الكويت إسمها الشهداء؟؟

هذا السؤال إنسألته أمس في الدوانيه
ورديت وقلت :
صح النوم منطقه صار لها تقريباً عشر سنين وهي من مناطق (جنوب السره)",0
تهقونه عسف الفرس صح 👌👏👇.. https://t.co/UgeEBKhfcP,0
بعد قراءة متواضعة للمشهد السياسي احب اقول لكل شخص خايف من التصعيد ان (مابتصير حرب بإذن الله). الحروب تصير في الوقت اللي محد يتوقع حدوثها.,0
اي غلط عندي يهون الا اللي يحل عن العشره مردوفه بقطعه,0
"حبگ سكن مابين رمشين العيون . .
وما بين ضلعيني ، مكان يوسعگ ♥️🔐",0
"@_NDaihani يا نورة ساير
اولا، اللي يأكلون ستيك ول دن مو أقلية ولا مستضعفين
ثانيا، انا ما دعيت لإقصائهم، بالعكس ذكرت محاسنهم",0
@rozaalsadi @daef6508 حلق عاليا ب التوفيق,0
@Q0ZUsCZittCEscs @ftoom_b131 @Btran711 •اللّـہ̣̥ يشفيك. ويشفي كل مّرَيَـضّ,0
@KFHGroup في موظف بفرع العديلية مو معقولة ساعتين مع عميل واحد الرقم واقف T11 من ساعتين وانا T17 !,0
"@alsolai_ ما بنحكم ابدا
لان مالنا دخل 😋",0
@lulwabuhsyeen @Shaikhaaleid_ 😂😂😂 اي والله ياحلات الروضه,0
@sabqorg احلى شي نسوي عليهم مثلوثه,0
@nadra_alwojod @I_9mile مايحتاج احلف مصور سيلفي مع الموقع😂,0
@ZuhoorHassan اليوم وش قلت ليش .... بقولج نفس ما قلت,0
شنو جوي أسوي رياضه و اسمع أغاني حزينه الو اسعاف لحقوني اقرب عنايه مركزه😂😂,0
#انقذوا_البورصه بورصة الفلس بشهر خسرت ٢٠ دينار,0
@6wee6er صحيح بوزو ، الواحد يندهش من أعمال بطولية قاموا فيها ناس نعرفهم ، الواحد مايصدق انها تصدر منهم ، صغار و كبار ، إناث و ذكور .,0
"العب بعيد يا ضُفدع 😂
#الهلال_الاهلي",0
@shaganalayam200 الله كريم كل عيد نفس السالفة 😂,0
@Halafmradio @OmranGroupOm @wintervillageom @OmanConvention انتو قبل خلو يضبطو قريه ثلجيه صح كمالعالم والناس,0
@tmeem_almjd كلام هذا الطبيب غير صحيح مريض الفشل الكلوي ما تشتغل عنده الكلى يعني مب بس ما يصرف بول الله يعزكم بعد تزيد في دمه المعادن و الفيتامينات لان الكلى ما تشتغل فتتحول هذي المعادن الى سموم فلازم يسوي غسيل كلى والا چان المستشفيات سكرت,0
@al_badr2012 @AhmedTabit5 @JoaanBinHamad يعني تتفق انه معزبك دب داشر 🤣,0
@6iioo تستاهل يابو عبد الله خذ https://t.co/UERC2ewTgA,0
• ياليت : اسمك مايسمونه : احـد ، خوفاً على نبض القلوب الساهيّه ! في كل بيت فـ كل حيّ فـ كل بلد ، ( تشابه الأسماء ) ودّى بـ داهيّه !,0
@noon07a معقوله يبلغوا فيك عبر موقع)كلنا امن) ليه وش صار منك ؟!,0
"مابغيت المفارق / بس غصبٍ علي !!
حدني ظرفي الي / حد غيري كثير !!
يالله إنك تعوضني على كل شي !!
شاب راسي من الدنيا / وتوي صغير",0
"@Alsoufi16 متى قال؟!
يا كثرة التغريدات اللي صارت تنسب للاشخاص بدون ما يقولوها..",0
ترامب عمره 70 عام ولازال في اناقته وصحته وعندنا اللي في عمره الفازلين بجنبه وحبوب السكر والضغط والنقرس والنفسيه #الانتخابات_الامريكيه,0
خلصنا السحور وصلينا وم زالت الرمسه مستمرة م ادري شو صاير ليش م ننام حتى البصل م منه فايده الحين 🤓😂😂 #اقترح_سحور_لاهل_عمان,0
"@Bsmataldaiq8 صح بدنج 
وصباحج أسعد يارب 💐💐",0
"@Fzsyat وجهه نظري 
اذا ماجا دزيكو وديبالا مو مهم

لوتارو يلعب مع لوكاكو عادي

اهم شي صانع لعب
وجناح يسار",0
@Aakeeda المشكله انها تتكرر وباذكرك يابوعيسى ..... كل مباراة جماهيريه كبرى في الامارات تحدث مشكله في تنظيم المباراة خصوصا الجزئية اللي تتعلق بالطرف الاضعف .. الجمهور.,0
"اليوم شفنا الروح اللي فقدناها والقتاليه اليوم شفنا الجمهور الراقي
ان شاء الله راجعين للقمه 
وياسلامي عليكم يالسعوديه

 #السعوديه_استراليا",0
الواحد وين يسافر على الي يصير كل يوم!!!!,0
"@karlmarxxxxxx و إنت بصحة و سلامة 🌹
متراكمة من كم سنة؟ 🤨 أخاف السنة الياية تقول سقطت بالتقادم 😂",0
"معذور لو صرت بك طماع ،،
من حبكم يازين مالنا حيلة ،،",0
حلووو. سلام حواجب @ بطرف عينه وحاجبه. بس ابعدوووو عن الموظفات 🤣 https://t.co/sL7KgxPH0L,0
@noraalroumi ما أتوقع اكو شي اجمل من هالطاقه الإيجابية أبدى فيه يومى شكرااااااا من القلب ربي يسعدج دنيا وآخره ويابختى فيكم ❤️❤️❤️,0
"شكله وسيم .. وزين ..!
بس ما عنده قلب .. ولا شعور ..
حياته مافيها طعم ..
من فارقك معذور ..
لان قلبك من صنم ..!!",0
"من الأخطاء اللي ممكن يرتكبها الشخص أثناء وجوده بتويتر انه يتعرض للشتم بدون سبب ويسكت ويكتفي بالبلوك
مافي مانع تبادل الشتائم بين كل فترة وفترة",0
@suwaidi_jamal @one_ranger إنتوا شو قدمتوا. أتحفونا,0
@khalifa_alhinai منهم لله محد مسامحهم دنيا وأخره عن كل شبر من حرام,0
@Miraaooo9 ما يخلصني لين الخوض😂 بس شكراااا💓💓,0
"@AllehibiF @ALMRISEUL  ترا الحساب ذا مو للمريسيل 
هذا منتحل اسم المريسيل",0
"ياخي من يوم بطلوا الحريم يحطون 
الفلوس في صدورهم .

صارت الفلوس مالها طعم ولا فيها بركة 😁",0
"@2640009  ليش ماتقارن سيطرة بشار قبل الثورة عشان تكون عادل في مقارنتك 
لانه من الجهل ان تقارن امر قبل حرب واخر الان",0
"@EdyCohen لاتعول على اخواننا السودانيين 
تراهم بيتعبون ويصيبهم الكسل 😂😂 وبيردون بيوتهم ولا كأنه صار شي 
أمورهم طيبه",0
@AlkaabiWa لا تقول ما منه فايده زادو المطبات لنا انا علشان اوصل البيت امر على عشر مطبات على شارع طوله ٣ كيلو وعرضه ٤ متر 😁,0
"شي واايد حلو ان الغالبية العظمى حصلت فرصة بإن احد يقولها هالكلام لو مرة وحدة بحياتها ..
ومن هذا المنبر اقول للـ ٢٢٪ ان "" لكم أبيض وأطيب قلب بس للحين محد اكتشفه ❤️"". https://t.co/5q0WbzCdoz",0
@Osamh_fut يا رب مع فيفا 😭,0
@GulfAir بالتوفيق .... عاد ياالله همتكم عشان ترجع هيبة طيران الخليج مرة ثانية,0
شايفتهم بس نسيت ممكن اذا عندج تنزلينهم بالانستقرام و مشكوره — شنو اهمه ؟ http://t.co/hIqcusfigS,0
@aldhpe @6wee6er ابدا مافيني عنصريه وشوف صفحتي شنو كاتب فيها ، ونص عيالي انسبائهم قبايل حرب وبني هاجر الله يعزهم ،، لكن ننتقد اللفو اللي بعد الغزو ياو وقالوا نبي جناسي ❗️,0
@_92sm لا والله كانوا داشين بقوه بداية الشوط الثاني وكانوا قراب من التسجيل بس في اخطاء دفاعيه ساذجه بالاضافه الى الكوري سيئ جداً !,0
"الله اكبر يا #ريهام_سعيد توك مالك اسبوعيين تترجين الناس تدعي لك بالصحة والعافية او يسامحونك في حال وفاتك بهالسرعه غرتك العافية اللي انتِ فيها وبديت تهاجمين غيرك "" البدناء"" مثلهم مثل غيرهم جسمهم وكيفهم من انت عشان تتكلمين ، انتِ عبء على الشاشة وفارغه واذا فيه احد لازم رممِ لسانك https://t.co/KHbK97s9LJ",0
"@uaeblock @Gala_al3mr قبل الزواج كنت ماسك الكتاب أقراه ونسيبي شافني عالغدا وقام يتمصخر علي.. قلتله بطبقه على اختي ""حرمته"" وبشوف النتيجة.. قالي أتحداك يفيدك.. خذيت ورقة صغيرة وكتبت فيها.. الأسبوع اللي بعده دشت اختي البيت وقلتلها شي بأذونها دمعت عيونها وضمتني وقالتلي والله انك أكثر واحد أحبه من أخواني",0
@Mrs_Shakespare تذكرت أبوي الله يرحمه.. في الثمانينات أظن رد البيت متضايق لأنه شاف بنت تشتغل في البنك بين الرياييل! زمنهم و تفكيرهم و قناعاتهم كانت مختلفة.. حرام نهاجمهم و نتهمهم بالرجعية.. إذا في زمننا ناس متعلمين ما يتقبلون أي اختلاف و على أبسط شي يكفرون و يخونون بعض,0
@Aziz_Almusallam والله اني حبيته من شفت ويهه عسى ربي يحفظه ويرده سالم غانم,0
@sindk4mindk اتوقع نيته بيقرا من الجوال السوره بعد الفاتحه,0
انزين شنو علاقه اللي يطلع ب محل العصير ؟,0
"@wajdikaki عارفينهم   يا بو عمر 

استمر  بكشفهم  الله يسعدك 👍✌",0
@Fares_Kwt @AlDurra_KW @Mstahlekq8 لا تصدقون مو معقوله هذي اكيد هجمه مرتده من اصحاب مكاتب الخدم لخلق بلبله لا تنشرون هالأسعار لأنها مو رسميه واللي بالجدر يطلعه الملاس( بداية حرب الإشاعات),0
بياتيك لاعب جميل يا بيريز و مدريد مدينه جميله يا بياتيك❤️😍 https://t.co/CLn7fwyxhn,0
الله يأخذهم اصحاب الروابط الوهمية عساكم بالشلل اشغلتونا,0
"@humaidnaser1 حتَّى تعرف الْلي مع الْدَّرب خاواك 

وتظهر حقايق ناس تخْدعك صورها https://t.co/JznSWS3tbb",0
@l1v_i 😭😭😭 قولي لاحد من اهلك يجيك مش كذاا,0
@Yousef_MUFC مادري ليش كنت ادعي مايقرب لليونايتد والحمد لله ما يا ... بخبرك شي اليونايتد يحتاج لاعب طينه مودريج شفايني غاندوقان ستورمان ..,0
طبيعي بالبلد والجيوان كله كويتيين وظباط تعطي اوامر!؟طيب ولي شفته توني بالدرب!عراقيين بنص الشارع وبعدهم٥٠٠متر الوضع طبيعي!نعم يحق لي اخاف5⃣,0
@BandarAAAlharbi @PralineRsm والله مكتوبه من باب الاستهتار هههههههههههه طلعنا مصخرهـ بالعلن وماخفي أعظم,0
"@radi515 هلا وغلا بو محمد
من الفايزين العايدين",0
احبك اي بس مستحيل حبك يخليني اتخله..عن الي ربتني طول هلسني ((امي)),0
@N_MEESHAL يدافع البلا الله يكافينه شر الحاسدين,0
@sam_saud11 @ARG4ARB متى صار  ماسكيرانوا يبني الهجمة ؟ كم هدف صنع في مشواره مع المنتخب ؟ ماسكي وسط عقيم غير مبدع فقط قطع كرات,0
معلقه براسي انا خدت الضربه بجد 🤦🏻‍♂️,0
@FawwazCa @akm_qtr فواز سجل في برنامج المواطن تكفى 😩😂 لأن كلامك واضح ان ضغطك شوي وبينفجر من قيم ومباديء وثقافة واخلاق اهل قطر ولاعاد تقرب من حسابات اهل قطر ياتيس كلم الي يفهمون عليك 😂 وحط في بالك ترى احنا  نموت في تميم وتميم يموت في شعبه ويسأل وش احنا محتاجين له . عندكم مثله ؟؟؟ موتوا قهر 😂😂😂,0
@K_alzobaie2 @CaSa_nooo @Ci20099 الرمال اول من زوجو الهتمان نسيتو عوده ابو تايه يالرمال ام محمد وينها 😜,0
"شنو الشغلات اللي تتحسفون عليها ؟ 
انا دايما اتحسف على اول صوره لما اصور نفسي وامسحها علبو اصور… https://t.co/ZWZtBkb99V",0
@A7lash3oor هاي بس الصبح 🌚المسا ما احب اسمعها 😂😂💔,0
"نادي ضعيف
وصعب يطور الحارس
ماكو فايده https://t.co/MnvTNUOAUZ",0
@G_AlQumishi وين بو يمن يقدر يشتري تذكرة ع الاماراتيه 😅 اونه قال مقاطعة حدك جيب 1987 وثانياً شو مخزن طياران الامارات بدبي مب فابوظبي,0
"#اطردوا_شمر_من_الكويت

خبل او جاهل من وضع الهاشتاق ، شمر من لم يعرف تاريخها فلم يعرف اسم ابويه ،،، انتهى",0
محمد بن الذيب    http://t.co/Wo08zsdWsI      ^ خذلک 10 سنين زيآده يآلذيب,0
نو ، مو اي احد اقبله 😊,0
@xXfk1DGv4UxbExK @queeeen_qatar @faisal_here @gh_3381 @alishe111 @AJArabic معليش يا اخوي مايعرف الادب الكلب دوم يدخل بدون استئذان,0
"دايم عليّ تخطي واعدي واسآمحك
و اليآ متى تخطي وانا ماتكلم 

من باب آحبك لازم اني اصارحك 
ترى الغبي من ، الخطآ مايتعلم

#بوح",0
@Bu_Shahab_UAE @el3azy22 لا جديد كانه فريق هواه وبيشارك في دوره رمضانية وصلنا 2018 والعقليات القديمه نفسها موجوده,0
@IMrged اللي ماينفع منتخب بلاده ليس لاعب في ظني,0
@salmanq8man3 @424Al @rbinhussain عيل ليش متلزق فيكم 🤣 ،، ابو الشباب يتكلم كانه وزير خارجية الكويت باقي يتصور مع الامير صباح ،، والله عالذباب الالكتروني اذانا كلنا,0
"@Alkubaisi101 أكيد عندك الخبر الأكيد 

أطمئن على لاعبنا والمنتخب ب حاجة له .. 
تكفى طمني",0
@bosaif56 اللهم آمين ويسعدك دوم يارب,0
@Malak_xi عندكم مكيفات انتوا تشب,0
@ghhhh3291 تخيل وحده من صديقاتي تقول ترميها بالزباله قسم بالله انصدمت 😱😱😱💔,0
"#العسكري_والمعتمر
بس م مهم عندنا من اللي غلط او بدأ بالغلط
المهم مم المطالب بضبط النفس اكثر من الآخر؟!
١٤",0
@2022Jo0jo0 @Nbb55055 @m8_alshahwani علمتج منو الحمار اووو صح تعال فهم عاد الحمار وين يستوعب بعد 😂😂,0
@Nalfadliq8 مندوبك شنو لون بطاقته عنده أحصاء ولا تبع اهل النفط ولا خدمات جليله ولا مجثي 😂😂,0
"#عفرين
الدواعشش طالع صوتهم يزغرتوون ولابسين عبايات حريم بتركيا
اويييهااا وتركيا عم تقصف معنا
لللللويشش🤪😂",0
@DlNy7Pr0OoPgx20 غير اسمك عشان اتابعك,0
@nasir_alarbash عتد الاسبوع الجاي بركبهم بالقسيمة والحين توهقت انصحوني شحط ؟يا اخ ناصر الاربش واللي يرحم والديك وهقتني تكفا شحط؟,0
@nasser19999 @Drawyourway ويازينه بعدإذاخان أخوه وجاره تفوووه عليه وعليكم,0
@AshwaqAlAli75 هذي امنيتي مالت راس السنه,0
@e1mago @Ahmedovic33 هي عاطنهم ميوت وايد يطرشون ... شاللي يضحك في هالعبارة ؟,0
"نادرا ما تلاقي عربي ملحد عشان فكر و درس و تعمق  في الموضوع...
@Hass4n_",0
@abdullahh20188 @Saudi_arabiia3 @Varkan_Sh ماشاء الله تبارك الله من تكلم وفتح فهمة قلتو من قطر اذكرو الله بس,0
مشكله لما حد يجذب ويبانا نصدق جذبته غصب,0
أرتاح نفسياً إذا بشتري شيء غالي وما ألقى مقاسي، أحس سويت إلي علي🙂 🙈,0
"من وايد شغلات زينه صارلي راح احط صورها باجر 
يلا جاوبوا خل نشوف 
.
.
#٢٠١٥ @ London, United Kingdom https://t.co/Drud2yXTSM",0
@P__babo اميين يارب تسلم يالبرفسور يزاك الله خير,0
هذا عنده سهم ناطر يبيع فوق https://t.co/iyzn0LMaaK,0
الغدا اللي قبل رمضان https://t.co/yMkpJAZ3Ni,0
رحت لابل عشان اصلح الشاشة وقالولي اصدارك قديم ولازم نحدثه، رفضت طبعا عشان الجيل بريك، بعدين شافتني الموظفة بنظرة تخوف وقالت لي شكلك مسوي جيل بريك، رديت عليها بنظراتي البريئة والله احتاجه لا تحدثونه ... ع العموم الحين انا خايف,0
@Hesham_Alawadi مايسير يادكتور اختار شي واحد موعلى كيفك 😆,0
عندي غتره ممكن مقابلة... https://t.co/UHviah23cQ,0
"#اشتقت_لك_تقولها_لمين

لكل غالي صار لي فتره ماشفته وباب العذر صوبهم مفتوح ، ويسامحوني ان قصرت بحقهم",0
"@karessbasharnet أصيرلك كتاب 😩😍😍 
لوووف يوووو ياقمر ❤️❤️❤️❤️❤️",0
@Sl6___ لاس بالماس وإنقاذ الدون وفياريال الاياب ❤️,0
@fayez989 @aduayman12341 @Rashed_algannas @bao7e عسا التوفيق فالك يا غالي ❤,0
نجي لموضوع التعاقدات اللي بصراحه انا اعتبرها صدمه بالنسبه لي ، لم يتم تعزيز الفريق بأي صفقه مع الكوارث اللي حصلت للفريق خصوصا في خط الدفاع،مش من المنطقي ان نستمر على المهدي اللي يلعب كل موسم نص سنه وينصاب او الحاج اللي مستواه مع احترامي غير مقنع ولايصلح لفريق كبير مثل #الغرافه,0
@saudq1978 تعال خل يعطونك احصائية بمشاريع وانجازات قطر داخل قطر وخارجها ... وبتعرف انك انت ومشاريعك يا المتخرع صغير جدا جدا ... !!! بتجيك جلطة اسمها الجلطة القطرية ارحم نفسك شوي .... حاول تعيش بدون ما تفكر في قطر .,0
@G_3360 هذا يدل ع البيئه اللي انت عايش فيها ولا حنا نقدر نرد عليك ونزل حق مستواك بس اخلاقنا والمبادئ والقيم اللي فينا ماتسمحه لنا,0
"استمرار للنصب عبر الواتس اب... مادري شفيهم علي

بس هالمرة فلم جديد،،
سواق ليموزين!
ومسوي روحه يعرفني

المشكلة شلون عرف اني دكتور !!🤔 https://t.co/9nD5ORWZmB",0
@uae_3G حرروك في غابه متروسه تماسيح ووحوش قول آمين,0
الحين ويش الحل مع هذا البني آدم الي ما موقف سيارته مثل الأوادم ولا مخلي الأوادم توقف سيارتها جنبه .. الحاله من الصبح https://t.co/JSbkVNW2Be,0
@72Emad آعرف ناس يوم تقاعدوا صار راتبهم اكثر .... والله صج موغشمرة,0
ما يسدينا حاشرينا بكلين ناين على الانستغرام و هيلابيس نسوي بلوك..الحين ياي زام تويتر..😒 حسبي الله عليهم امطفرينا 😡,0
@mas3okh هههههه كنت معصبة.. بس كلامك خلاني انفجر من الضحك,0
@Abdullah71_q8 @Lawyer_Hussain مبروك يا بوعيسى وتستاهل كل الخير,0
"@bof9laa 
ذكرتني بالوالد كان يقول نارج يا حكومتي ولا جنة صدام نعم احنا من حافظ على وجودها ولي يقول مؤتمر جده هذا واهم 

وجازونا نكران",0
"وكفايه تكون انسان في زمان 
فيه طيبه القلب بتتعيب...يا #طيب 

@bassam4071",0
"@saudq1978 
ترى ربعك بسرعه يعترفون .. كم مره انقولك 
لاتوظف حمير ... https://t.co/9JljqSQ5Jh",0
"علي طاري الوفا ألي بحضنك شلونه ..!!

تصبحون علي خير 🌹🌺",0
مريضه اروح المشفى الدكتور يقولي ما فيج شي ما يحتاج اعطيج دوا 😫💔 والبلاعيم شو اسوي فيها 😓,0
@abdo_mojahed @M__albugaily دام حبك لصدام شكو اساساً داش بينا ها منو اللي يهاب حيوان ابن 16الا اللي  مثله تحبه حبك عبد بخرابه خلها بقبلك يعله الكسر احنا حرين بها اليوم بها التاريخ قال شنو تهابه خف علينا جورج بوش 👊👊👊,0
@Nouf_Nabeel العالم ما عنده سالفة ^_^,0
هاردلك اسوء سيناريو تدخل كلاسيكو قبلها خسران ع ملعبك,0
@malikhayek1 وعصااا تضحك بلا اسنان😤,2
@Moxxana والله مسوين جو فالمعسكر دانيلو. وليوناردو.  هههه وفالباص  اجواء حلوه.,0
@al_awtad يقولون حطوا مساعد الخرافي,0
@barazi__ شتقولين انتي روحي نامي,0
@mohd_almarzooqi @alsuwaidi_ae @Dha3en @Faisalkhamis @AwadAldarmaki أتمنى تقصد في البناء مب التعدد اللي تتريا نتيجته,0
@madikhamees @alrzeeen_q8y ليش ماتكتب الراتب عشان الناس تعرف عسى يكون الراتب الف وفوق لان كل شي غالي ياالحبيب,0
@miss_jumairah شكله مخلنها ف قلبه من زمان والحين قالها 🤣🤣🤣🤣,0
@hanaaalali079 @KingAbdullahII @QueenRania @AlHusseinHKJ الله يحييه ويتقبل العمره,0
والله ابطال سلمو نفسهم قبل حكم التميييز بيوم بصراح افنجرز مو اعضاء,0
"حدك  زمانك  اللحين  تكلمني 
تسهر للفجر وعشاني ميت قهر 
جاك  اليوم  بالاغاني  تسمعني
وتشوف اسمي وانا اكتب  شعر  
ماعندك انا ولاتقدر بيوم تملكني 
لو ملكت الكون كله مابتملك سمر

#سمر__البحرينيه 🇧🇭",0
"بعض البشر اسمه على قمة الذوق :::: إن جيت له بالرد جاء لك يفوقه #ابياتي #ابيات #الشاعر_محمد_السعد_الحنيني 
#الذوق #إحترم_تحترم #شعر @mals3ad",0
@LabombeSofy ربي يخليك شوفي الخاص,4
@ayoub_yousif اقسم بالله العن اسب وربي محمد بن سلمان م يخليكم ترقدون فالليل لعنة الله عليكم وربي,0
@DER3_ALJAZEERA الحمدلله على النعمة 🤦🏻‍♀️ الله يعين اللي عايشين هالعيشة,0
"نايف القويفل
كذبه مو طبيعي في تسمية الثلاثي
أجل تقول مو محصور بشلة مع بو ديه و نمر

و انتو كل مكان نشوفكم مع بعض
حتى في الدحه الحين
وش بتسوي بعمرك لو واحد منكم طلع #همثون28",0
حياتي من غير ما اسمع صوتك مالها طعم ♥,0
"@Dhahi_Khalfan أتصل حق حريه ، 
وأكيد تعرف رقمه 
هو بيقوم بالواجب وياك ،،
وراح تنام وأنت مرتاح أوي أوي ،،،",0
@mrym_alkubaisi @mneerakubaisi وانـتَـيّ كثر دقات قَـلـبـي فـــي غيابچ 🎶❤️,0
"@maid_almoqbali @b_salim20 @izx01 @Leed0o @Almost_10 ماجد خلنا متفاهمين كالعاده ☺️

المفترض انت تقول م تسوي شي هالفترة اجازه😒🔪",0
"يعني حرام يروح عمر لعيبة مثل فاسكيز ، أسينسيو ، إيسكو ، براهيم ، ناتشو وغيرهم بدون قائد مثل كريستانو...
تخيل قدوتهم :
بنزيمة ؟ 🤒 https://t.co/OVAg7kyrXO",0
@ALSHAHEENNN @Manama9200Ahmed @alzeen1122333 @hamdolla120 @layla_buhazza @Salah65729413 @jameelabh8 @AyshaAlzeen @sh411637 @JihanMohammed1 يا سلام سويت انجليزي لندني هاردزي ما نقدر ههههههه,0
@Abdaull__ اللهم امين حنا وانت ومن يتابعنا,0
@almaniahcom ليش يسكنون كل واحد قي بيت خلص يتزوجون ويكونون عائلات ويستانسون وياهم,0
@6aLiBb @AliEisaQat @aljhdhamy @SalemAlHabsi @khamis7777 @Ebtesam777 @qatarspc @NadeebQa @Ms3don @MohdAlmarri2022 هذا اقل شي نسويه لكم ياهل عمان ، مانوفي حقكم مهما سوينا 🇶🇦🇴🇲,0
@Miskalrshedi @nasser19999 خان شوف لنا حلبة مصارعه بأسرع وقت حتى لو فيها خلوّ رجل . بدفع بس اتهاوش 😂😂😂,0
@AboNawaf_s الله 😍😍 شكلي باخذها عشان محد يفكر ياذيني 😁 https://t.co/pEIipqRIox,0
@Bo_ja_philo48 @Alhan0ufAlajmi_ @ccqstudents ديبرا طلعت من عندنا كانت رئيسه القسم اللغه الانجليزيه في الدائري  اهي تدرس الحين عندنا مادري,0
تشيرشيف الله ياخذك هدف جميل,0
@WafaAlMulla ههههههههه سالفه ناس وناس.. خليها على الله,0
...تعال طالع جروحك لها وسط الحشى هيبه🔕💛🎵 https://t.co/uOR2VZlT00,0
بالبلد نقها دكتوراه وشوارعنا امكسره والحال واقف ايام قبل شهاده متوسط وثانوي والبلد راقيه ومتقدمه https://t.co/IolLcDFKBY,0
"@llll77677n 

ههههه ،، خلنا نجرب مرة ثانية نتأكد",0
@qtr_3379 @saudq1978 كل خراك و انطم.,0
@nasser19999 ع الاقل أحلى من بدلاته اللي يلبسها كل اسبوع,0
انزين !!! #ملتقى_الشباب_العماني,0
"ما على الدنيا ومن فيها حسوفه ..
كل شي يفنى ووجه الله باقي ..
الحبيب اللي رحل ودي اشوفه ..
ابتعد عني وأنا زاد اشتياقي ..",0
"وين اللي قايلة بتشيل يدها هالمرة؟
بس حجي.. أوكي😊👏",0
@dottore_1 انا ناطر بيت حكومة ما اعتقد بيعطوني واحد بحدود الدائري الثالث 😅,0
"""القذرة""

الفرنسيين قالو.. احنا مالنا شغل .. https://t.co/Vbkpb2c3tZ",0
@Mailk2030 والله مدري بس شكله سلمان اكبر 😅,0
@kamado111 شو شفت بعد يا بواحمد 🤦🏻‍♀️ غرد,0
@I_m9rq3 @Programmer_s وظيفتي اللي تعطيني الراتب لها الاولوية 😳,0
@FREEDOM_005 @SaudiNews50 حشى لله ماتعداك في الكذب,0
@naaif_alaone @abqatar لا والله بالفم اللمليان ( بتاكلون تبن بالرياض),0
@saoud_alrukaibi منوريين نجد يآحي الله الكويت و أهلهآ الطيبين,0
@FAlHajri خلاص نويت السفر .. مالحقنا نقعد معاك,0
ذكرني في الياهل الي مسوية اوردر وتبي تكتب على البوك أبيك تحتويني https://t.co/ki6KY4PxN9,0
@A9o0ol1 قلبي يالس يتقطع ياخي والله,0
@GamHoussem حتى كرة بيل كان هو اللي عرضها,0
"@Fik2y تعالي نسويها أنا وأنتي فعاليه ب الويكند 😂
بطاقات شحن 🤣",0
اهدا شقال الريال ماقال شي شكو البدو والقبائل بالموضوع بوشعيل ابدا مايملك نفس عنصري ... شكلك بتفتح موضوع موعارف بعد هذاك يتكلم جذي ونبيل قلده ماسبه https://t.co/tJ8VXgXeEh,0
@Dralnoaimi هذا حال البوك هالايام :) http://t.co/bM7T7akZ,0
"#23يوليو ثورة جيش ايدها الشعب
30يونيه ثورة شعب ايدها الجيش",0
"@Khalid_alzar3 تو الناس

لاتستعجل تونا بالبدايه",0
@mohamed_alkwari @bin_shaheen52 @bahraini_girl5 @manalabdulla99 @3anoodAlThani @Benguennak اكيد م فيه شك 😌👑❤️,0
@ibramm15 يبارك فيك باريك يبو دارين والوعد الاثنين 😉,0
@Bent_Marzouq @TAlzaidan @Huna_kuwait سموه غزو صدامي والحين عدوان الخوف باجر يقولون زياره مطوله من دوله شقيقه لاخرى او اقامة غير قانونية  بس انتو فهمتوا الموضوع غلط 😡,0
@Humaid_UAE أهم شيء اللي بالي بالك منهم ولا مش منهم 😏,0
"@nalsoufi @hudhudalnser انت.عبيط والا بتستعبط؟
والا بتنافق على شان انك انت وسيدك 
طارق عندهم

ولعلمك المقاومة 
الحنوبيية اشرف وانبل وانزه
واصدق منكم انتم 
وشلة الأخوان
من يوم حكمتم اليمن مع الأخوان
ماشفنا منكم خير الله يزيلكم
ياارذل البشر",0
"احنا توصل عندنا ٥٠
ونقول لا لا الجو ممتاز اليوم
وطايحين له جاي وقهوه ههههههه

الحمدلله

ثقافات https://t.co/qMIayRZATN",0
"@7mdalajmi 
يا عزيزي حمد ايام حلوه شرايط الفيديو السوده،، كفاية FHD 

2k or 4k 

مب ظرورية",0
@jasimalhuwaidi الله يشفيه ويرفع عنه ويمتعه بالصحة,0
"ييييس
نبي نشتري منتخب البرازيل ومنتخب فرنسا فيهم😍😍😍 https://t.co/Ahkr6vAcI7",0
@JOREEHSROOR تستاهل ماحد قال لها تأمن لرجال هذيلا ما يملي عينهم الا التراب 😂😂😂😂😂,0
هذا المسؤول السنع .. حاط الضيافة جدام المراجعين 🌹🌹 https://t.co/W98tgGnWD2,0
@meshari13 معلوووووووم …. ان شاءالله توصلون العالمية,0
"شـيـئـيـن ماينلعب فيهم !؟! ... 

           مشاعر البنت والبندق ..!

 💞💞",0
@nsfadala نسبة كبيرة جدا شكلة يبيلنة احواض سمچ في البيت,0
@_MEEM_m معناها  تعنيف او معنف,0
"سكران يسأل محشش :

الهند بعيدة ؟

رد المحشش: ما اعتقد لأن في هندي معانا فالدوام يجي بسيكل كل يوم  😂😂😂😂",0
@Sirsalem9 تكذبون الكذبه و تصدقونها 😭😭😭,0
@arifomani @AliAlmahri @badralbusaidi هذا للعلم خله يتابع فقط https://t.co/4bzb0Ng20w,0
@almakmari يعني ماله علاقة بالسيسي ؟؟,0
@AlkaabiWa العامل المشترك بينهم الدين فقط !!! لان لو موضوع هجرة في مراكز عندهم راح يلاقي فيها عدد اكبر من المهاجرين عشان يذبحهم !!!,0
@KeeK_World1 @AlMasryAlYoum اي والله كلامك صحيح,0
@uaexlr جمييييل ،، يعطيك العافية ياخوي,0
هووووشة هووووشة 😂😂 #نبيها_بحرينية,0
@Fawazoalameer3 هلا بو عثمان. ترى تواصلت مع مصريين هنا بخصوص المواطنه الكويتيه. اللي فزعت لها وينقصني الفديو اللي نزلته لتكسي تحت العماره,0
@tejo_m شغالة تقنية الفار ، بالنسبة لأحمد موسى ودي أخدمك بس ماش 🤓,0
@3isoov القهر يا يوسف بأنه حتى ما يقدر يختار أسماء لتعزيز الدكة او وجودهم كأساسيين،، وين محمد فوزي وين فوزي فايز وين علي عيد وغيرهم من لاعبين !!,0
كل عام وانته بألف خير حبيبي دعيج وعقبال مليون سنه وياربي اشوفك بأعلئ المناصب❤️ وياربي تتحقق كل… https://t.co/vz0K1ZHOhX,0
"مكارم الاخلاق ....... وعلوم الرجال
نهج الكريم اللي على العليا يروس

والمرجله ،،،،،،، لو كان تشرى بالريال
كان اصبحت حكرٍ على اصحاب الفلوس

والطيب والمعروف . كنز وراس مال
والعاقل اللي خذ من الدنيا دروس

الفقر ...... ما عيّب كريمين السبال
والمال مانومس ضعيفين النفوس

#سعيد_العلياني",0
@khalidaalqurasy اعتذاره ماراح يعفيه من المسئوليه ابدا الام ماهربت الا من شي كايد يعنفها اكيد,0
@habiba_79 فدييييتتت اللي دوم جاهزة 😂❤️❤️,0
"@S_ALShahry 

هههههههههه محسسني باريس

#استوعب !",0
@RrKkko انحدينا عليهم مافي تعاقدات,0
@GulnarTravel يعني بريستيج... خلوا البرستيج ينفعكم المحلات و المطاعم على قفا من يشيل 😄,0
@ruba_12111 صباح النور يا حاجه,0
صباحج خير يا بلد ياديرة الطيبين,0
"أوصخ  صحُبه؟
الليِ ينسَاك،لمِا يصْير له صَاحب جديِد.",0
@uob_students ألموقف اللي يضحك يوم قطيت الرقم الوردي اللي عطونا وأنا كنت أبيه عشآن ادخل التسجيل وما كنت أدري إن لإزم أخليه  بس دخلوني هههههه,0
@Almajlliss اجمل ما فالبطوله الجمهور الكويتي وعن  قناعه😍 بس مابردكم ان وصلني مطبق زبيدي😍😩,0
"#ينشرح_خاطري_لما
اتذكر ان اليله ويك اند 😍",0
@a_bin_mahmoud87 @hamouod23 كلنا عشان الوصل جماعه الالتراس يعطيهم العافيه ماكانو يقصرون .. نخلي كل الخلافات على صوب وقفتنا ويا الفريق اهم الله يوفق الوصل 💛💛,0
"جاسم راح ينضبط الحين في المسجد
لانه سفير
و هو غايب اليوم عن صلاة الظهر و العصر

اللي يعطي الإدارة العين الحمراء
الإدارة تراضيه على طول 😁😁
#همثون51",0
ليش ماتشجعون الواحد عالخطأ؟ 😒,0
يا ليت بس اقولك هذا حلم عندنا https://t.co/IzHN0MmZGr,0
"@Ghanimalhajeri انت السبب ف كل المهازل اللي تحصل ..

اترك النادي يرحم والديك 🙏🏻🙏🏻🙏🏻🙏🏻🙏🏻",0
@Iivil7 ربي يحفظها لك ويطول بعمرها,0
"https://t.co/zSiy6XNcXs
اتشرف ب إضافتكم على سناب شات https://t.co/JlDVpVv3bz",0
@Abe1010S ايش الفايده من التصميم اذا ماراح يكون بيوم واقع التصميم روعه بس باليمن كل شي صعب,0
الشخص اللي يمدح نفسه و يمدح عمله هذا شخص وصل الى اقصى مراحل الفشل,0
@janat2018 هذا الكلام لمن يتفلسف ع الملازم  عفوا منك جنات,0
@Bssoooma هارد لك معوضين العام القادم,0
@ahmadalmarri @XQ55 هذا الكلام على ايام اس 5 بعدها مافي,0
@g_li24 @alqala_55 قطر صايرة الشئون الاجتماعية لتركيا 😂😂😂,0
@mahra_T_2002 صح لسانج يا الشاعرة,0
#كل_مانحتاجه_هو اسافر لوحدي اتحكم بوقتي وذاتي واكتشف قدراتي,0
@__toleeep @mazenZ5 حسبي الله على كل واحد ما يخاف الله بس صحيح خليها تداوم على سماع سورة البقرة حتى وهم نايمين تخليها شغاله وتصبر مهما تعبت ان شاءالله تتشافى والله يكشف ستر من سحرها ويبطل سحره 😭💔,0
"حقيقه:
الخُبث و الخبائث 
ولا مره شفتهم بالحمام بس شفتهم بحياتي وااااااااااااااايد ما شاء الله 😂",0
"قالوا لي إكتب عن غلا أمك أبيات
قلت أمي أكبر من قصيده جديده
أمي غلاها ما إنحصر داخل الذات
وشلون أبكتب بالقصيـده قصيـده",0
@xim99__ هههههههههههههههههههههههههههههه ضيع الكوبا اكثر بلنتي فرحت يوم ضيعه,0
@_PIIB نو،، انا صديقةََ نفسي🌚💔,0
الذيب ياي بو أنياب ياي👹 https://t.co/Q9E2Le3oZZ,0
كل وحده قالت  انا كويتييه حبايبي اذا ام احدكن كويتييه فهذا لا يعني انج كويتييه اما ايرانيه او مصريه مو كل وحده مثلت تحسبونها كويتييه https://t.co/R0bv1A7Bw7,0
"اللي انذبح في هوشتن عاديه 
وش السبب في ذبحته فيدوني 
كلاً عرف  تفاصيل القضيه
إلا قضيـة ذبحت الميموني ..!

( الله يرحمهم ويصبر ذويهم )",0
"@just1salem ما شاء الله عندك حساباتهم الشخصيه
وتشوف فواتيرهم وإستهلاكهم اليومي
👏🏻👏🏻👏🏻👏🏻",0
@Njood15A معاناة مشتركة 🤦🏻‍♀️😂 يبيلنا صراحة,0
يا ويلك يا سيميوني والله الاسطورة ناويلكم على نيه سوده 😂😂😂 https://t.co/jQU33QJVvF,0
وين المحامين الكويتين يشوفين شغلهم https://t.co/cU15OEgzI7,0
@MUSSSAAB واحترق كرت صالح الي مرفعينله قبل يومين والفلم الهندي بيبدأ,0
@mubed2 لاتزعل يالحبيب قالها دشتي وفعلها والسفاره مالها فضل علينا,0
@il0ve_q8 الحين مدير ماتقابله الا بواسطه ويكلمك من خشمه وتاليها تمشي معاملتك من بص حضرتك والمدير يوقع .,0
"في محل في طوار مول للملابس الرياضيه
 مطبوع عليها (Emarates Airway)
وين حماية المستهلك؟ ليش نسوي لهم دعايا؟
دول الحصار حاربوا تجارنا القطريين في بلدهم ليش احنا ساكتين!",0
@MAGNITT @Saudi_Aramco @GetMuv @AramcoEC @sheneamer مبروك بوجنا عقبال ١.٥ مليار فليويشن,0
هنه يوم يقولون شوفتك عيد وشوفت بوسلطان اجمل اعيادي❤️🇦🇪 https://t.co/jyAfMluDE5,0
"والله مافي شي اندم عليه غير تقصيرري مع اللي خلقني *"" https://t.co/CTtaBPIPgH",0
"@athari_q89 @Forza_3ziiz انتي كويتية طال الزمن او قصر
هو خايف على اللقمه حسباله في احد بياخذها منه
محد ميت على لقمتك",0
"@ssu_almoradi @HadiPresident هههههه قله يعيني بدل هذا المدلل 
شف اخر تغريده لي",0
@beefq نفس الطريقه اللي ماتخلي ثياب الشباب اتعفس😂,0
"@ALNOOR_ETV لا ترفعون ضغطنا ...
خلكم نفس الاربعاء الي فات👍👍👍👍",0
"وطبعا لو المقصود امراة جان ٣ آلاف رتويت لان القصة ماشية مع ال narrative ان النساء مهووسين بالماركات، بس لانه صاحبكم تسوون نفسكم ما تدرون شالسالفة

عفية عليكم يا ابطال يا شجعان 😊",0
ما باية أدور عذر حال نفسي ، لكن حسيت كلامه واقعي 😂🙄 https://t.co/eJPMpPLZk3,0
@AlysonKingUK @TawakkolKarman @HMAMichaelAron بلوك اليسون كنغ يالسه جنب وحده عدوة وطني,0
سؤال خرب نومتي امس... https://t.co/03mzjFNMl0,0
@Alanooding لين كبر شنو بيصير اسمه ؟ الله يعينهم على هالسخافة,0
"متى اللقى؟'
ويرتاح القلب.",0
كمل قروبنا لمناقشة كتاب قوة الان ... واعتذر عن كل من ارسل للمشاركة ... لكن الاكيد راح نشاركم بالتلخيص 🌷 https://t.co/jx8wsfu03w,0
"مدري عندك خبر ان هالخط اللي تقصده فيه حدود  ويمسكه جيش الحكومه الشرعيه!!؟؟

ولا نايم على اذنك وماعندك خبر وسرى الليل مع القوم😌 https://t.co/iXpDUGs1mR",0
#خديجه_بن_قنه_تتطاول_علي_الفيصل ياجماعه لاتكبرون الموضوع هذي موظفه براتب صغير,0
@Qustudents  مين خذ قبل كذا عند Azlifa Ahmed  كومنكيشن ١ يفيدني الله يعطيه العافيه,0
@BoArhama @jaberalharmi وش كسبت قطر من العالم,0
@waleed66695859 @nalsoufi مع اليمن ي بومه,0
الله يعين زوجي و عيالي عليي لين كبرت و صرت صمخه,0
"@m_f_alhajeri 

مال الحمول الكايده غير رجال 
محمد ولد فالح اعزومه قويه 

يومن ثقل الحمل شاله ولامال 
وغيره تردى في علومن رديه",0
"عطيتك اللي تبي يوم انت تستاهل
حتى لو المر من شانك تجرعته!
اجيك محتاج وانت اتصد متجاهل
شكرا على جرحك اللي ماتوقعته..!",0
"@aaaaaaa48517879 @honestVVsmart @_Q800_ هذا اللي قاعده أقوله أخوي بو جاسم ، الرص مايصير إلا لما تصنف جماعة الإخوان كإرهابية
هم نفوا إنهم إخوان ، لكن يبررون تعاطفهم معاهم بأن اللي يربطهم رباط فكري ،
أوكي لما يجرم فكر الإخوان ، لا يسمح بالتعاطف",0
@q80irpilot المصريين ما فيهم طب والله,0
قسم بالله اني احلم ،،، اخر مرة الانتر لعب بهاذي الطريقة يوم كنت ادرس في الثانوي 😭,0
"@BuhamNy @Abouri_Woqy بوحمني ☺️أعرف الآية ، و أدري انها نزلت في المنافقين ،
الله سبحانه هني يقول لو انهم سلموا أمرهم لله و رسوله و أحسنوا الظن بالله و عطاءه و قسمته ، لكان أفضل لهم و لآتاهم الله من فضله .
الجملة نفسها اللي تضمنتها الآية هي اللي الله سبحانه كان يوجه المسلم الحق مو المنافق يقولها",0
@Balushi_Yaqoob عندك خيارين اطلع من البيت باتجاه الشارع العام مسقط صحار وبعدها على يسارك تحصل مول التنين ١ او انك تاخذ يمين وبعدها تحول الاتجاه المعاكس مول التنين٢ ،،،😉 ايش رأيك بالوصف ؟,0
من لي غيرك اسأل عليه 💕,0
الطريق اللي ماودك توصل والله جعل اعمارهم طويله ♥️♥️ https://t.co/NwjFrQNQwT,0
@Dhahi_Khalfan قلبك زايغ يبيله سنين بس امكن ماتكمل السنين لأنك ورقة تستخدم مؤقت😎👌,0
@habeebalshammry انت مدير تحرير ولا مدير شلة حمير!؟ اول مرة اشوف كتاب ورسمي وبدون تاريخ! 🤦🏻‍♂️😂 هذول هم اعلام الحمير!,0
"@LetGoq8 (اشهد شهادة حق مدح الردي عيب
           مثل الصلاة اللي على غير قبله ) #زمن صعاليك ومتردية",0
@Nevertete وعندج هالحرق اليومي المنظم يوميا عادي لعبة يهال سد الشوارع والمولوتوف عادي لعبة يهال عيل خل يدخل درع الجزيرة بعد لعبة يهال,0
@_zheimer_ لا قوائم ولا شي هذا اهو تويتر جذي بس الظاهر ماعندك خبره وايد واذا ماتبي احد يرتوت لك سو قفل وخلاص,0
صح ما أحب ادخل في نقاشات وخاصة اذا كانت تافهه وعقيمة وتقليل من النجم اللي احب اعماله لكن الفترة الأخيرة كل من هب ودب يقلل من تيم الناس اذواق يمكن تيم بالنسبة لهالفئة مايحبون تمثيله عند غيرهم محترف اما كلمة فاشل وغيره من التجريح والتقليل مش مقبول 1,0
@samialjaoni واذا كان الغلط قوي جدا و لا يغتفر.. كيف راح تعاشره ؟؟,0
@SRashidSH الله يبارك فيج يارب...وإن شاء الله نفرح مع بعض بفوز الوحده بنهائي السوبر😎😎😎,0
@emanyi_a حسيتهم فيك 💔 مسوين فلر وبوتكس😂😂,0
@galoo122 كفو وربي .. ربي يخليه لكم,0
ضعت من بعد الانتر https://t.co/H82aOuafCa,0
"الله يحفظك ويفرحك ، ويفرح كل الشرجاوية 
@alghanim734",0
@malbardooli إيه شفته مشكور ما تقصر,0
تدرون وش الي يطيح من العين؟ دمعه وش يطيح زيت زيتون يعني 👽💦.,0
#يبرد_الحب_اذا حطوه ف الثلاجة 😀,0
@e3thrni الله يسلمك يابو فهد🌸,0
@Kashtah_M @alklmhbob82 الله ينصرهم يارب  ويحقق النصر لاخواننا في كل مكان يارب,0
@MBS_KSA90 واضح نفسيتك متأثره جدا 😂,0
قالت لي بنتي ...يبا لاتزعل ...طنش تعش تنتعش والدنيا ماتسوى شي...صدقت بنتي .,0
@MahraProud كملوا اللعبه يالربع،حللوها من دون تحيز و عواطف,0
"مشكلة قلب البدو لا اختار يختار الصعب !
والبدو مبطي تشوف ان الشقا هو المصير ..",0
لعنة الله عليك يازوران الكلب,0
"@ay_ota 
صباحك حاجات حلوة😍
و كل عام وانتي بألف خيير
ينعاد عليك وعلى احبابك بالصحة و العافية",0
@tii998 رموش وعدسات وش دخل الجوال,0
@almaniahcom بادن بادن اجمل مدن المانيا,0
العين تعشق صورتك والقلب بيجري في دمك وكل ما اسمع صوتك شفايفي بتقول بحبك,0
@KhalifaALmuzain ساكت عجيب او صوت الهند,0
@nasser19999 ربي يحفظه وين ما حطت رجيله .. وجعل من عاداه في حفرة مالها قاع .. واللي يحفظك يا بو خان سكر الباب عن الذبان ذبحونا و هم يغوغون 😌,0
"حبك هنا  ياسيّد  الروح مغروس
فـ القلب  مابين  الشرايين  نابت
يبقى ولو ان الزمن صار محيوس
تتقلب   الاوقـات  والحــب   ثابت",0
"@Bn3aQooLQ8 مو شرط يكون بمحرم. 
حاضرين اسويلك عيش الحسينية.
هذه الوجبة تعتبر ضمن وجباتنا بالبيت.",0
الغيم يحوم وربك رحوم #رمضان,0
@aldwkah تقدر تقول لكنها راح تكون مثل التطبيق الحقيقي باغلب مزايا التطبيقات الnative,0
@99i9k @qtr_fh @jaberdn72 @ffcdff6 انت منوين لك وطن وانت بلاشرف هههههه ومنو اجدادك انت تاريخ مايعرف غير البنغالي جدك ياحشره 😂,0
"مادري ليش بعض الناس يستنكرون المعايده عن طريق البرودكاست!!!

الاخ يبي رساله شخصيه باسمه  ولا ما يرد

حجي البرودكاست ترى الاسماء اللي تنحط نقوه
عندي في القائمه اكثر من ٦٠٠ رقم لكن اللي ادزلهم اللي يعزون علي فقط

يقول يبي باسمه... اخاف انك  انطونيو غوتيريس وحنا ما ندري!!!",0
#غرد_بفتوى شراء  السيارة بالأقساط  https://t.co/pzNLUSLc98 @tweetfatwa,0
"@ase50800 والله انشبة ههههههههههههههههههههه فلوسك
عند راعي الترفية انا مسلفة مليار",0
"@Shfi1396 صح لسانك 
وما عليك زود 💙🌹",0
@rehamshaibani @3omry_da3 @AlnoamaniAhmad @Ietter1 انتي روحي لمنطقة أبها و بتتغير نظرتك عن السعودية 🙂,0
"#السلام_مول
عيب جده مليانه تكارين كلهم افارقه والله خربوا جده",0
"#حلمك_مع_عادل_علي_بن_علي
حلمي اقضي ديني اللي علي في البنك وسيارة محترمة تقضي حوايجي",0
محد ملزوم يروح صلالة بعد زين تخفوا الزحمة ويقل الايجار ☺️,0
"عزيزتي البنت :

يدري ولد خالتك انك مفهمة حبيبك انه ميت عليك ؟

^

ناظرين ياحيوانة يدري وﻻ مايدري 😒",0
@bushamlan1 الله يخليهم لك ويرزقك برهم,0
مرة في يومنا زارنا فيل ظريف,0
@KSA24 @ASK_10002 ما لايق عليك بصراحه https://t.co/CRGHHWOnZy,0
"@Inter_9yousuf ما اتفق معاك
الموسم هذا ب اليورباليغ مسجل ١١
وبدوري تقريبا ٢٥
مهاجم ممتاز",0
@Abo_luren @KhalidRahimi @abqatar 🤣 نسيت تقول الشبك الشبك,0
@abdullaAlfouzan ( شيٍ يخلي جبين الحر  يندا  له ),0
@d_alfarsi لولا الحاجة لسيارة اوسع شوي ما ببيعها يالله كان بتشرى,0
@MuktarOman @springism414 والغم انهم احتمال كبير بيوصلوا لقبة المجلس.,0
منو يحس يابن خضير    ان هالشعب تعبان  وبص حضرتك ماخذ كل حقوقه ولكم ملينا https://t.co/ksBNWjLvKq,0
@AboSeFo سويت كل هذا ما ضبطت,0
@FaisalAlrashd طبعا ً الفنان فيصل الراشد غنى أغاني حلوه وايد .. ومن أحلى أغانيه اللي أنا أحبها (ماخدمك الحظ والخافي انكشف) روعه هالاغنيه,0
"طلع تيسير ودخل فيتفا وحط عبدالفتاح ورى
السومة وبتفوز",0
"حبيت بعدك وفاي اللي قتل غدري 
يوم انتهت قصتي بالقوس والباري
ياكبرك بقلبي الي عنه ما تدري 
وياصغري بقلبك الي عنه انا داري",0
"@_m40a بس يا قلبي.. كأني شفت في مقطع البارح انه راح يتم تصفية ١٤ البارح و كل يوم يتم التصفية
بس مو متأكده من هذا الكلام",0
@3rbawy75 @shakerinho @R3PSyo0yS6DGiG5 اي اشوه ولا عاد نحرمك من الحضور بالمدرج 🤣🤣🤣,0
@The___Outsider مسكين المواطن يفتحونها ويصكونها على كيفهم 😁😁 اقصد المنافسة,0
"💙🇰🇼🇰🇼🇰🇼💙
ندعي لك بالصحة والسلامة 
وربي يحفظك ويمتعك بالعافية https://t.co/Nh6dRLkQhB",0
"😂 صدمه 😂

 #جحفله_النصر_العالميه https://t.co/eMpYdOVFBn",0
"اتابع رقصه العرضه الخليجيه مع الوالد عبرالتلفاز-بالنسبه لي جداممله""،السيوف صاعده نازله،الى ان علق ابني:انا سيفي اقوى منهم،سيفي سيف سبايدرمان",0
"يا صاحبي لا معي تتعب ولا تشقى
يتبدل الوقت واخلاقي هي اخلاقي
ان جيت ارحّب واذا رحت تبقى 
انت اكثر انسان حبيته من اعماقي",0
@salehalduweyhi طيب ليش ما تحاربوا اسرائيل و تحررو فلسطين,0
@NSF_9 الجبن مع الزيتون زين,0
@me3jely @Bueida 💔🙂 يتكلم عنّا الله يرحمه,0
@XhDana @qtri911 @Mrbrary دورياتكم موجوده في مجالكم  البحري  والبري والجوي مش داخل حدودنا ..حتى المسافرين بالجو اوادم ناس مسافره بالطائره نقل مسافرين .. اذا هم طالعين او نازلين في قطر ممممممنوع يمرون على اجواء  دول الحصار .. فجوووور اوفرررر,0
@KUWTIYA @AlkuwariMKM عندج هذا بعد !!! متخلف ثاني . https://t.co/ExljUmC3Nw,0
@AML_i8 @louder_tweet الله يشفيج اختنا امل وتقومين بالسلامة 😔,0
@_MEEM_m @NSUPEOH9TLbbRVi ماقلينا... بس لاعت جبدنا,0
@lama7304 @DrJamalAssiri تلعن جد من ياروح أمك أحنا سفلنا فيكم اخر تسفيل بكل الجهات سياسيا اقتصاديا إعلاميا انتوا أقوى شي عندكم الهاشتاقات واحنا اطلقنا قمر صناعي سهيل ٢ للفضاء لابوكم لأبو من قارنكم فينا شوية جرابيع وضبان مسويين ازعاج,0
@abohussain_92 ويش اسوي اقص عليكم جان تفرفشون شوي من الصبح,0
@ojjjjiiiijjjjo متى يلبسونه البدله الحمرا,0
@ThaerMikkawi خخخخخخ فيه ميركاتو علشان يكون فيه راي,0
@banafsjaa انا مرات لما اجوف تغريداتك..احس اني انا كاتبتها😂,0
مسسساك ورد ياصاحبي   مالك خاطر  نروح ديرتنا   ترئ القلب يرفرف عليها  علمني  اذا لك نيه خلنا نطير😎😎 https://t.co/nIQBUlcPoQ,0
@mrym_alkubaisi ❤️ خلف  رُوحـــــيّ هالاسم وراعيته❤️ بنتي ❤️👧🏼,0
اعتقد ان الي ينتقدهم يغار على اهله و جزاه الله خير الغيرة خلق طيب ولكن اعتقد محد يقدر يجزم بتحريم الفعل #فتيات_يوزعن_افطار_صايم_تبوك شرايكم؟,0
"عيش الحياة برغبتك و ب مباديك ..
عش منغلق ،، عش منفتح لا تعاني

اللي يحبك كيف ما كنت بيجيك
وان جاك ما نت بحاجه لشخص ثاني

#صباح الخير",0
@Evaryla1 @QatarRmah لا شقالت قالت عشرين سنه تاذونا ليش يا روح امج انتي .. قصدج عشرين سنه ماتحركت السعوديه من الزبال ال سعود وقطر في ٦سنين تتغير بشكل حكامج احلمو,0
بعض الدروس ثمنها غالى جدا جدا,0
@Q8_awan موجود عندي فيديوالهوشه واحد من المتهاوشين طايح يمكن مغمي عليه 😱,0
من زمان وكان اسوء الم حسيته 💔💔الله لا يعيده https://t.co/lnkXwhFot3,0
منوووو يبي يروح معاي حداق https://t.co/Bsi0vIdzQl,0
@MooN8oo8 @Hassan_alsai وين الادله!؟أنا فالشركه..ومدلعينا اخر دلع..الي طلعوا.. طلعوا لانهم يدورون الراتب الاكبر..محد مدرسهم ومدربهم الاقابكو,0
كل عام وانتم بخير ... عساكم من عواده 💕,0
"@assssssssskl @demenah @HM22_135 الله يسمع منك ياصبي الهيلا 
بس قرقاش ذا قام يقرقش علي روسنا يقول بننهي الحرب",0
“@HK_Mokhaimer: @f_alrumithi اي والله خسارة عيل خل يصكون عنهم الدرايش ☺😒” ههههههه انا اقول يرجعونهم سباحة احسن حق تزيد لياقتهم😜,0
@Atheer_Oman ايوا قادر بس للاسف وضعتوا مطبات علشان م يوصل,0
@m_Alyoubi @GhanemAlmasarir طبعن شعب فاضي يدور الرزق من ديره لديره والامان 💔,0
@faisalaljafan ما نسينا اعلامهم وش عمل معنا يا استاذ فيصل ،، اترك المثالية والوطن والوطنية مالها علاقة  ، بالتوفيق للسد,0
@Off_Side100 اسم نيمار راح يعطيه الحرية الي ماكان يحصلها في برشلونة بوجود ميسي و اسمه، نلاحظ ان ميسي هو الاسم الاكبر ف برشلونة على مدى ١٠ سنين فاتت,0
@a7med3bdoun واذا ماخاب ظني اللي تعاقدوا وياه ربعنا في سنة النكبة وطلع مصاب وبعدها يابوا فالنتين .. عبدون تعوذ من ابليس ورمضان كريم 😁,0
عطني حظ عمان وقطني بحر 🤷🏼‍♂️💔,0
@ree21m @Abdullah_30090 @wn_angels_cry @Dhahi_Khalfan يالجلحه يام القمل ذابحج تميم بتموتين روحي غيري صورتج وحطي محمد الكلب ونباحي على كيفج,0
"يحزن الطيّب ليامن مات طيّب
حتّى لو  مابينه  وبينه  علاقه",0
@malk_alsa7ra @naif_albalwi_ ما صار لسلطان الوهيبي أسم ولا شهره الى من هجن الشحانيه بنشوفه من بعد هجن الشحانيه وش علومه ... والأكيد مصيره مصير الواثق سابقآ ابن غدير,0
"@m199z @sadn_b @44_nahl مرحبا يعطيج العافيه
ممكن ترسلين لي هذي الاغنيه أو السمره الغنائيه.",0
@alshaikhmhmd وانت اشفيك قوم صل والا اخمد والا شوف لك شيء سوه في دنيتك !!! غير قطر لعبنو دارك متى تنهد .,0
@alrwees1111 الله يجزاك خير يالرويس,0
"@love_uae121 @alketbia71 
هههههه بس لا تطلع القايله 😂😂",0
باقي صاملين والا غيرتوا رأيكم #النصر_الاهلي https://t.co/b0BXSi4eUj,0
@fahadkamly كفوووو كفووووو ايييوه هذي الاخبار اللي تفتح النفس,0
@AD_As3ad @waad_bakrii هم اللي خايفين منه 😅,0
"سبحان الله هلال رمضان  واضح وكبير وبتصوير جوال بعد
مما يؤكد انه الليله الثانيه فعليا الحمدلله اللي وفقنا لصيامه والله يتقبل منا ومنكم صالح الاعمال https://t.co/JjB0FgJSsM",0
@EmanBudel @Faisal_al_ali لو تحررت فلسطين ولو صدام طلع من قبره ومنتخب اليمن فازوا بكاس العالم اهني راح اصدق ان امريكا بتحارب ايران.,0
الناس وويكند                                                           وأنا مداوم😓☺️ http://t.co/LSpfENKS6E,0
@bh_navy اي حسبي الله عليهم اليوم قايمين ، حتى نسوانهم ميودين كاميرات ويصورون ويوم لحقوهم شردوا ودشوا بيوت العجم! حسبي الله عليهم,0
@asatiir @pat_makhoul شو فايدة المراوح اللي تتكسر بالبداية صلحها,0
@nasser19999 وراااه يا بو خان .. من مزعلك اليوم من بنات جلدتك 😂.. بنت سيفور و سيلارزا و اكبر شفيهم ياحليلهم عن عشر رياييل و يشيلون ويحطون وراعيات بيت ما حطيتهم في اللسته 😂,0
هاتف جديد من شارب Sharp Aquos S3 Mini https://t.co/O94Um4FXZb #تقنية #اخبار #Tech #اقلام_تك,0
"@maqhor 
والله بصراحة تفرق هالدرجتين😂😂",0
الحوثي معه حاضنه شعبيه كبيره في #تعز.و اللي ما عجبه الحوثي يروح عند ابو العباس او يتملق للورع  ابن المخلافي..واللي يغرد من الرياض لاعتب عليه,0
"لو راح منك يا عين حيروح من قلبي فين
ده القلب يحب مره ما يحبش مرتين..

#وداعا_شادية 💔",0
والله الشعب هذا مايتلعم اللي نجح الجويهل ماعتقد يتعلم#الشعب_سينتقم_من_نواب_المجلس,0
@M7AMMAD__N825 انت مش انت وانت جوعان,0
@salah_1400   الله يرحمهم ويغفر لهم ويسكنهم فسيح جناته,0
#جايينكم_يا_القبيضه والله ندري كل اللي تسوون علشان حل مجلس الامه والصيف قرب هذي عوايدكم,0
@Lawyer_Intesaar استاذه انا كل يوم ادخل على حساب افيخاي واغلط عليه .. قانونيا عليي شي ؟!,0
"للأسف واقع يعور القلب للبعض طبعاً مو الكل 💔👇

أستغفرالله وأتوب إليه❤️ https://t.co/j5YILdEVTi",0
"@aalqasmy5771 @hassanalishaq73 قسم انج مسكينه ولا تعرفين وين مفتاح السانج  
شكلي اكلم جاهله  واضيع وقتي معاج تروحين وتردين على الحليب لانه ماكو عقول عندكم كلها  قراطي في قواطي تفكيركم كله يروح ويرد على الحليب التركي قسم شعب فاضي وشعب غبي وشعب ماعنده ماعند جدتي",0
"✉️
.
لا صار قدري كبيرٍ في عيون الكفو💚
.
.
ماهمّني لو تصاغرني عيون… https://t.co/HwJdh2UJdG",0
@Modhayani1001 @0g0GwHOSt0Fvn2o ماشاء الله عليك المشكلة انك مستحمر 😂  خل الترجمة لك مسوي نفسك انك جورج ولا مايكل خلك اللغة الصينية احسن لك🤣,0
@nasser19999 عادي حمار ماعليه شرهه,0
@thenewkhaleej لا يكثر هذا الامير عشان ماينضرب زي الكلب من عمه اردوغان,0
"٪

مابي رسايل بالمسنجر وايميــلات
و الا ابغي الايميل لجل الصداقه
انا كــذا مـرتاح مـالــي علاقــات
عـــلاقة انتــرنت ماهـي عـــلاقــه
 
٪",0
@qtri27 @AAlbinali ي ربي شمسوي فيكم خلاكم تتكلمون عنه ف قنواتكم وتسوون له عسكريم وهاشتاق تم تردند اسبوع وحرم عينكم من النوم ي ربي يحفظه شيخ الشباب 😂😌❤️❤️❤️❤️,0
"إغفي يا عين لوساعه يمكن الجسم يرتاح
جاوبتني شلون أغفي والهم عني ما ينزاح
قلت ذكري الله وبعونه آنه وانتي راح نرتاح
هلت دمعتها وتنتظرالصباح",0
@asd_Aljazeera @GhadaSabt @bndr_b974 حلمانين إنكم دفعتوا                                     انا عم بحلم بصوت ماجده الرومي,0
@ruqaya_8 من ينام؟ اصلا النوم لرخوم 😀,0
@AboMoham111 موبعيده عنك لواستمر معاك شوي تسويها 😄 المكتوب باين من تربيتها اقصد من عنوانه 🏃🏃,0
@salwa_z صدقتي ياأم رياض 🌹ومبارك عليج شهر رمضان ينعاد عليج وعلي عايلتج السنه وكل سنه لا فاقدين ولا مفقودين 😘,0
بعذر اللي يحبه يوم حبه، خفيف الدم وحبيّب وهادي🎼,0
@asirke @BareqNet @BaareqNews @rabieahcom @MEWA_KSA @baladia_barg @emartasir @PmeMRB هب لك قلاب وتعوش 😁,0
@alqadsya_rabta والله في حجي يحوس بقلبي ابي اقول هل هذه كبوه ام بداية الإنحدار ..وعند داليبور كل الأخبار,0
@ALWDIM احس انتي فرحانه اكثر منه بالقصيده 😒,0
@_G_Vip_ @MarniMarvi 💔💔😩يا الله تلطف بحالهم الله يشفيها و يخليها حق ولدها 💔,0
@thamer_sf18 حبيبي ربي يحفظك من كل شر🌺🌹💚,0
@_NDaihani انا مو عنصري، اصلا انا مؤسس الحركة الاناناسية التقاطعية وعندي أهل وأصدقاء كثر  يأكلون الستيك ول دن ولما اكل معاهم ستيك اقضي معظم وقتي في محاولة مساعدتهم وإنقاذهم 🤣🤣🤣,0
@Alkhateb87 @eqab_mejbel @Almajlliss من حقه ان مايدخل احد بعده .. لمن يكون الدكتور متساهل ويسوون فيه هالحركه اكيد بيعاملهم بجديه ومايتهاون وكل شي بورقه وقلم .. مو من حقهم اساساً ينشرون الفيديو الي اهو دزه بقروب مادته وتعليقاتهم بسناب عليه كانت وايد وقحه,0
من الحماس اللي على اليسار رايح بجلابيه https://t.co/9VwMRs7FFh,0
@Wesal_TV ههههههههههههههه من الغبي اللي بصدق ،  ابداع في الثوارة بلا حدود,0
"@AlZahraa2030 ياقلبي انتي جميلة بكل وقت 
كل عام وانتم ب الف خير",0
@Azuri99 ما نبيه لاعب افلس و نزل مستواه مثله مثل لاميلا,0
من الحماس م عرف نفسه في عرس ولا في طابور عسكري 😂 https://t.co/FkI1pY4UvY,0
ههههههههه احلموا بلاعب مع بن نافل انسان مايعرف يفاوض ومتردد https://t.co/riloNPrWxh,0
@___2Nawal كيف حالك أخت نوال,0
@sanfoor_nasrawy @987_abbas يقولون بيريز حاط عليه العين 😏😋,0
"تروح عند اصحابك كل يوم
نفس الوجوه
نفس الجلسه
نفس الملل
واذا غبت عنهم يوم !!
قالولك امس فاتك نص عمرك

والله نص عمري ضاع وانا جالس معاگم
😂😂😂",0
@Maalakkk @_noufalkhalifa @aallaahasan @M3ali_92 واضن محد نسى الي سويتوه ف البحرين والقطري الي كان ف الدوار وتسجيلات العطيه واعتراف وزير خارجيتكم بانه له صله في الارهاب بدرجه قليله وبعد ..,0
"من ناحية تجربة, الأداء في سيليو أفضل من السيديا بشكل كبير, بس باقي شوية مشاكل لو يحلونها راح يكون شي حلو منها على سبيل المثال case sensitive https://t.co/m5Y0cWSXJr",0
@Saadoooooun @smradhi @shmohsnalasfoor واحنا بعد اصل وفصل في هديره واثارنا تشهد لا إحنا فرس ولا إحنا بلوش بس انباقت الديره بسبب اشكالكم,0
@ii250k هههههههههه من قلب ههههههه,0
"بس سؤال ؟
ليش مصورين سيكل الشرطة وتحته بلاط مكسر ومجلع ؟!
@AwadAldarmaki",0
@mutamerd خاطرس اجربها من مدة,0
@BENNYQ8 هذا اهم شي عشان العب على راحتي 😂,0
@yazan_04 ههههه طوال بالك انا ماسالتك عن الخونه اللي فيها اللي باعو فلسطين انافقط سالتك هل يوجد شي اسمه فلسطين روح شوف الخريطه 😂😂😂,0
@love_Alsiyabi @k_s2o2 @r2004_10 اللي يقدر  ينصح البنت  ينصحها  بس لاتضحكون  عليها  مب زين  ا ما تدرون  شو اللي  فيها  الله,0
@znaty_al ابداع غير مستغرب من شاعر عذب ورائع👏🏻👏🏻👏🏻👏🏻👏🏻👏🏻 صصصصح السسسانك🌹,0
@M_Aldwesh الأصيل اللي يحترم اخوه الكبير و يحترم توجه ولاة امور المسلمين و القرارات اللي تصدر من بلاد الحرمين هذا هو الشقيق و العضيد,0
@noor_901 @Al_precious شكلها مو شايفه ضيم,0
@NASERDAKEEL الله يجزاك خير وتستاهل الطيب,0
"مايقهروني غير البنوك  يربطون اقلامهم بحبل الحين حنا واثقين فيكم وحاطين كل فلوسنا عندكم وانتوا مو واثقين فينا بقلم ب ريال ""̮ رجعو فلوسي بس =)",0
"@Dhahi_Khalfan مو هؤلاء من خلو ذيلك يرتفع مثل الكلب ، ورفعوا صغطك وخلوك تَر تَر تر من تحت ،
هذا مو كلامك يا ضاحي نعرف من يغرد بحسابك وحساب المضروطي ،",0
مسألة  انى أدور مسلسل أطالعه بمستوى مسلسلى اللي خلص اصعب من اي شي بالدنيا.#نسر_الصعيد,0
@r3b_graffa23 مو بكيفهم كل سنه رمضان يقرب صعبه تأجل,0
عادي عادي يمووون اهم شي المعرس مستانس ،،، https://t.co/VFtxAVOlx2,0
@ALDERBYSHOW @bn_nassar الشيخ عيسي بن راشد ربي يطول بعمره يعرف انه مافي زعيم غير العربي 💚💚💚,0
@i_7rof @LDN_3 @hiaseam1 @Dkartt @argman1999 @london_advisors @abomshary_1 @Rashdan_x اول لازم اسير سيد كافيه الذ هوت شوكليت جربته وانصحكم تجربونه 👍 https://t.co/h18zK0BiER,0
@ALMRISEUL اول شي طمنا على ولدك عساه بخير,0
"نصيحة الـ Season : 
انت مو مُجبر تجامل شخص يستغلك عشان مصالحه الشخصية .",0
"@khaberni تخسي و تعقب هذا تاج راسك وً ولي نعمتك 
لولا السعودية و فضلها بعد الله سبحانه 
كان انت و غيرك مشردين متسولون",0
@han_8_ @shraikah هو ليش ترفع الاورق حق الوكيل شدعوووه اهو باالاضافي خفس بالعالم الحين اذا على الاعمال الممتازه عيل على الدنيا سلام بس الظاهر حق اللي يبونهم والله اعلم,0
ياجماعه الخير حد يعلمني ليش مضيعين ذاتهم ويدورونها ليش ماعندهم ذات؟! وين راحت ذاتهم ليش ماتتحقق ولا يحصلونها الا لين خالفو العالم ؟! امرهم عجيب https://t.co/LBtswsTOu0,0
@AlzadjaliDr ولكن دكتوره السكر اللي في الخضروات والفواكه هل هو ضار,0
@KingSalman @KingAbdullahII الحمد لله على سلامتك يا بو فهد,0
@7e__n واحد قال حدثه وليتني ماسمعت كلامه التحديث الجديد يجيب الهم😩,0
@Fahadalhosanii @salnuaimi @_xtiiv شفيك صاير نفس الوصالوه يدعون ع كايو,0
مع الفنان فايز السعيد والموزع الموسيقي هشام السكران http://t.co/yK67PZ3t,0
"@Hamad10894909 @nooq8 منو قرر انه الهاشتاق حق الضحك بس؟
ومنو قرر انه مايضحك الي مكتوب؟
وبكيف منو هذي اساءه حق رموز الدوله؟
بعض الشهب فيهم عنصريه وهذي لهم لانه العنصريه والطائفيه بالبعض ماتجتمع مع الانسانيه",0
@a_albastaki @KhalafAlHabtoor الكرواسون هذا دخيل علينا وما تعودنا عليه احنا ورجابنا والمفروض يحذف من عقولنا وعقول عيالنا..,0
"تكفون ياعيال عطا نبي نشوف هالموقف هذا ثاني مره وبلسان هذا الشخص الكريم الله يجزاه خير الأخ / خالد رفاعي العازمي عسى الله يوفقك لعمل الخير يارب ويوسع عليك يارب ويفرج هم أخونا خالد نقا بين أهله وربعه برمضان هذا

#خالد_نقا_العازمي https://t.co/m3WY9OBeAu",0
"شايب يقول أنا من أخويا الامير سعود الله يرحمه،،،يقول آخر مره شفته(ناقل الطير على يده قبل غزو الكويت
من بعدها ما حط الطير على يده
يقول سألناه يا طويل العمر لك مده ما حطيت الطير على يدك 
رد علينا(القادم أكبر وأثقل)من نقلة الطير وأحطه على يدي

 #دعوه_لسعود_الفيصل",0
"-

مشاهير السناب من قبيلة عتيبة ابو فهد المجرم والاسباني مانزلوا عن ابن دغيثر ولا مقطع ولا شفناهم باركوا له !!!

صدق المشعان يوم يقول :
المال يابن حنيف ملعون ابو المال
ذل العزيز .. وعز .. ناسٍ ذليله ...!!

على العموم انا كنت اتابعهم والحين بلوك ✋🏼",0
@Alyami1969 اسمح لي انا خذت القصيده وعرضتها في الانستغرام اذا هي لك قول لي علشان اكتب انها لك واسمح اني نشرتها قبل لا استأذنك,0
"@Maria_Dashtiya بس صج ما تنلامون وين كنتوا معاه ووين صرتوا 😃

كنت اشوف مانشيني قادر يسنعكم بس شتتوقع من اندونيسي ماسك نادي بحجم الانتر 😛",0
رجعنا بعد غياب طويل 😎,0
@a_o0o_r_94 @9A7_S انا بعد الازمه الخليجيه بعت حتى مياسة وليتني ما بعتها😢 https://t.co/7iQikaHbe5,0
@final12k @khalfanMohamme1 هذا نظام كل سنة ما في جديد,0
"الحين هيئة الفساد المسماه الترفيه سمعت لاعتراض الناس علشان #ليالي_اسطنبول
ولا تسمعهم اذا قالو مانبي فساد ولا حفلات مثل وجيهم ..ياللعجب من اللي يدير دفة هيئة الفساد هذه!!!",0
@bronzi34 اها انزين شو تبا انت الحين 🙂,0
عمرك طلبت من مطعم ورا بيتكم والطلبية خذت ساعتين وما وصلت ؟ مع @TryCarriage ماراح تقدر تسوي شي لانك يوم تتواصل معاهم يقولون لك المطعم عليه ضغط ومالنا دخل ؟!,0
"@Saad_Alkanderi تابع...
يقول اطلع صب بمحطه ثانية المحطه مصكره عشان الحسابات.",0
@mohammed_alnmri @tetefofo1 لو فيه رجال ماحد كفو يتجراء علا الاهلى لكن اللى معاك يبون راتب وشو ولاهمهم الاهلى,0
@Wassem_19 هههههههههههههههههههههههههههههههههههههههههههههههههه روح العب بوبجي,0
@Farida_Murshed @saudalothman5 انا وقفت دراسه وانا متزوجه وام,0
@ahm1191 @altawfiq @Sulaiman1n لازم الاخذ بالاعتبار قصر موسم صلاله ودول اسيا غير مرتبط٧ بمده معينه طول السنه,0
"لعنبو رجال(ن) مَ همّه البنت وشرفها
ولعنبُو بنت(ن) تسمي طيبة الكفُو خرفنه.",0
يامرحبه مليار بملك الحزم  #الامارات_ترحب_بملك_الحزم,0
"@SA5EER0 يارجال خلها على الله ولا تفكّر كثير ،، اذا
مكتوبة لنا بنفوز باذن الله 💚",0
@ro7ani راح تتصل تطمن بس ماحددت الوقت عاد انت انطر 😂😂,0
لما مراتك تقولك انا رايحه اقعد عند اهلي يومين 🤣🤣🤣🤣🤣 https://t.co/L374eD8e6f,0
"الف حمد الله على السلامه يا أرجل الرجال 
الف حمدالله علي سلامه الوفد الوطني

#بنت_اليمن https://t.co/yy0PqhcroP",0
حـر صـح ؟ #قولوا_معاي ؛ (آللهم اجرني من حر جهنم) ♥,0
@lShIVy51yM5uFhJ يا اخي مو وقت قصص اللي صار صار ونقول عسى ربي يفك عوقه,0
@UAEEmbassyMonte كل التوفيق لك يا اخوي ابراهيم,0
"@2lfarsi @abuwallh @kholoodalyasi حبيب الفارسي

موضوعي متى ناوي تخلصه ههههه",0
@FahadBuzwair @JoaanBinHamad @almayassahamad @Hassan_alsai @khalidjassem74 والله والنعم فية قائد فذ ومتواضع,0
@ayedalmanna1 @aljanah224 انت يادكتور صاير طبل للمهلكه  قبله المسلمين الكعبه قبل ان يحكم ال سلول اسيادك ونهايتهم قريبه ان شاء الله واللى بيحكم الحجاز ناس اشرف من هالخمه اللى مستعبدينكم 😐انا اول مره اشوف شعب يحب الاستحمار والاستذلال خلاص افيقو يا شعب يامتعوس🤣,0
@lamia1551 بعد رمضان  انطلقي من جديد وتحدي جديد  عساك تصبرني للمغرب اذ صايمه,0
"@fawaz_alahli 😂😂😂😂😂
توب يافواز عمرك فوق التسعين وباقي تتكلم عن الهلال..توب قبل فوات الاوان🤪
الله يعينك يافواز .. هذول عايشين في ادغال افريقيا

مين مايعرف الرمز الملكي المحبوب
 💚الأمير خالد بن عبدالله💚",0
@QaahtaniAl انتوا شفتوا العيناوية استخدموا الهشتاق ويابوا الدوري وعبالكم بتستخدمون الهشتاق وبتيبون الدوري 🤣,0
@EmiratiAffairs الله يلعنك و يلعن ويهك كيف عرفت ان نجل المالكي في الامارات ... لايكون حاطينك عالحدود عشان تسجل أسامي الي يدخلون البلاد,0
@Norashanar 2-هاذي أمور مهمة ولاتنسين يا فيلسوفة زمانج الحج فيه مشقة مب تماشيه في التحلية وفي رمضان فنادقكم اطردوا القطريين شاللي يضمن لنا سلامة حجاجنا,0
@Abdulkhaleq_UAE بتحطوا نفسيكوا في مواقف بيخا .. مكان من الاول.,0
@manaaloo اللي اشوفه بالفيديو ،، جنه قاعد يدلدغه 😂😂😂😂🌙,0
أعجبني فيديو @YouTube على https://t.co/sYaRw27q68 شيله طبعك الخيانه.. مجرد ذوووق بس💔,0
@TurkiShalhoub غصبن عنه يبوس راس عمه . الطم,0
"رغم فرق العمر من جيلي لجيلك
آتحـرا وانـت تمـشي على هـونك

ماذبحني  غير  حر أنتظاري لك
يـاثـقـل دمـك على اللي يحــبونك

سعد بن جدلان",0
@mujtahidd كميه الجهل والغباء في الردود دليل انهم مساكين يدورون على بطل ينقذهم ويحقق العدل، وهو مستغفلهم بسالفه الفساد ومصدقينه ان بيرجع اموال الشعب🤣,0
@0al___ @MohdIAlEmadi @SalmanAldosary هيبة الشيخ خليفة بن علي ال ثاني طاغيه يعرفونه معازيبك لايكثر وولعلي زقارة https://t.co/6tUsb72fBe,0
@Msaed23Msaed231 @_hj511 @Almatrafi @realDonaldTrump ذبحتونا بهالاسلحة ابي اعرف وين هالأسلحة من الحوثي 🤔 ليه مخلينها في المخازن مثلا ليه ما قضيتوا  عليهم لين الحين بأسلحتكم الفتاكة 😒 احنا مانجوف الا تقتل أطفال وشيبان وناس مدنيين من أهل اليمن 😳 عساهم في رقابكم الى يوم الدين قولوا امين يقتصون منكم عند رب العالمين,0
"@nasser_aluraimi ياخي من ذا ؟؟؟ 

اسمه بس عطوني",0
@_al3nod_11 بسم الله عليكِ يموت العدو ان شاءالله 😭😂😂💜,0
"@nouora3 مو لازم يفطر عندها .. يروح للثانية اللي مجهزه له المحمر والمشمر والمنؤوشه والفتوشه 😂

ناشقت باحترام لا احد يزعل✋",0
"@Soraka_Carries_ في ناس من 11 رمضان وهم يصيحون للحين ماسكتوا اتمنى تهديهم وتطبطب عليهم ياوليد لانهم تعرضوا لأذى نفسي وعقلي غير طبيعي .. خصص لهم حلقة من برنامجك للمواساة فقط
😂😂😂😂😂
كله بسبب هذا👇😂👇ليش ياخذه النصر غصب https://t.co/79HqAOuFDi",0
جم تقييمك لتحديث سناب جات من 10,0
"@HUM968 أجمل رد في فن التطبيل
سعر الممتاز كان 120 بيسة و صار 205
جاي تتكلم عن دعم 6 بيسات",0
"اللي كانت تتابع حياتك الموسم الأول
و تقفلت القناة
كم يوم قفلوها  ؟؟",0
"@hassanalishaq73 @MAJEDALKHELAIFI ما ضر السما نباح الكلاب 😏.

لا تكدرون الهاشتاق بسوالف الزلايب 🙂",0
"@ihmdi @1983msh @MaherAlMutawa اخوي حمد لا تعور راسك..
فاللي يبي يناقش فكرة يناقش الفكرة دون التعرض لاي شيء آخر.

اما مسألة الكذب والسخرية فهذي مكانها القضاء مثل ماقال الاخ علي السند",0
"مساء الخير ياوطن نوخذاك حكيم والبحاره إعليميه

عودتينا ياديرتي بأعيادج تلبسين ثوبج وتلفحين

علامج الحين تشقق ثوبج وأشوفج صعب تفرحين",0
@AliHMeshari شلون صحة الوالد الحين ؟,0
@sabqorg الحمد لله على السلامه احسبها طاحت صدق💔 ياقلبي قلباااه,0
"@fofowwwq8 أشوه , ما طلعت ملووقه ملقلق 😂",0
"شربت من ضيـم المعاتـب هماجـه
وغفيت فيك و ليتني مـا وعيتـك 
يذبحني  إنك شخـص علـى مزآجـه
ويذبحني  انك يـوم تطلـب عطيتـك",0
@HugairaRahma اينه هذا دلينا عليهم,0
@Nesta_1 الموسم ما يبشر بخير ابداً ، بداية من زلاتكو ومافي مواطنين والمحترفين اوبي ميكيل وبابل ، اسامي منتهية من سنتين,0
@dlWDc0BoY1OrncW @ElwatanNews ردك يثبت انك مش مصري اصيل,0
@emanyi_a الاوراق قطيهم مالهم حاجة 😅 بس الكتب خليها اذا بتستخدمينهم او عطي الطلاب الي بعدج انا وزعت كتبي كلها 😂😂,0
لا نقبل اي تبرير لإختيار الفاشلين لتمثيل القادسيه لأن ابناء النادي افضل منهم وهم اولى بنيل الفرص لإثبات وجودهم وخاصه الآن تم ازاحة الكابوس الجاثم على صدر القادسيه ((داليبور وشلته الفاشله)) والفال للآخرين اللي في بالي https://t.co/GAwdo5ksiJ,0
@ittiPP جمهور الاتحاد من خمس سنوات وهذا تخطيطه يحطون ويشيلون وبالنهايه عسيري وطربق وجمال,0
ااااااه يا ديرتي شنو كان حالج بهاليوم وشنو حال اعيالج ربي الوحيد العالم فيچ وشعبج إلي عاش معاج الغزو فقط من يعلمون بحالچ,0
"@R0o08 ي رجل وش انت خاف ربك 😕
الدولة لازم تستغل هالموهبه الكبيرة !!",0
اليوم انا محد قدى عقب ساعه من الحين بشوف وحده اموت عليها ..#هاله_كاظم شكرا من اليوف الغاليه ضياء مدوه على هالاستراحه اللى انا متأكده انها راح تصير عجيبه,0
".#دعوة _فجريهہ .. 🎵

 ربي : حقق لي و لهم  في هذا الوقت كل أمر جميل ننتظره♡♥",0
مش #هشام_عشماوي لوحده اللي جاي في معاه ناس تانيه نركز في الطياره من الداخل https://t.co/gSb52N9Izy,0
ماكان قصدي اعشقها بس نظره عيونها ياناس اجبرتني🖤🖤.,0
"السيد محمد الصافي ينشد للأربعين ابكا المذيع 

http://t.co/vqWchpgQLR

اسمع يالموالي",0
"#زد_رصيدك79
ياليته ما رجع فواز
غثنا من كثرة ا لاشعار اللي يقولهم
الحين حسيت بمعاناة غازي المطيري
في بداية البرنامج
خلااااااااص فكنا
سولف اضحك طهبل اعمل اي حاجه
حتى لو بتفجر المكان   💣💣💣",0
"@Ybahbahani @snq84 هالجرح 🤣
او لما احد يخزك من فوق لي تحت لما تدخل مكتبه",0
@AtheerNaife هذا تجهيز لمعاريس مب لمذاكرة 😳,0
مشكلتي اذا براضي احد أزعله زياده بالغلط😬☹️😂,0
@ayya_86 يمكن الرقم اللي جاك وحدة من خواته ولا قريباته حطي الرقم بنمبر بوك او اتصلي عشان تتأكدين وإذا طلع هو فا ارفضي,0
@yaseenawy ماكو شي ببلاش طال عمرك,0
@Indiaoman @omantvnews ما نريد قنوات .. يكفي بو معنا وما نشوفهن الا لما نعرف السلطان بيظهر .. غير كذاك ذاخرينهن للزمن,0
@sa3d_b1 خالد بن عمره اللي كل المتسابقين أصدقاءه ما بيدخلونه.. علشان يدخلونك.. ليه لا يكون عندك vip,0
@emiianaa @tkmem انا عطوني اسبوعين وكان كفايه ، اوردي النفسيه زفت,0
@salehalgasem @sabfuture @aftoun @algassemf جعل الله فيه العافية والله يغنيك انا ماكل حبة نوم عشان مسافر 6 صباحا ان شاءالله,0
"@DrHamsheri الي يتفلسف يقول وحشيه لاياكل لحم
ماهو يفرس بالنعمة ولا فسق 
جلس يسوي فيها الحساس",0
@IIItt_67 ماشوف فيها شي نقل الواقع عالوديه,0
@alsafir_1M وش هالتصرف الغبي والأعمى والهمجي شنهو بياخذون عنا الناس من إنطباع وفكر,0
"@malarab1 أبو عمر تبغى حارس شخصي !!
انا موجود .تحت الاشاره ورب الكون 💪
طويل القامه مفتون العضل💪💪💪",0
@177l7 قسم بالله مالهم حق يخبون عليه عشان بس يلعب مباراة حراااام هذي امه يا ناس الله يرحمها ويغفرلها,0
@Nafe3AlYasi @Hezam_Rashed نخلي حزام يودينها ونشوف. لا لشيء فقط للتأكد من هذه الحقيقة 😎😎,0
اييي والله ايي والله ايي والله 🙂 ... ترى محد يبي منكم شي ولا ينطر منكم شي بس الابتسامة صدقة 😘 ... https://t.co/SabrHXxSdh,0
"مابي حياتي لا خلت منك تنعـاف
وش الليالي لاخلت مـن قمرهـا
جرحتني واليوم ماعاد تنشـاف
عيني تمنـى شوفتـك يانظرهـا",0
@506MBS معمول به من فترة .. ولكن الاغلب مافهمه,0
انا يازين ادعي واتمنى. معي  ولا مع غيري اتهنا,0
@Abdullah_akeel لو الي دروسنا يابو راكان مثل ذي كان يمدينا فتحنا سينما في القمر لكن دمرنا سطيف وحافظ الله حسبي عليهم,0
"من جزم نفسي يوم صار الردى طيب 
حلمي قبل لا يكسرونه كسرته !!
طال السكوت وما لصمتي مطاليب 
غير الكلام اللي وقف وانتظرته 

مما راق لي .!",0
"الشعور الحلو :
لما أحاول ألمحك ، فجأة ألقى عيونك علي💛""",0
@sh__e_ هذي قبل 18 سنه تقريبا 😬,0
"@AdnanHalboob هههههههه
شفتوني وانا ميت 😂😂😂",0
@700rakan افا ياراكان كذا تزعلني عليك يا صبي مطير,0
@algndy11 ويرجعون شبابنا كلمهم مكفرين,0
@Ghdooi محد قال، أنا قلت تذكريني بالرسم البياني، برأيي كل واحد يحكم ع نفسه و وين موقعه فالرسمة وهاي ممكن تكون قريبه من الواقع. وممكن يتوقع الشخص موقع الآخرين بعد وهذا بيكون أقل دقه.,0
"@Bandaralshafi @joneeAAAo ممكن الفيديو لان ما شفته 
من بو محمد ؟",0
"ويغيب صوتك وأقول الغايب وعذره ""
وأنا أدري إن الزمن يبخل بضحكاته
٠٠
يـ قرب بكره على اللي ما نطر بكره ""
ويـ بعد بكره على .. قلبي .. ودقّــاته'",0
"@AwadAldarmaki أنا مصدق .. إذا إنت مب مصدق كيفك ؟!
😂😂😂",0
"@moh88swed @S3uod6000 @Nooono_1989 @saudq1978 فعلاً يمثلكم ..
لكن حسبي الله ونعم الوكيل عالظالم .. ربي يآخذ الحق بالدنيا قبل الآخره .. 
هذه آخره الدم واللحم والجيره 💔
قل خيراً او اصمت",0
@mariamasbool @realmadriden مو لو نايمه احسن 🤣,0
كل أبتسامه مهاجره جات ...رجعت لشفتي,0
@ipasmart ترا البوك يقولي لا ما اقدر 😂,0
@dredossary @majkuwari يقولون دكتور اللي راحوا وشافو فيديو العرض في المتحف ان كل بحريني  #البحرين تاريخ البحرين هي المجد,0
شكرا مهدي كفيت ووفيت .. خلك على عنادك .. انته مش رجل المرحلة,0
"ياحظ عين تناظرك وأنت ساهي..
 
#waycoolshots #photograpic_bh… https://t.co/HHEwTeHsGo",0
"@3yshaa_99 ومن تذوق  معه  القهر و الغرابيل
إبعد عن دربه و أبدا  أبد لا تعذره
حي من  يسقيك الوفاء بالفناجيل
إن ما  سمع  صوتك  ليله  يسهره
إن  جيت له  أبواب قلبه  مداخيل
الفرحة  بشوفتك تسبقه  متعطره
إقلط  على مجلسن فيه الرجاجيل
و فيه السنع و الهقاوي  مستبشره
عبدالعزيز الرويحي",0
الحصان الوحيد اللي مايخون صاحبه عشان كذا اسمه حصان مو جمل وحمار 😐,0
@kamado111 @HamadShanab @eiid00 ههههههههههه الحمدلله ما يحتاي أزيد عاللي قلتوه,0
@KadetMohamed @rabeea_201 @boodibili2015 @moooootz @MoznKhaled يسدوا ويدوا لي الدمنه😅😅,0
"@Khalid_alzar3 لعب ب اسماء اقل واضعف من قبل

لا تحاول تبرر حق لامبارد
صح ماكو تعاقدات بس تشكيلتك زينه تقدر توصل فيها الابطال 
فريقك مو سيئ",0
@sonomodoko @AJABreaking أشرف وأبرك منكم نفس  مهلكة الشبوك  تحميها دول لانها مب كفو المواجهة قال أيش العظمى🤣🤣😂,0
"@Ss1237I رجل مثالي وواثق في نفسه 
و يعتبرها شريكة  و معه في كل تفاصيل حياته",0
@BODAREE 🤣🤣🤣🤣🤣🤣🤣🤣 منو الي مسوي الفيديو موتني,0
"صار الغدر بالناس ماله مقاييس
ان كان من خلان والا اقرب الناس
توفي وتعطي من مشاعر واحاسيس
واتجيك طعنه غادره مالها ساس..",0
@fembnn3 @70jYbABTe98kATq @ksa_saudi_man @RM7KSa @tabukk02 @DR_TAA @OmarHebshi @MadeeniThinker @abo0118 @AbofisalAl @hijazi_8 @adnaneissa1 @daall2022 @fair_4u2 @fars_1881 @HluiK05nl4dGYno @fair_4u1 @MohannadHamda13 @ala5sham @wn_saa @Aborayn14Thba @FedaMr @ballista55 @sa009i على أساس ان هالزي أساسي عندنا؟! كل واحد يلبس اللي يبغى محمد بن سلمان لبس بدلة نقول هنا انه زي سعودي ؟ https://t.co/ZfubbIOvI7,0
@AlotibieHuda سهل بيض و طماط هذي الطريقه,0
@F6ma_Baluch يمكن حقيقي احلى عليش تكوني كذا,0
@QMonira شكله مايدري انه رئيس الهلال اخاف ظالمينه,0
@iiMCITECH الحين انتوا اجازة خلينا دبي لكم 🇸🇦❤️,0
"@3rbawei93 ان شاء الله الفوز عرباوي بأذن الله توقعي واحد العربي 
صفر القادسيه واذكرني عادل العنزي وسجلها عندك🌺",0
"@intisaralaqeel البليون = مليار
ولا عشان بليون انجليزي ومليار عربي صارت اكثر 🤪",0
يسحرونهم وينثولون شنو فيها زود هو احلي منها https://t.co/QFt40Xy6vI,0
@YHareb آلـوقـت مـتـآخـر و خـلـق آللـه رقــود وآللـيـل بـآرد وآلـجـفـن مآبـه نـعآس ، و موسيقى عمر فاروق تزيد الشوق بدل ماتهدي الاعصاب :(,0
-قلبي مُو معي قلبي جوّات صدرك.,0
@AmeeraAlMusleh ماحس كلش البرنامج مب وايد مشهور عندنا محد يستخدمه 🤦🏽‍♀️ انا فسرت لان يمكن ما يعرفه 🙂,0
@a50180407 ده كان زمان يا باشا 🧐,0
@Rashidkhalid_4 @eklasi @7asoon38 @mhduob97 @smhlyy @shurooqi97 @_AMB96 @Jassim_kh @ali_7usain قلبك متروسة عدل رويشد، مالك الا طيبة الخاطر افا عليك 😌❤️✋🏻,0
"يضحكني اللي يقول بطلع من حياتك ،

 على اساس اني مقفل الباب عليه. 😊😂",0
"لما اقول عندي ظروف 
يمكن اكون اشوف مسلسل
مو ضروري تكون الظروف مشاكل 💔
هههههههههههههههه😂😂",0
@unlimappsplus المفروض يخلون من النظام بس يسمحون لك بمنتج واحد، موب يلغون بعد ما تدفع,0
@mohdalsuwaidi7 سعوديه ورعنا اللي تقولين نطيره لا انتي ولا عشره من امثالكم يا الرخمه لو فيك خير تعالي  قطر وقولي له في وجه مو تنبحين  مثل الكلب في التويتر,0
| هل تقبل/ين بالزواج من أجل ارضاء أهلك؟ — لا مستحيل الزواج لازم انت/ي تكون راضي فيه ومقتنع لانها عشره عمر وماحد بيعيشها غيرك https://t.co/EOlY7RgQoe,0
@FA7AD_147 @tajalsserosman ما ينرفزوني الا هالشعب اللي يسوي نفسه فاهم وهو ما يدري شسالفه .. اذا دولتكم امنعت عنكم حق التعبير وقطعت القنوات وين بتشوفون الحقيقه,0
"@saadon_alkuwari @MuzDBrRIZRPyN7B @Kafalsaud78 يضحكون لمى يقولون كنتوا تجونا تاخذون مقاضيكم !! والله كنا نشتري بفلوسنا  نفيد ونستفيد .. ولا بعد كانوا يبيعون القطرين اغلى من الناس الثانين .. لو ماكانوا مستفيد ما باعوا .. 
لايكون كانوا يعطونا ببلاش  بس !؟ والا يتصدقون بالاغراض علينا! 
لكن الحمدلله الله عوضنا عنهم بالاحسن",0
@ayman94_ @iZwaya لا شغال الهوتسبوت وأستخدمه دائمًا في السفر.,0
@AlArab_Qatar اذا تبون تدعمون تركيا جد تزوجو اتركيات المثل يقول ( كن نسيب ولاتكون ولد عم) وبعدين فرصه نعدل النسل اللي له سنين مو راضي يتعدل,0
@mondialy_jeeadh هذا اللي نعرفه ياخيي,0
@DrJasimKhalfan @amina5rak لاحول ولاقوه الا بالله الله يطول بعمر امي ويرحم ابوي هذيلا مايحسون بقيمه الوالدين 💔,0
@iF3F3 انا الاماراتي الوحيد اللي عندك ☹️💔,0
@OmanisFollowers وم قاصرنهم فالقوى العامله م يحددوا نسبه لهم فالتوظيف.. وكذلك رئيس بو ماسك المطار ابد م عنده درايه عن هالموضوع لمفروض غصبا عليهم يوظفو المواطنين شباب البلد اولى بالوظائف,0
@hajer_mhd 🌝 لا تضحكين قعدي ادعي لي احسن لج,0
انا احب اختصر عمري في ليلة جنبك أسهرها 🎼🎵 https://t.co/FfM7LxQ9M4,0
@HYZs0svrLzLgGJs @abinbandr2 ماعليك هالنوعيه مع الخيل ياشقرا 😂 الحين يجي مدرعم,0
@Soosha2019 @6b3eAlwed @y_m_a_n_y_h5 @na7o0_ @hdo165 انا ما ابغى اسكت 😃,0
@Ua0PieMBfrDqP2r من متى أنتم اللي كلامكم صحيح تركتوا القمة العربية ومركزين على عمكم تميم المجد 😂😂😂 والله انه حارق قلوبكم الوسخة 🇶🇦🇶🇦🇶🇦🇶🇦🇶🇦👌,0
"@alzaabi30 شبكت الساعه وكل شي لكن البرنامج يقولي اتصل على 101، اليوزر والباس اعرفه
شكله محد يعرف شو السالفه غير نقاط البيع (الافرع) @Etisalat_Care",0
"ما تصفطه يمناك في واجب الغير 
تلقاه لا ضاقت عليك الوسيعه 

ابذل من المعروف وابذل من الخير
الرازق الله والجمايل وسيعه !!",0
في الرياض  #جوايز_السعوديه15,0
اليوم كثر ما كنت مشغوله بشي في مخي وعافس مزاجي كثر ما كنت فرحانه بس ماعرف ليش 😍 المهم اني طلعت طاقة ايجابيه مو سلبيه للناس اللي حولي والمتابعين وابتسامه الصباح 😋😋,0
الكل منكم دافقن فيه سمه.. انتو ملاعين وهذولا ملاعين.. فعولكم بالهرج جابت مطمه ... وش عاد لاصرتو كبار وسلاطين,0
@mbb7b5ApzRF7X77 @Dhahi_Khalfan روح حرر بلادك ياالخواني زندك يمشي عليه التيس وتطلبون من يحرر بلادكم والله عرف لكم بشار,0
@adeldxb1981 ضرسك اللي ع الشمال يعورك ... تخلع اليمين ليش,0
@boaseel007 أنا آسف جداً، والله ان الشووووق واجد يابو فهد والوعد باذن الله في قادم الأيام 🌸,0
"حوار بين الشاعر وام الشهيد
http://t.co/eJK2Nqd3",0
"وتغير الوقت وبالسيئه جازيت الاحسان
طلعلك حس ياصغير و قلت ماتبيني 
غريبه هالدنيا كيف فجاه تغير الانسان
تعلي الردي اللي رفعته انا بإيديني ،؟!
#سمر_البحرينيه🇧🇭",0
@fatema1990 عادي قوليلها انمسحت الارقام من عندج,0
@muneera_bh 😂😂😂😂 عاد انتي لو تسأليني ألف مرة بعد حلو على قلبي 😘,0
@bibymshel المره تتبع رجلها مادام انه الماني لو تلبس بكيني عادي ولا حتى يروحون للنود بيتش,0
@jaberalharmi البقية خايفين يلحقون النص الاول في السجون !!!,0
"@try011 
شلون اعرف انه 
الوتساب ويب مو مفعل  بجهاز ثاني؟",0
"""@M_A_ALMULLA: للعزابية’’’ شدو حيلكم !!! http://t.co/R59Z6B2d"" هذا الكلام حقك ☺ متى بتعرس ههههههه ♥",0
@m3takl @hshem1 اهم شي بعد يمنعونه عن اعلانات العربية للعود,0
الحمدالله داومت وانا مريضة والله عطاني على نيتي طرشوا لنا ايميل نطلع ١٢ ونص 😂❤️,0
"#ياليت_ينزل_وزني بسيطة بدون امنيات وليت ولعل! ""خفف سكريات/ دهون/ نشويات"" تحرك نص ساعة في اليوم بتنحفين، مافيه مشروب سحري ولاحبوب ولادايت المسألة اسلوب حياة وبدون حرمان 💪🏻",0
ابي افهم المسؤولين بالاشغال عندهم سيارات؟ مايتمشون بالشوارع #وين_الحكومه_عن_شوارعنا,0
لازم يعني نتمردغ من الاندية الصغيرة عشان تبتدون تفكرون فشباب النادي وتستفيدون منهم ؟ https://t.co/iSYTyO8nK7,0
لا عاد تخلونه يدخل متحف 🤣🤣🤣 https://t.co/Pezi9s9Hnm,0
القلب لما يحب صعب تجبره يبتعد ❤,0
"@Zlzal_al5lej ياكرهي لشهر 7 و 8 بالذات
وأكره أكثر الشخص اللي يقول إن الصيف أحسن من الشتا",0
@haya_mimi ههههههههههه يالهودي يالداعشي حلوة,0
"@Afrahajaj @marwa_althawadi يعني سوبرماركت كبير يحط الضريبة على حليب المراعي
يقوم راجو راعي برادة في داعوس بالفريج يحط بعد ضريبة على الحليب
والحكومة تقول ان الحليب من ضمن ٩٤ سلعة معفية من الضريبة
يا جماعة احنا مو في بلد قانون ونظام#
احنا عايشين في غابة القوي يأكل الضعيف
هاي مختصر الضريبة المضافة",0
@safaalhashem  على قولت سعد الفرج ودي اصدق بس قويه😂✋,0
@LAlTamimi إلا بيروح الجنّة لأن اكتشف هالشي اللذيذ اللي يعدّل النفسية 😍,0
"أنا مالي سوى حبك 
أنا أحلف لك وربي 
طمن روحك وقلبك 
تراك أنته اللي في قلبي💙
#مساء_الحب❤️ @… https://t.co/yA8TfnIwc3",0
@khalidsaif76 @NhnH19920 @Catalon21467476 خالد شالسالفة اهي ترجي ولا اذلال 😳,0
@Almajlliss هذول من صجهم اعوذبالله يبه هذا كله من حلال الشعب مو من جيوبكم بعدين شنو هالحسد الله يعين الشعب عليكم بس الي صابر الي يسمعك يصدق,0
"الله يعينكم يالاعبينا ع الضغط اللي انتوا فيه ، احنا الجماهير عايشين تحت ضغط فما بالكم اللعيبه نفسهم ! الله يوفقكم وبإذن الله نوصل للنهائي للمره الاولى في تاريخنا مثل مافزنا ع كوريا بنفوز ع الامارات ان شاءلله !

#العنابي
#لأجل_قطر 
#beINAFC 
 #صوتك_للعنابي_يوصل 
#قطر_الامارات https://t.co/iIxajeFPLR",0
@obimer01 انتي تتدخليش لو سمحتي بلاش كف,2
@MJa3far وانت بصحة وسلامة الححمممد، انت الذهب 😍❤️,0
"@jtjamri أنت قلت أنت ماشفت منهم الا الخير
واحترمت تجربتك ..🙂",0
#مع_السد_في_اسيا نبي جماهير الشعب معانا 👍🏻 😍🇶🇦🖤 https://t.co/b3kF85holC,0
@q8omarjuve @Imran_Alali ما نبيه فكونا منه بعدين اذا انتقدناه يسبونا الطعميات كلهم,0
@el3azy22 بس هو نفسه 🙈😂😂😂😂😂طلع بعير ياخي,0
"@kama5beel الف مبروووك 
 الدوري هو يستاهلنا وله الفخر ان الزعماء اصحابه✌️💜",0
@majedalraeesi1 @Bassem261 يعني الان شاغلكم تميم ليش هرب وانتم تقولون مشكلته صغيرة جدا جدا جدا طيب ليش جهال زايد ما حضروا والسيسي سوي لنفسه حركات قال ما بيحضر ورجع حضر ليش كل هذه التناقضات يعني احد يفسر لنا,0
@marzoqi_w بو محمد للحين مع سالفة صبرنا 20سنة  مرة يزيدون ومرة ينقصون المشكلة يبين أن كلامهم كذب...,0
"@ZahraHassan3
 اعوووووذ بالله 
وسموه رجيم نسبه للشيطان الرجيم..
فتعوذي منه وتعالي نتريق..
😂😂😂😉😉😉 https://t.co/IcxOUY7EkZ",0
"@Did_U_Knoow 

اقدر خوفج ع البلد بس لا تشوهون الصوره الإخوان لانهم ما طالبوا بإسقاط النضام ولا راح يطالبون وتاكدي اذا طالبوا راح نتصدى لهم .",0
@KingArthur_09 نايبه توني قاعده من النوم ما مداني اسوي شي 🙂💔,0
"@AdnanYousif ماني...ماني موجود؟!!!
فقط مضيع 3 اهداف.
المفروض النتيجة4/0 للاحمر",0
@aaalmutairi0 مبرووووك🤝🤝🤝 شعور الF لما تصير D واااايد أحلى من الA والله😂,0
"للحين في ناس لما تقولهم بصوركم يقومون يرفعون التلفون كأنه يتكلم مع احد!!!

مادري مو فاهم شنو هالحركة
يعني مصور مع تلفون شالحكمة يعني!؟! https://t.co/pmEWJLbv8Q",0
@Hana248 احنا سبقناهم بالفكرة 😎لا وفكرتنا فيها توفير وتقشف صج المريض عندنا يمكن يصير فيه ارتجاج او كسور بالاضلاع بس هم فكرتنا 👍,0
#عبدالله_العذبة  / مستشار تميم ابن موزه في فاصل كوميدي .... من زمان مضحكناش ... اضحكوا ، مليش بركة الا انتو ....🤣🤣🤣🤣 https://t.co/b9MKmopg0l,0
@News_Brk24 يمثل نفسه مايمثل ال مره ال مره في قطر شيخهم تميم الله يعزه ولايعز عليه يارب يحفظه من مكائدكم,0
@dralzaaq @Toomaa_6 وانه من سالفة سهيل وانه شاكه😣,0
@muhashesha @934u @mirzahGS @MMMM2778 اني ☝ودي بنسكافية ☕لو سمحتي,0
"@SASUFAYAN @kalthani الخبر قديم وكذب والدليل مكتوب كاس القارات وهذا دليل انك حمار 
شمر اخلاق وتربية مع المتربي 
بس الحمير الي مثلك مالهم الا كذا",0
"فيفي عبده.
احس اسمها شبها ههههه",0
@Saleh_R9 الله يكثر من أمثالها 😂😂,0
@zeyadalkhalifa الابداع في لامير فاق باقي الاماكن 👌🏼😍,0
خلاص جماعة الخير انا الشريرة و انتو الكيوت و كلكم انسانية 😂,0
يامرحبا يا اهل قطر ياليت الحلم يصبح حقيقة ونصير جيران ،، نسير عليكم مشي ونتبادل بالصحون والصفاري ولانقص عندنا شي من زادنا خذينا منكم ههههههه https://t.co/dgqYDyDNZ7,0
يا وزاره الأشغال يا كلاب  التقاطع الي بين صناعيه صليبيه ومدخل ق٧ وق٦ سوووه دوار لانه دايما مصكر وتصير فيه حوادث فهمتوا ولا اعيد,0
"محتاج اسافر من يدينك الى حضنك
يا حلو هالغربه و يا حلو هالموطن !",0
@kalawadh اتنفس طيبة قلبك وهواك يالولد,0
@I_9mile اللي ماكل فول مو من مصلحته هالحركة 😅,0
"@bo_fisel_22 مع ثلج
شلون بعد😁",0
"@Fareselsham21 @PlusKuwait هههههههه هذول بناتكم انتم النوريات
انقطع رزقهم بالتل ويدورو رزقهم
انت لو مسلم ماتتكلم كذا ملعون علوي ابوكلب",0
@DER3_ALJAZEERA @KhalifaAlfadhel وااااااااااضح 😂 أتوقع لو نلعب مع خميس مشيط بعد بيشجعهم نحاس بس فينا 😂,0
@its7mmd انا من اكبر مناصرين تاجير الرحم .. لانه باب لناس كثيرة ما تقدر تجيب عيال .. وخصوصاً التاجير ما فيه اختلاط للانساب.. و لرحم المؤجر هو مثل ( الحضّانه) للطفل لحد ما ينولد .. في كثير حريم جسمهم ما يتحمل الحمل ليش ما تأجر .. بالنسبة لي التلقيح الصناعي و تاجير الرحم وجهين لعملة واحدة,0
@ramsatnaa ما عليك امر الغالي لو اتحط الفوايد الي اتقولها فالمفضلة وايد زين .. الواحد ما يتعنى ويدور بين الريتويتات ..,0
"@ahalnoman @AwadAldarmaki @khalfan46606980 يالله بصباح الخير .. عنبوه معايّا في الكرة من الصبح؟!
صدق يوم قال بوعبدالله البرشلونيين مب مصدقين .. لي ما كد تبخر .. تبخر واحترق 🤣🤣",0
@ameerkwt كفو عليك ربي يحفظك يالحبيب,0
ربي أنت مُعيني، أرح قلبي ، امحي ذنوبي، و كُن معي 💜.,0
@brek333 ماينفع ياخذها الا بالحرام خاف من الله ياليبرالي,0
@Alqwbari @shamma_sulaiti @meitham12346 @A_AlAthbah @EidAlSulaiti لا اختي مو فاضيه اتم مستقعده عشانج هني 💋😂,0
@albloushia101 اقل شي قطعو الفلفل م كذا 😂😕,0
"❖•┌
 تدري وش اللي احتريه بـ مسائي
صوتك وبحت نبرتك لا تكلمت..🎶 ' ..",0
"#مقاطعة_عمانتل_فقط

من يوم بدأت عمانتل تشتري اسهم زين .. عرفنا ان الموضوع فيه إن واخواتها .. بس الحين ظهروا معها عناتره قرايب لها",0
@kasimf من اللي مع حزب اللات ومن ضده,0
@adeldxb1981 @sultan_dalwan الاداره هذي بالذات ما تتعلم من أخطائها والواضح انه في ناس من الداخل تحب تخرب الصفقات لمصالح شخصيه,0
احس من يوم انا صغيرة اشوفهم نفسهم 🤦🏽‍♀️ مع ان ادري انهم مب نفسهم بس سبحان الله نفس التصرفات والاخلاق,0
"ملعقة عسل واحدة يومياً 
 كفيلة بان تبعدك عن الطبيب ؟
 فما بالك لو أنا كليّ معاك ""̮
 .     
.           ولا كلمه  ""̮😏🚶🏻",0
@farooi @SibaMassa عقبالي ... قريبا باذن الرحمن,0
"@nas_alowais انت ما سرقت !!؟؟ معقولة !!!

اعترف حتى لو عالخاص ، كلنا مسودين ويوهنا ترانا يوم صغار في الدكاكين 😂😂😂😂",0
@F0uz__ @alsada307 @j_7j0 @Kuwaity__7r وبن فطيس وشوضعة بالامارات ياقليصة ،، روحي شوفي التكارنه الي ترسو الدنيا عليكم وطروش البحر  ونصكم بقايا حجاج 🤣,0
"شفت تقريبا صور كل جهال بيت المحاري 
بس بتي ما شفت 😅",0
@ralfalasi نظام الاناره نفس اللي باستاد اليوفي,0
@AJArabic حلوا مشكلتنا وبعدين تعالوا حللو الريجيل بيحطونا جزيرة وانت فاضي تحلل ابكيكم وابكي سياستكم العوجاء ،،،،غدينا كن حنا مطايا جرب حتا ابوعينيين ماحرك ساكن علي وزير الاعلام السعودي ،،،،،خنز الريح الي في بطونكم,0
"@fawazalsanad ليه دايم احتاج اسألك وش فيك وش الي زعلك؟ 
ليه دايم ردودك تكون نظره بمعنى شدخلك؟",0
@4asRoma صلاح عنده بديلين مو واحد بيروتي والشعراوي او حتى بدخل توتي ما بيكونون اسوء من مصخره صلاح,0
@Noniiexo اليمن احلى انا عارف بس الاهرامات شي خرافي والله,0
@fcalshaab1986 @HNaser83 @uaedivers أخوي محمد الحياء شئ جميل.. أعتقد مشكلتنا بفهم معنى الخطبة اللي تتضمن فترة للتعارف بضوابط,0
@Kuwait_okk عادي متعود على الطراره وجهه مغسول بمرقه,0
@mayoshek الله يسعدكم فرحتكم فرحتنااا الله يحفظك شكرا لك,0
@freeman5005 ابد الحمدلله اللي يفطر خلاص يصير يومه ياكل شي خفيف ونشيط 😝,0
@fahdalruqi اتمنى ما تكون هالتغريده بس عشان تاخذ مسمى بطل ، وهذا كله بس عشان ذكرت قطر بسوء فتكسب قلوب الناس، فان دل هالشي على شيء دل على اخلاقك .,0
"طبيعتي والسر عندي ف تابووت
ساكت وكافي الناس شري وخيري

ما أشكي لغير الله همي لو أموت
صبري على نفسي ولا صبر غيري",0
@4Show_TV اممم بعد ما شفت الفرق بينهم ،، مع اليديد ،،,0
"ماترجع الدنيا ولا ذيك الايام 
وقت مضى بالعمر محد يرده",0
صارت 6:15 وما وصل 😒 قالي 6 يعني 6 @noon,0
اكيد السوري سواها فيه وأشتكي المحاسبه الراشي والمرتشي https://t.co/beBZU6KVZX,0
@kamado111 شكله نفس واحد طالب شكشوكه 🤔,0
#InstaFramePlus الحين ف الصور الكل يرفع علامة النصر .. أول اللي يبعبص واللي يبلحس واللي أحول .. الحين صموووو http://t.co/WcBTv7CQ,0
"#ابشروا_بالخير

نصابين وجذابين وحراميه",0
@Nas_The_Don @salama12__ @sk_alshamari @abqatar ههههههه  غصب عن خشكم احسن ناس والدليل داعسين خشمك وحاشرينك بديرتك عقب ماكنت تجي للاحساء تشتري وتاخذ مقاضي برخيص,0
@444u1 بتمر في حياتك لحظات، تتمنى ترجع ....؟؟؟,0
اقول ترا ذبحتونا بسالفه احنا اهل جبله والمرقاب,0
"@JAFFAR_ALAALI0  وانت ليش منقهر منهم ..
كيفهم 😂😂😂😂",0
في هذا العام قررت ان أتخلص من كل #صناع_النكد من حولي و اتجنبهم و اشن حملة عليهم و اساهم في إنقاذ البشرية من هذه الآفة اللي تاكل الفؤاد,0
محتاج دورة ( شويّة ثقة ) من عند اللي ماسك الحساب . https://t.co/q9JuS3GsYW,0
"@Skittleziah براءه الاطفال 🌹 
الله يخليلج عيال و تفرحين فيهم ان شالله

اشدراهم الاطفال ان الكبار عقدوا الموضوع و كل واحد حطله مسجد و قام يصلي بروحه

شي ما يدش العقل
قاعدين ماكلين شاربين دوانيه شاليه جاخور سفر مع بعض
الاثنين مسلمين لكن وقت الصلاه كل واحد يروح مسجد!!",0
ـ ☻🍹مساء التوت يا عِلِّك فيني تموت ☻🔥💀 https://t.co/fE49LRiWrE,0
@_5rt يبي لك تسافر تغير جو وترتاح نفسيتك,0
@M_Bonasser @DER3_ALJAZEERA ذبحوني من الضحك ليتني شفتهم من الصبح 😂,0
@Mo2_81 من كل الحوارات اللي تحت هالتغريده ماشفت عاقل الا انت تحياتي ✌🏼,0
@al_Ma6l3i @alainfcae الله يعدي هالفلسفه على خيرر !,0
@GhazwaSulaibeek حرام عليج هذي الشيخة حفيدتي ام ضحكة جنان,0
@loloooo35937397 @aljahane الصرمة واضحة في تربيتج !! والشبك في مخج بس !!,0
"وحده من الديار البعيده جت ديارنا تتبع النبي
محمود محمد احمد حامد صلى الله علاه وسلم
تبسمت بوجهي وعطتني هشكولاته سقاه ربي من الحوض https://t.co/zlCW9NZyHz",0
"@a_hakeemsaleh له الحمد دااائما"" وابدا",0
@azalameri هذا اللي كان يجبرنا نسهر نتابع مباريات😁,0
@hamadjjalthani ياسلام الله عليك ياحمد بن جاسم دايم كلامك  مثل السهام تصيب ماتخيب ياريت اللي يقراء يستوعب ويفهم بس الشرمذه ردودهم مثل مقفى قحطه خال حسينوه  هههههههه,0
"#قل_لنا_كلمه_بلهجتكم
تصاكن عجوجي 😖",0
@AL_JALAL2000 @alboflasa شي يكدر بصراحة!! الوطن واهله عزيزين,0
"@NasserS29654734 وبعدين الهيئة ماتخش الهلال وتدفع الهيئة من تحت الطاوله
كننا مادرينا",0
@alraff3 خله يفطر بينه وبين نفسه ماله داعي الاشهار,0
@SaAlNuaimi زانيتي زبال و ماله شغل بالانتر 🤣💔,0
@ahalqatar فضحتك في شنو ،،، مبين من كلامك انك فضيحة ودسيسة . عزا الله حكومتنا تشرفنا في كل مكان ونتفخر انا قطريين .,0
@UAE_BARQ هههههههه الحين هذا المطعم بيستوي مستشفى ولادة بسبب هذا العرض المغري 🤦🏻‍♂️,0
"@i_ReKo اللي كرّه النصراويين بهالاثنين وخلّاهم يطيرون :
بربسة مرابط وحمد الله ، استحواذ وتحضين وتضييع فرص وإلا الأخطاء التحكيمية بكل دوري... https://t.co/1woGkKsMKR",0
هذا توقيع عقد والا طالب عليه دور ثاني https://t.co/zhu1aMEdXF,0
@wassilaoulmi كم عرفنا ناس مافيها وفا ،، تضحك بوجهك و تطعن بالقفا,0
عشان جييي حبيتهاااا تمثلني 😂❤️❤️ https://t.co/ITNyc6em2m,0
"فاهم لعبك واكمل معاك ماهو غباء لكن الوضع عاجبني  خلك على وضعك مع الايام تنعاف 
 
@AlHawari008",0
"@DrSusanNasif متابع طبعا بس ما قدرت أقول شي وايد صعبة الأسئلة 😂
بس ممتعة بالتأكيد 👌",0
@0__0rem ايام كنت ادرس كان في استاذ الرياضيات مصرى كل مادخل يطلعنى بدون سبب صرت اطلع لحالى اخر السنه قالى بتعيد السنه  والحمدالله نجحت,0
@Q2222Amal @Na5674nh @DAlkuwari12 @alfarsa121 @pio_sh @qtr_dho @zlJ7Sq0H9HSFP3g @i8lllllp كلا من ديمه 🌚الله يسامحها 😂💔,0
@abdulrhmandohem والله من كثر ماشوف هالمحبه ودي أكون وياهم. الله يعطيكم العافيه.,0
"ياحنين العاشقين ،،
ياهدايا الياسمين ،،
يالبياض اللي ،،على أحلامي عزف",0
"راحت وراح الجمال 

كلها حسن ودلال 

ياليتها قالت تعال 

أجي على جنح الخيال.",0
"@springism414
 وظيفة شاغرة ويفضل هندي
يستأهل اخونا وخيرنا لغيرنا. https://t.co/yjQArp0Q45",0
@falosaiimy @turki937 كورة حمدالله مافيها شي وحمدالله ع قولتك حركته ، ما دام اللاعب ما جاه من حمدالله شي كيف تقول ان اللاعب هو المقصود 😂,0
@amjads_i @rico4_ يحتاج نت عشان يتحمل,0
#السعوديه_اليابان جاكم الاعصار وقف عن طريقة بالتوفيق يالصقور,0
@ruqaya_8 من الصبح ادور ضرابه تو فكيتي حلقش!😒,0
"عزيزي الشاب مو كل ماقالت حبيبتك تعبانه 
تقولها فيني ولا فيك ، ترا في تعب مايصلح لك 🌚💦",0
@zrkaa كله صور ماشي كلام,0
"@HROOFALREEEM @Bsmataldaiq8 أبشروا فالكم طيب عند الرجعة بعد ما آخذ الجنسية
👍🏽 تم",0
"قضيت العمر احبك 

ودوووووووووم اجري وراك",0
@OA4_ 🙃عطني جوتيك انا أقول,0
"لاحد يخبره انا فايزين فالكامب نو وكوتي موجود يشاهد😉

ولاتخبروه ان باقي شوط كامل😌 https://t.co/JM86G6TkBB",0
@AJABreaking @AJArabic وين سيناتوركم كويكر  اللي صاجينا فيه راح وولى والبقية تلحقه قريبا,0
"يوم قررت اتعطر فيه
 اكتشفت ان مخلص 😳 https://t.co/LFAcZ5LesA",0
"@QszRUDUfl4ird89 @HcrDkD3ZLqCfRI3 @vipyyyy مالك كذا زعلان
مين دق لك الطاسة 😂😂",0
"@jamalrayyan لاتحرق اعصابك على شان جـاهل
خله على كيــفه يقول اللي يقــول
صدًقني ان طبًقت فــن التجــاهل
تلقاه من قوة القهر شــبه مقتـــول
جمال الريان جاهل ومفلس في كل شي",0
@ans1q @Samter35 @Tanks_mec معناها كلام أخوي كان صح.. و زعلت منهم بدون سبب وجيه 😔,0
@qat4400444 قال البناني انا مقيم مش قطري ايش دخلني قال العسكري ترجع يعني ترجع قال البناني شي طيب ومفخرة يكون تعاملي مثل القطريين ومابيضرني وماعندب مشكلة طبعاً العسكري قام يقط كلام على البناني ماله داعي والمصيبة العظمى ام جاية ولا معها غير شنطة ايدها تقول للعسكري انا جاية بس اخذ عيالي وارجع,0
ما اهتميت أبداً.. والأفضل إلي مومتقبل تغريداتي لا يتابعني بالأساس #كم_شخص_معطيك_بلوك,0
@BB_ibri في عمل الخير اجر وثواب كبير  ..,0
@aljawareh11 @mohammedawaad مبروكين بومحمد. ❤️❤️. المتعه الثلاثا ان شالله للملكي,0
@Jfeen_7 عموماً هاردلك وحلو ان مسلسلهم بيستمر,0
"#تزوج_الثانيه_والمهر_علينا
انا جاهز مو الثانية لا الثالثة والرابعة بس وين راعي الهاشتاق يصمل",0
@Q8i_f ياهلا وغلا ياصباح الورد 🌹😂,0
@OM__RQ نجتمع ف بيت العود وناكل عرسي 😂🌚🌚,0
#اول_اغنيه_سمعتها_في_حياتك صادني في غرامه غشني في كلامه,0
@NasserSalmeen بالنسبة لي انا حج ولا غيرة مراح اروح صوبهم كل شوي ماسكين قطري وحطو ارهابي لا والله خلني مكاني ابرك لي وعلى بساط الراحة,0
"الحين انتم تشبهون الصور اللي تحطونها
ولا نفس منيو المطعم 
😂😂😂",0
"@HessaQue @GalbyLl بترد حليمة لعادتها القديمه
عاد نحن تخصص في هالأمور👌🤦🏼‍♂️",0
"هلا هلا منور بطل آسيا 😍🔥
@Moezali_ https://t.co/dRD2q3xUs3",0
@amr_issam @Rofaidayassin @AmnestyAR @UNarabic شكلك ما تشوف الفيديو صح يالور... الفيديو يحاول العسكري فض الاعتصام  واحترام القانون ومن لم يحترم القانون يعاقب. اما سفك الدماء اسأل الاخونجيه اللي عندكم...,0
"@Toomaa_6 @DER3_ALJAZEERA والله له فريه !!
امته يرجع!؟",0
@RaedaSabt امين .. شكرا عسى عمرچ طويل اختي,0
"@shwared آمين حبيبتي 
سلامتچ يا روح الروح ❤️",0
@algahtanyali @3ajel_ksa د. وهو قليل من كثير تتوقع يا دكتور علي ان الشيعه بالعراق تاكل بعضها وان شاء الله يجي اليوم الي نسمع فيه هذا الشي.,0
@haneenalmwla يادي النيله مين هاي 😱😱,0
@raadraa31887418 @Almajlliss عسي ما ايينا ذاك اليوم اللي نستنجد فيكم وفي ايران احنا بس خل الله يحفظنا منكم بس ما عندنا اعداء,0
@r8o0oy يقولي تخيلي المضاد مش موجود روحي سوي لج اعشاب وشربيهم 😶 وما كتب لي اي دوا نزين مريضه انا ما اقدر اتكلم 🙃,0
"@Floora7 @bintUAE_7 @aalhosani_3 @Huda_siprituae @bintzayed25 @alketbia71 @bintalflhia كل عام وانتم بخير وسعادة ❤✨
عساكم من عواده 🌸",0
أنا لي مع اهل الطيب مصدر ولي ميراد     أحب النشاما وابخص الطيب وش لونه واحب الرفيق اللي يسيـر بلا ميعاد     واحب الشجاع اللي اخصومه يهابونه,0
شور يقولي نزلي تحت المطر بس الدنيا ماتسوى اللقلاقة اللي بتصير في السيارة 🙃💔.,0
"قبل ما أحبك

كنت إزاي يا حبيبي

كنت و لا إمبارح فاكراه

و لا عندى بكره أستناه

و لا حتى يومى عايشاه

خدتنى بالحب في غمضة عين

ورتني حلاوة الأيام فين

الليل بعد ما كان غربة

مليته أمان

و العمر اللي كان صحرا

صبح بستان
#مصر_البيت_بيتك
#ألف_ليله_وليله
#أم_كلثوم https://t.co/L5PzdlZdGr",0
"تشوف الوريد اللي ع القلب فـ المثناه 
تـرى ذا مـكانك ، لا خـلافه ، ولا توه 💙",0
"اليوم يومك يالملكي وال🏆كأسك 
والثالثه ثابته 💛💛💛
#كلنا_مع_ممثل_الوطن_القادسية 
#القادسيه
#القادسيه_قدها_الثالثه_ثابته http://t.co/lUgpLBdntC",0
@Maithaalhameli @kalawadh @essamkamall كلك ذوق تسلمين اختي,0
@falehalkhudair1 المسؤلين بوزارة الأعلام ماعندكم غيرة مامن حميه هل تقبلون بناتكم تُشاهد هذه المسلسلات مسلسلات العهر والرذيله وين تبي توصلون الجيل الصاعد دمرتوهم وضيعتوهم وحسبي ألله عليكم ونعم الوكيل !!!!!!!!!!!!!!!!,0
@Sdsd1419Www  بس خوفج  يجي  واحد يقول رافضه والثاني يقول نواصب - 🏃🏃🏃,0
البسطة بوث والنفنوف دريس والسمچ سي فود والدجاج العربي اوجانك چكن والسلطة سالط والبرتقال أورنج والتفاح أبل ترى هذي مو ذرابة هذا تصنع إحترموا لغتكم ولهجتكم #kuwait,0
@ro7_nower جفته رفع ضغطي وسحبت عليه. جوفي مسلسل حب ابيض واسود فرحات واصلي حلو,0
@lulwabuhsyeen الحين طارت الطياره طارت طارت الطياره 😂😂,0
"@a8aqabas هلا بك اختي 

متابع مع زحمة الاختبارات 

كيفكم مع الأجواء هذه الأيام",0
"#فهد_المولد

ليه زعّلت  #النونو   يافهد  ؟؟

راح يدمرك وينهي مستقبلك لأنك 

خليته يبكي #النونو المسكين 🥺😊",0
@oman_event علوووووه نعرف والله نعرف,0
"أخلاقك نفس جوتيك الوصخ فالصورة 

@khalilalbalush1 https://t.co/2R4ynanE23",0
@jbr_nqb @alnasr_loyals @ALNasrSC انت راضي فيه مب مشكله بس بعد أقولك اذا بطلع شي طلعه بافضل طريقه ✋🏽,0
كل شي حلو أخترب والسبب إذا اوكل الأمر لغير أهله .بسبب الوسطات والمحسوبيات ومن ولده ومن أي طائفة ومن أي قبيلة .بالمعنى الأصح الخبرة والدراية آخر شي يشوفونه #تحملو_كلامي,0
"وريي الناس الجمييلييين هم بس اللي جالسه تغرد عن احسان 💚💚💛💛
#احسان 
#جماعة_اصدقاء_المجتمع
@society_friends",0
"أقسم برب البيت ماعاد بي حيل 
ولا عاد بي شده على ( حب وعتاب )  

خلني كذا عايش كفاني غرابيل 
قبل أمس حبيتك وفيك الرجاء خاب 

خاب ✋

#بوح",0
@UAE40404040 @lelafesal1245 @waseem_yousef سوطه مايتعدى حظيرة كلابه .. قال سلمان الحزم قال الحوثي لعب فيه ومرمطه ومرمط كرامته هو والدب الداشر بالخيمة اللي لابسها,0
@Almajlliss صح كلامه بس اسلوبه غلط وفعلاً المفروض بالمستشفيات الحكوميه يحطون عيادات للمواطنين والخليجيين و عيادات للمقيمين .. والمفروض انهم يقللون عدد الوافدين ويتأكدون من فايدة كل شخص منهم اذا كان يعمل او لا ويمكن استبداله بكويتي لان مافي وظايف والسبه انهم معمرين بوظايفهم,0
@water_life_2017 السلام عليكم ممكن اتواصل معك,0
@sultan8822 كل شي مسموح ما تشوف الانحطاط زايد في المجتمع,0
"-

على غياب "" الهنـوف "" الله يصبرني
ويلي على شوفها ومصافحة يدها

ياليل .. مليت .. من طولك  ودبرني
عن سبة .. غيابها .. عني تنّشدها

ماكان فـ / البـال والحسبان تهجرني
راحت وقلبي من الفرقـا توسـدها

فضفضة اخر الليل ✋🏼",0
@essa7997 شو قصدك الحنا مال الكفار مضر؟ 🤔,0
@khalilALDarwish @M_A_ALMULLA الملا انت قلت صباحك عسل وخليل يقول صباحكم لبنة... ناقصنه خـبـز بس... وناكل الريـّــوق ☺,0
@3rbawei93 @ro7ani الحل موجود غير المدرب وجيب المدرب ناصر الشطي وغير الاسبانين وجيب قلب دفاع العراقي علي فايز ونص متأخر العراقي امجد عطوان وراح تشوف ناس ذباحه بالملعب اما الشغل هذا ما يوكل شورما من جمعيه المنصوريه والسلام عليكم,0
@aqel2030 الف مبروووك ويستاهل ابو نوح ربي يوفقه💐💐,0
@Amhn12 م اعتقد عندهم محل بس يوصلوا الجامعة,0
@without__shadow 😂😂😂 ابشركم بالنكبه دول غبيه تدفع لكل ساقط ولاقط وشعوبها ذابحها الفقر لاحول ولا قوة الا بالله,0
@free_man_co @QADSAWIMALAKI كل هالسالفه وماعرفنا من هو المقصود بهذا الكلام...نبي نعرف,0
@ashrf1551 هلا الشيخ . تقريبا كم تامين الفندق ؟,0
والله قهر يعني الديره مافيها رجال حتى يكون هذا الحال واخد بال سعادتك وماطبنا ولا قدى الشر https://t.co/5J6IEyVPr0,0
"الأيام متشابهة لكن أنت من يصنع الفرق..

من أستوديو @ShabibaFM في برنامج #من_غبشه ، اللي أقدمه اليوم بروحي😢

#١٤رمضان https://t.co/BTRYTH2FoT",0
"#لبناني_في_الاتحاد_السعودي
 لما اخذ فره في حي الحمراء بجدة والله اخجل على نفسي من اللي اشوفه . الحمراء حي راقي الايجارات غاليه اكثر من يسكنه اجانب سياراتهم فخمه . نحن موظفين ولا نقدر نستطيع السكن فيها ولا نملك سيارات مثلهم. 
من اين لك هذا!؟!؟ https://t.co/VJPjrxw3xE",0
مبروك لأخوي عبدالله الكندري يستاهل بوراشد,0
@fawazalsanad @musaedaltulihi انت استديو الفن كلامك معتمد,0
@marzoqi_w @QatarUniversity متسببه !!! !! رحت لهم قبل موعد السفر وكلمتهم ما عطوني اَي حل  ..... تخيل رجعت بنتي من السفر طيارة  ٦ ساعات عشان تسجل وترجع ثاني يوم تركب الطيارة !!,0
@aamer_ali @alhbeeb231 @Atheer_Oman خلص الكلام وخلصن المواضيع 👆,0
@Toomaa_6 خلاص تويتروه رجعج لازم مهر جديد وعقد جديد وآيفون ١١..,0
@bd84163530804fa شو عليك عندك بطاقة VIP بس إدارتك قرمبع و الله يفكنا منهم و من طبولهم,0
"الكفو٠يفرح٠ليا٠طابو قروم الرجال
والردي تلقى فواده من الحقدأمتلا
•
عايشٍ٠عيشة٠مذله٠وأظنه٠لايزال 
ويش من كثرالسماجه ومن قل الحلا
•
عايض النمير",0
"@bubkr @yousefalnuaimi @almaskary @anasbukhash @abdullakhunji @saiffadel اسميها من ""تويتة"" اللي جمعتكم كلم ؛) ،، عجيبة أنتي يا #دبي",0
"لا واهني منهو حياته على الطيش
ملقييٍ للناس اذن الطناشه
ماهمه شعره قصته وعنده كريش
ولا له مشاريعٍ ينطر معاشه",0
@fWz7lZhb7FMVNBO ممكن تمصمم لي صوره زي كذا,0
"@nssr305 ماختلفنا فالنقطة ذي .. اختلافنا ان البرد فيه فوائد عكس الثلج .. بس
اذا عندك فوايد واضحة له افدنا فيها
تقول المطر فيه وفيه
ما اقتنع",0
"@HumaidiHanouf @almjdali بالضبط الأيام كفيلة 
والحوبة تبطي بس ما تخطي",0
@almoqahwy @alhssean_alself كفوك الطيب يابوسلطان وماعليكم زود يابعدي,0
@MrRossonero والله اني اعشق هذا الاعب ♥️ وللحين متندم انه طلع من ميلان,0
@saalmanahmeed ايي والله يعني طالعه فيها اقرا تركي 🙂💔,0
@riydhalzahrani اذا نفس الماده امفيتامين اقل عقوبه سنتين,0
"#ماهو_مصير_من_يعادي_السعوديه

راح تجيه دعوات بالخير من الشعب السعودي 

خصوصا فئة 
_الفقراء
_اللي ماعندهم سكن
_العاطلين عن العمل
_اهل التقوى والصلاح

طبعا الدعوات ستكون بالقلب لانه اضعف الايمان ولان الكلمه صار جزاء قائلها تقطيع جسده بمنشار 

والسب طبعا سيكون من الذباب الالكتروني",0
@Melchizdek1 @AJABreaking يالله مناك ماعندنا نلعب وياكم,0
"استغرب اللي ذبح عمره على منطقة خيطان وصار يتكلم بكل شي والان يطالب يطالب بالبدل يا حبيبي انت ما تبي خيطان غيرك أولى منك الموضوع مو تجاره والا وارث الارض وتبي تضارب فيه ما تبي المنطقه خلها لغيرك
#خيطان
#خيطان_الجنوبي",0
@shekaaaa81 @M_Alhamadi_PhD @ANK_AlThani @Qatar_Edu اللي ما كاتبين نقل انقلوهم والمصيبة وافقوا على استقالات معلمات ما خلصوا ١٦ سنة ويقولون نبي معلمات قطريات ؟! شىء مضحك ومبكي الصراحة,0
"@srtm448 
يا أخي العزيز 
حوادث السيارات يوميا نشوفها ومتعودين عليها 
وبالنسبه للطائرات غالبا ما نسمع عنها 
وهذا قصدي 
اما تقولي مصطلح  !!!!!",0
@T7Abdul ما عندهم شيء غير الهياط,0
"مصر و المغرب و تونس المفروض يلعبوا 85 دقيقة علشان نستمتع بالنتائج و باقي الدقائق تروح لصالح السعودية شوط اضافي هم يستاهلون وايد
خيرهم عالكل😂",0
@Almajlliss الله يشافيه ويعافيه ويجزاه خير,0
"أعزائي وكلاء وزارة التربية 
ترى الكرسي اللي انت جالس عليه على كف عفريت😏
سالفة الديباجة و الاسطوانة المشروخه
#كله_تمام_يافندم إنتهت
وما مصير الوكلاء قبلكم عنكم ببعيد
وقد اعذر من انذر 💖 https://t.co/o0KozobavQ",0
عقب شنو ما نشارك لا بكاس اسيا ولا تصفيات كاس العالم وننطر لي ٢٠٢١ ! https://t.co/ASwhj9qoth,0
المفروض يحطون ((الكنافة)) بدل الكاكاو لعلاج الاكتئاب https://t.co/ijWvDhi9nN,0
فرحوني ب باقة ورد ياخي😢,0
"@hard2get222 @qatarairwaysar بالكويت آخذ درجة رجال أعمال بنص السعر لأني ترانزيت 😜

 إنصحك تعال الكويت واحجز تأخذها بنص السعر",0
@HamadShanab من حرقة قلب أمها ردت عليه,0
@Sharjawy_21 @binthyban ماعندي وقت اضيعه عليك😎,0
"@m0saab415 @kudair7o #لبيك_يا_عراق_العروبة
إيران برا برا
إيران برا برا
إيران برا برا
إيران برا برا
إيران برا برا
إيران برا برا
إيران برا برا
إيران برا برا
إيران برا برا
إيران برا برا
إيران برا برا
إيران برا برا
إيران برا برا
إيران برا برا
إيران برا برا
إيران برا برا",0
"@JamalOman557 اليوم نطريك بالخير
قلنا العام كنت متواجد ف الهبطة واليوم ما شفناك",0
خلاص قررت باجر اصوم,0
@_z3amh @yalramadani @_i3kb_ @HGAK6 @fa6oom_h17 @jys17_ تبا النصر ايي فوقك بيي فوقك عادي 😂😂😂😂,0
"ريال وشنباتك يوقف عليها الصقر طاق فلو حق ميكب أرتست ليش ناوي تقلب مثلاً🤣🤣🤣🤣
#الخميس",0
"ياحلو صباحك اميرنا الغالي جعل ماتخلا قطر منك ولا من هالصباح  اسعدت شعبك بشوفتك 
 #أمير_قطر https://t.co/vgUnNmieuU",0
@Ghdooi تركيب الكيمرات جدام البيت صار شي ضروري,0
@ALSHAHEENNN @Manama9200Ahmed @hamdolla120 @layla_buhazza @AyshaAlzeen @alzeen1122333 @Salah65729413 @JihanMohammed1 ذي اكيد ابو اليهال الشياطين اللي كانوا يدورون المستشفي بالسيكل ههههههههه,0
@mralsiyabi ترا اكثر الكلام عن الشباب انهم م مال شغل وبهذا مسكها الوافد عليهم وهم م الاساس كفو,0
"-عيونه فيه أمّان وبسْمته مُختصر عّافيتي.❤♩
(ع M ) 🤓❤",0
انا صوت للسد في نهائي #كأس_الأمير والكاس سداوي https://t.co/AGKTCBJWuM,0
هذا اللي عيزنا نقوله الكويتيين واحد. https://t.co/HeyRdQNUpL,0
@intrawy1 كوتينهو كان  مميز وصغير  لكن الصدمه ان باعة موراتي بمبلغ رخيص الثور,0
@rashidq85 @just__pen حرام شفيهم في ناس تظن كل شي يضحك ونكت وحق تصوير ما عندهم احساس ولا ضمير ولا خوف من الله,0
@JoaanBinHamad تميم بن حمد فخرنا ومجدنا,0
@KSA24 ثلاثه ارباعهم رموهم في الجنوب,0
@Alalwi13a اخاف مو لابس نظارتك,0
"@F_Muradi 
خل تكون هي بالأول بحرينه بعدين خلها تهايط لينا ☺",0
لا لا ما راح نفتح القفل وندخل. @ Avenues http://t.co/uhCChBSUaL,0
لاتخلينا يابو سالم بن شداد. ترانا ب مشرف وبيان جيران سلوى. 👏 https://t.co/7mW3rdPvqG,0
@9Talal99 الحرس الملكي المفروض مايخصم منهم  موقعهم بدوله حساس,0
اليوم نقدر نقول هذا منتخبنا اللي نعرفه كفيتوو ووفيتوو عيال زايد ان شاء الله القدم اجمل🇦🇪♥️ #الامارات_استراليا https://t.co/q7LXjcI4aE,0
@itc535 وراه مابوه ببريده دكان للنصر,0
"#السعوديه_تقود_اقتصاد_العالم
.
.
يشر بيمناه .. واعيونه على القمه
والخير 💚 شفناه في يمناه واعيونه https://t.co/0tR5TN1lmA",0
"@kwt_pen هههههههههههه 😂😂 و اتفقوا إذا يابوا ولد بتسميه : سيبويه , 

و البنت بيسميها : إِنْتَ سِيْبْ و انا اسيب 😅",0
"خليتني ماعاد لا ارجع والا اروح
ان رحت خايف منك وان جيت خايف

في بحر عال الموج كأني على لوح
تومي بي امواجه طوايف طوايف

وصدمات خوفي منك تحرمني البوح
مدري هو حنا أغراب وإلا ولايف

تكفى تسامحني وانا اقول مسموح
ما يشرب الماء واحدٍ منه عايف
#المهدي_تركي",0
@jaberalajmi5 الافضل هبوط اخر الترتيب وصعود الاول من الدرجة الاولى .. ومن ثم عمل دوري مبسط من اربع فرق يصعد الاول والثاني ليصبح العدد ١٤ فريق ..,0
@RASHAOBIDAT علشان جذي عندي قائمة إسمها crazy mood 😂 https://t.co/LJpofX0LWU,0
"@HawzenATribe @mfrreh_al_subey @memkw10 استاذ حلمي
اشلون مانذكره ياهو يطق طق",0
"مطر ونسناس وبراد وغيم
ليت القلوب بهالمطر تصفى !

إلا أنت وينك ياشبيه الريم
هالجو إسمه : ( لمني تكفى ) !",0
"خذنــي علـى قد شــوقي واحسـاسي
وآسف على الشوق لو يسبب ازعاجك

محتاج لك كثـر ما أحتاج لـ انفاســـي
عرفت وشلـون لامن قلــــت محتاجك",0
@Bentelordon مو انتي قائمة لبلوك عندك 200 تقريبا يعني بدك 201😂😂😂,0
"وفي رواية أخرى يلقبون بالـ "" متسلقين "".",0
@iii_490qq خله يصير في اخلاق اول عشان بعدين يصير في حب صادق,0
اسرق قلبي بأغنيه لأصيل هميم🎶,0
وش بيضْرك لو بقيت مثل بدايتّك وماتغيرت؟.,0
"كيف يفكرون ياعالم ؟؟ طيب البوسني
خليه مدافع رجيب ظهير صاحي واترك
الترقيع https://t.co/PTZcPIkb2e",0
ينطبق المثل عليييه. هوش ب شايب ولا تهوش ب ولد @ خبره بالحياة الله ي رحمه واموات المسلمين اللهم آمييين ☝️ https://t.co/QH6zhcHYWG,0
"@els3b يعتمد. 
ناوي (تتشعب) على من و تمارس عليه (القوتره) اللي صارو يسمونها (بلطجه)",0
حتى تدوير النفايات ينقون فيها الناس الله يعينك يالشعب الكادح حتى النفايات إنتوا اخر ناس ممكن تستفيدون منها,0
@Life_face1 @kelo_7nan تركيا معفنه وريسها معفن ولن اسامح بتطاوله على ولي عهدنا وكل سعودي يحمل بشريينه دم سعودي لا يروح تركيا لما يطيح السحليه قرد غاب,0
@ahmaaadq8 ههههههه خفيت من مرضت😄✌️,0
"@mohamadsalenazi الله على هذي الايام 
يوم كان هجومنا يرعب الخصوم من قبل ماتبدأ المباراة 
صبحك الله بالخير كابتن 🌹",0
"الناسَ تتعَب والزمن حظ ونصيبَ
أحد وجد حـاجته وإحدٍ ما وجد 
كذا الزمن يصَيب أحد و آحد يخيبَ
لكن والله مايخيب الليَ ·̵ سجَد",0
"اللّہ يمسي طيب القلب ﺑ الخير
        اﻟﻠۑ سلآمھ يرسلھ ﺑ أبٺسآمھ /
 
ان قآل انـآا طيب ۆمرٺآح ۆبخير
        ٺبرى جرۆﺣي من حلآۆة سلآمھ /",0
@55hashimi قدامك شهر بعده خالي,0
@moo0oory3322 @YousofOfficial جد تنغثون والا مزح 🤭,0
شرفت الإمارات يا أحمد، وبالتوفيق https://t.co/Lfmog6US37,0
@Nouraaahh عيل شوفي marley &amp; me أكثر شي يزعل بالدنيا كلها,0
@__UWLilljcl @turkialroqi جزاكم الله خير كان مفروض هالخلافات تنحل بينهم مايدخلون الشعوب وصل السب للااعراض والله مايرضنا ولايرضيكم الله يلم الشمل ويحفظ الامة الاسلاميه,0
@OfficialRawann كل عام و أنتي بخير و صحة و سلامة 🎉🎉,0
@GhadaAlfares صچ ،، بس أمس كان أقصر نهائي سيدات ☺️,0
"@bint_almuri غلطانة.. بتلقين نملتين وذبابة يقدمون على قرض.

هم مستعدين يأخذون فوائد حتى من الشجر اللي بالشارع.",0
"احلى صدفه من غير ميعاد ،
واجمل يوم لا شفتك قبّالي💙",0
سلام الله على امير المومنين.. يا حلو حبه وياحلو ضيافته ❤️,0
@MuttarALR بيتقيبوااااا الكلااااام لنفسيكوووواااا ليييييييه🤦🏽‍♀️🤦🏽‍♀️🤦🏽‍♀️,0
@omanisonly محد يستاهل الطرد غيرك يا حاسد,0
@72Emad نسيت النخي الأخضر بوعبدالله,0
@mansoor_737 @AlWaslSC @belquhood صح المفروض الأكاديميات الخاصة تشارك بفرقها.,0
"بسك من الروحات لا تكدر قليبي 
شاغبني فيك الليل والشعر والنجمات
بسك من الروحات",0
شايل اللوزتين و انا عمري ٤ سنين 🤷🏽‍♂️🤷🏽‍♂️ https://t.co/jVJ8bfY06j,0
"@fadelomani امممم مع احترامي لها ""مااهضمها ابدا""😑",0
@hebtaa @_3fraa ظميني مع اللي ما بيهاجمونج  و اتريا العزيمة🤚,0
@MAJEDALKHELAIFI وانت صاااااادق 19مجنس مقابل 1قطري.. هههههه,0
"@a__aden والله بن دغر ماوعد حد بالانفصال هههه وش كنتوا تسوو معه سنتين تتگتكو والان نهايتكم فنادق ابو ظبي يامطلقات وبقايا الشرعية😂
بن دغر يتمدد",0
@kawtarbl1995 @abidi_habibatn @mbcthevoice @elissakh يا بنتي معندهم وين يوصلو معندناش زهر أحنا في البرامج هذي,4
#اطلاق_نار_في_حي_الخزامي... مادام هذي هالاشكال تمسك 10 مناصب والله ماراح تشوفون الخير ماصارت 10 مناصب 👇👇 https://t.co/sq5d5ELxNp,0
"@hantoashh
احتاج عاقل يبين لي ما ضرر مضيف يقدم خدمة الاكل و الشرب للمعزين",0
"@m_alraeesi_ae حياتنا كلها أقساط بأقساط 😂
حتى بالساعات",0
@Andalosy_ @ok1aj ماعندنا مشايخ في قطر مسجونين مدري من متعلم التأليف وش دخل قطر تبيع الخمور السعودية فيه خمور ترى ضعيف بصيرة,0
@Nina0kuwait كل سنة وأنت بألف خير يا أغلى أخت.❤️🌹,0
"@n_aleasa دكتوره نور تسوين نفسك غشيمه بحر قطر يااختي ؟
أحلى مافي قطر حرها
حلاتين عليك وانتي تنصهرين نهاراً من الشمس وتختنقين ليلاً من الرطوبه
(اللهم أجرنا من حر نار جهنم)",0
@Mog_Oman سيكل سيكل اشتريلي بترولكم حالكم 🖐🏼 لا حول ولا قوة الا بالله 🚴🏻,0
"@AliKuemkh احسن عشان مو كل من هب ودب يروح المنتخب 
شوف الدوريات الاوروبية",0
"اغرب انتقال

كل الانديه كانو يتهاوشون عليه

بنهايه راح بتيس 🙄 https://t.co/pBXkH94qGS",0
يقولون ان مارلين مونرو كانت تتلصق فيه بس ماعطاه وجه 😁 http://t.co/tyasqQNYBB,0
@MlyYousef ونعطيهم ١٠٠ مليون .. اهم شي نتخلص من بيل 🤣🤣🤣🤣🤣,0
@FahadBuzwair @Qtrflag انتو موظفين بس اليهال شنو ذننبهم ليلحين يمتحنون و حتى احنا الاهل نفسيتنا تعبانه,0
"يانوم قلي وينك اليوم يانوم
عيني سهيره ما اعرف شلي جاها
لاجاءالنهار تنعس شوي وتقوم
ول اقبل علي الليل جاها بلاها",0
@osama_ae الله يزيدك من نعمه :) ، بس لا تعور قلبنا بموضوع الاجازات لوول,0
@fk03_ مابينسى يواجه ويكون قوي,0
"#تنور_الكويت_ياتميم
مرحبا ومسهلا بشيخ دارنا الثانية قطر العز ام الرجال الزحازيح
مرحبا بذمتي ياتميم العز والفخر
مرحبا بالحشيم بن العود الحكيم",0
@Pro_Gentel بس وضعية سلاح الخال عجيبة غريبة 😂😂,0
@sh411637 @alzeen1122333 @Manama9200Ahmed @umusuf @ALSHAHEENNN @HAlbahrain1 @Salah65729413 @JihanMohammed1 @hamdolla120 هلا جويريه شنو ريوقج اليوم ؟؟؟ يالله يواعه 😀,0
"@abofaihan89 @Rayed_8 تسلم يابو فيحان 
ولاعدمتك ماعليكم زود
لاعدمتك",0
"حسبتني لا ضقـت ... جيتك تطيب خاطـري
وحسبت إنك تجاوبني أبشر و يسلم خاطرك
أتعبـــت قلبـــي و الشـــوق أتعـــب ناظـــري
كنهـا الدنيـا حالفــة ... لــزوم أتعــب ناظــرك
أمشـي في دنيـاي و الـدروب جابـت آخـــري
وليا سألتـهـا قالـت تــرا هــذا ماهـوب آخــرك
#عبدالعزيز_الرويحي",0
ما احس الككاو والقهوه  مفروض ينخلطون,0
@Kaalali استغفر الله العظيم من اللي نشوفه,0
حياكم شباب بث مع كويك سيل 👏🏼😍 https://t.co/ExNHPnPKvq,0
@Almadina_Ask يعني هيا مفكره ماخذها لسواد عيوانها( بالمختصر),0
@mohdalsuwaidi7 المشكله قراراتكم ماتجي الا الفجر يا صباح الخير وش السر ؟؟؟؟,0
@saudiFF يعني غرامة اللي يرمي ٢٠٠ علبة مثل اللي يرمي ١٠ علب؟؟يا لله العجب؟,0
"تاخذك الأيام .. وتودّيك وتردك 
ويخونك الوقت وتعوّد على الوافي",0
@alsafir_1M نعم مرضى السرطان يعاملونهم لجنة الجحوش عالانتظار ولازم واسطه ويموت المريض بسبب اجراءاتهم المعفنه واذا شخصية ومقتدره تسفر ثاني يوم اذا مو بنفس اليوم هذا اللي حاصل والتلاعب ومعاملة المواطنين باسوأ معاملة وكل المسؤولين يعلمون ولكن قلوبهم ميته,0
"@omania_i 
1234

بعدين هذا يسمى "" نحس "" ، الشركة مالها ذنب هههههه",0
"شيء يعور القلب لما تكون محتآج شخص
 لكن إنت مجبور تبتعد عنّه !!",0
@Oman_events @OMN_4 ما شاء الله عليك اخوي محمد ، بيضت الوجهه,0
@yyqtr @OoredooQatar لايكابرون ويقولون احنا مش غلط هل يعقل كل هالناس غلط الا هم الصح ؟؟,0
"@Sfo7654 @Mstahlekq8 اوافق على كلام الاخ.مفروض تدفع مو تداحر العامل،وبعدين تشتكي عشان يرجعلك حقك
العامل موجود عشان يستلم الفلوس مو يناقشك",0
@habebGood الموضوع قديم وتم حل المشكلة مع الشركة واستبدال الخزان,0
@thearabsvoic اصلا مافي عراقي صوته ما حلو... والأحلى اللهجه العراقيه من تسمع كلامهم ماتشبع منه😍,0
@F_Al_Jabri احس الجو حر عندك ؟,0
@naif313 انا تبريت من جزء من أهلي عشان قطر 🙂,0
"@Ayman1Com 
تو بيسوولك أنفولو 🌚
#مقاطعه_عمانتل_واوريدو١٢",0
"تدري وش اللي تعتبرها مصيبه ،،،
إليا فقدت إنسان غالي وهو حي ،،،

وتدري وش اللي تعتبرها غريبه ،،،
إنك تضحي والمقابل ... ولا شيء ،،،

#بوح #مما_راق_لي
#البحرين https://t.co/poAQVpfU1v",0
"عندنا مثل يقول 

( يا خابه يا باركه )
،
أو التصريح عبارة عن إستغفال الجمهور https://t.co/hHGU8b5HqL",0
ي حظ بن عاقوووول @ صج بو حظيييين  https://t.co/xHI0sXYQGk,0
@brj202029 هذي اكبر مشكله تواجهنا نبي حلول ونعطيها اكبر من حجمها لين نحلها في الوقت هذا يروح منا جهد وفكر وكان مافيه الا هالمشكله وصبورين لين تنحل 😭,0
@Oldest_Snake لو ما عدته ما بتكون خسارة كبيرة الاهم انهم قدروا يحافظوا على زخم المبيعات بدون تخفيض السعر مع اني اتوقع المليون,0
@shorta_mashaher انت الي المفروض نعملك un follow,0
@ilitev1 الزمن هذا صار اهتم في نفسك ودلعها ولا تنتظر  يجي احد ويسعدك  الان مامنهم الا النكد والكذب🤚🏻,0
"""@Bin_Mani3: الفكر لامنّه تقلّب واستدار يعرض شريط الذاكره في ثانيه لو ان كـلاام الليل يمحيه النهار ما كنت افكر فـ السنين الفانيه !""",0
"مابي الصُور و لا السهَر و لا العطر !
أبرتويك ، لـ / حد ما فيـني - ضما -

عندي : قُمر و نجوم ، وغيوم و مطر
أعطيك - كل هذا و تعطيني ( سما ) !",0
"في عيونك سؤال وفي عيوني جواب 
وسالفه محتواها وين انا وين انت",0
يا جماعة من عنده رقم عمار العزكي الاتصال او الواتس يرسله لي عالخاص وأكون شاكراً,0
الحمدلله على كل حال ،، ما مكتوب لنا الفوز اليوم ❤️💜,0
@almaniahcom @GermanyTourism اعجبتني كل الاماكن في المانيا مثل الحديقة الانكليزية و متاجر غاليريا كاوفهوف و ميونخ و بادن بادن و شتوتغارت و زرت معرض السيارات مرسيدس,0
@iSRT8 عطني انفرادات هيغوين وخذ بطولتين🎯⚽️,0
"صباح جميل يا اهل الكويت يمكن اليوم الله يريحكم من ثرثرة وقرقة نواب ما كان اسمه مجلس 2012 .
صج الطراق قوي عليهم ؟",0
@Dhahi_Khalfan ترى لجيتنا يا اخي ، انت مش انت وانت سكران 😂,0
@Anwarghamdi15 @JoaanBinHamad @AdelAliBinAli والله انك ماتستحي عقلك عقل بزر انت انسان تافه واللي اتفه منك اللي يقول أجلد حمدالله والشكر العقل نعمه,0
"الله يا عمممممممممممري #قطر 

🇶🇦🇶🇦🇶🇦🇶🇦🇶🇦🇶🇦🇶🇦🇶🇦🇶🇦🇶🇦🇶🇦🇶🇦🇶🇦🇶🇦🇶🇦🇶🇦🇶🇦🇶🇦🇶🇦🇶🇦🇶🇦🇶🇦🇶🇦🇶🇦🇶🇦🇶🇦🇶🇦🇶🇦🇶🇦🇶🇦🇶🇦🇶🇦🇶🇦🇶🇦🇶🇦🇶🇦🇶🇦🇶🇦🇶🇦🇶🇦🇶🇦🇶🇦🇶🇦🇶🇦🇶🇦🇶🇦🇶🇦🇶🇦🇶🇦🇶🇦🇶🇦🇶🇦🇶🇦🇶🇦🇶🇦🇶🇦🇶🇦🇶🇦🇶🇦🇶🇦🇶🇦🇶🇦🇶🇦🇶🇦🇶🇦🇶🇦🇶🇦🇶🇦🇶🇦🇶🇦🇶🇦",0
"#بلاغ_الى_الفريق_سلطان_النعماني
آه على البﻵد اللي تنآم موآطن.. وتصبح ما معك جنسية !!",0
إلحمدلله عدى هاليوم ،، وكان من أسوأ الأيام اللي مرت عليي ،، ؤانتهى اليوم بحادث ،، ؤالحمدلله أني طلعت منه بدون أي أصابه،، إلحمدلله على كل حال,0
أنتبهوا لدهاء الخدم بالسرقة👇. https://t.co/3xtMSLgXm6,0
@MohammedTomaihi تستاهل الخير  يا وجه الخير ربِي يوفقك دوم 🙏🏼,0
@QeenH هلا كوين 💕🌹مساء الهنا و الرضا,0
"اتأمل كيف أعيش المستحيل !
والأمل وياي .. ماحقق منُاي

لي متي والدرب قدامي طويل !
كل مَ ما أكبر تكبر أحلامي معاي",0
سلامي لربعنا اللي في صلالة ... https://t.co/xuv3CSLdhR,0
@osgaweesh كلوه كوم .. (وياالله اللي بعده) دي كوم لوحديها.,0
@9otae ماعليك زود ياسعيد الطيب والزين مرباك,0
@Znouwbsh سبحان  الله لازم تصيرين رفيجتي https://t.co/p21bsjURTg,0
حتى ولو سميت مولوووووودك سوق منبطح والا منسدح @ تخلف الله ماكوووووو شي اگضب الباب 🤣🤣🤣 https://t.co/bc7NmpH262,0
@izx01 المفروض م تدخلني التحدي لاني م ف الوقت اخر شي نتبهت للفطور 🙄,0
"البرد مسوي نفسه مثل موظف الحكومه
يجي يبصم الصبح
وبعدها يروح يتريق وما يرجع.

🌝صباح البرد🌝",0
ابي اشرد من هالجو الصاخب 😥,0
"شكيت همي للبحر 

قال لي انت كم مرة تعيد نفس السالفة😂😂😂",0
@JeeL_eL60s اللي مو معبرج يشرب من ماي البحر ليما يفطس !!!,0
@nnll12n @f9oo آبيچ تتقين الله في نفسچ ، و تستغفرين ربچ ، و لا تحسدين الناس على رزقهم ، و اللي عطاهم ، و إنتي قاعدة إتذمرين على عطايا رب العالمين ، قادر  يعطيچ مثلهم و أكثر ، و يچوف هل تتقبلين أمره و تصبرين ، أو بتذمرين بعد على أمره و حكمته,0
@Jurgen3ziz @Phil_Coutinho @emrecan_ ما عمرنا فزنا بالدوري ومن طلعنا اخذناه,0
@alraff3 😘😘مشكور  اخوي رفاعي تسلم,0
@77620db88e6f4d6 عارف انك رياني عشان كذا قلت لك هاردلك,0
@bin_shaheen52 @bahraini_girl5 @manalabdulla99 @3anoodAlThani @Benguennak ادله خلاص طفح الكيل وكل شي صار ع المكشوف لانه القطو العود م يتربى ف يبي لها جلد عشان تعتدل,0
@0saudi09 @A_K_JE بأمكانكم تنواصلون من المسؤلين في #البحرين بطريقة مباشرة،أبوابهم مفتوحة،بدون النشر و التشهير على التواصل الإجتماعي #إلا_البحرين،إحنه عندنا أشياء وايد عليكم إنتوا يا السعوديين الأصليين مب المجنسين ، ليش ما نشرناها في لتويتر ، لأنه نحترمكم و ما نرضي عليكم،و نتمنه إنكم تسوون نفس الشي,0
@nasser19999 خبر ألعبريه انهم زادو المهله لكن بنحتفل ماعلينا منهم ،، احنا مانبيهم لو يصبرون عشرين سنه بعد,0
الحقيقة المُره : باجر دوام !! #عيد_مبارك #عيد_سعيد,0
"@boushehri66 أيامك سعيدة 
ويعودك بصحة وعافية 
ويعلي قدرك وشانك",0
"@Noon_210586 شواية اللوز، تراكم للحين ورا الشبك، محلكم زين، وشخبار بعد...

#ماخفي_اعظم",0
@alshaammari حساااافه ماراح نشوف  القرش الي بيحطونه لنا,0
"@alshagra1 قليلة ادب هذي تربيتها
ماذا عملت لها وزارة الداخليه
اصلا احنا مانبي هل اشكال
الوسخه بلدنا
تنثبر بديرتها
لهطت فلوسنا بكل الطرق",0
@SRashidSH مبروك... نفس النتايج مالي🙊🙈,0
"رامز صار كوبر
فهد العتيبي صار جابر المري
فارس عوض صار عبدالله العبدالله

تركي الشيخ بيصير سعيد العويران",0
@AmAlahbabi1 @majedalraeesi1 وربي  محد طرطور إلا أنت اقول روح اقراء تاريخكم الزفت وبعدها تعال تكلم  وثاني شي أنا مارد ع طرطور مثلك وجاهل ✋🏻,0
"@AL_HOWGEL الذيابي والله انه ماذخر غير الذيابة ..

الله عليك يابو نايف وعلى جزالتك وعزالله انك ماخليت من الجزالة شي 👍🏻",0
والبنك والصرافه ياخذون تحويل علي الكويتي https://t.co/PQ5nPBF4oj,0
@m7s_900 انا ما أنافق بالعكس انا أتمنى الخير للشعب السعودي فيها أهلي وقرايبي لكن من ناحية سلمان اليهودي و ولده الخبل لا ولله بموت ما حطيت لهم قدر بياعين القدس ومن غدروا فينا في رمضان ويمشون ورى عدو الله والدين شيطان العرب ولد النعاشه محمد زايد والمراعي خله لك المغشوش,0
@AcMilan2022 @MOI_Qatar اذا انت مدير كبير بيفتح معك,0
السموحه منكم يا شهدائنا وابطالنا مو طالع بإيدنا شي يا رموز لكويت احمد قبازرد مبارك النوت اسرار وسناء والبقيه http://t.co/Mtg39EqSwE,0
@YazanEzzedin الله وكيلك المشكلة انو لحالي شايفو ازرق ما عندي حد يساندني 😂💔,0
@Omalfahaad يعني مخليلك مخليك ،،، طيب من هو الي يحبك ولا يخليك ????,0
"@Broken_angel_82 مبرية الذمة ومسموحة 
أجر وعافية 
كلها چم ساعة وتقومين بالسلامة وترجعين لمحبينچ بأحسن حال 🤲🏻❤️",0
@zelzal_qtr @MbinA15 شت هاي من صجه اسمه الزق 😂💔 عمي روح غير الحمام وانتوا بكرامه و عقب تعال ناقشنا,0
@Aabomay1988 خلي عنك القصيد مارح تفهمون لن العروبه منزوعه منكم بس شوف الي في الفديو تعرف قصدي,0
"@SaraAlqaderi @AlshahabiYousef الترتيب والنظافه واجب وشي ضروري 
بس هذيله ما عندهم سالفه بهالكشخه اللي مالها داعي هذيله رايحين يستعرضون هدومهم وماركاتهم  وباچر يقولون تعرضنا حق البوق والنهب  طبعا اكيد راح تتعرضون لهذي الاشكال من المجرمين",0
@azisiri عليه بالعافية بس خل ينطرني ايمعهم,0
@DrM_alhuthify انشر حسابي. ياااادكتور محمد.... وأنا أدعيلك,0
@nono_1893 واذا خلصت البطارية خليت اخوي يعضها ..☺,0
"@ariyadhiah ومن قال لكم اننا زعلانين عليهم .. بالعكس انا وكثير مثلي مع النصر بكل احواله .. انه العشق ياساده

بالله عليكم في احد عاقل يزعل من اللي جابوا الكأس الاستثنائي رغم كل المعوقات والدسائس والمؤامرات خارج الملعب وداخله..

كحلوا عيونكم👇👇 https://t.co/XsUYjmAkgn",0
@fdeet_alnssr @Nasraoui_AlHawa بدون حلفان ماحنا عارفين,0
اسرح بحكاويه يا جعل من جابه الجنه ♡,0
صباح العذوبة .. شيء عندكم الْيَوْمَ حر ولا رطوبة ..,0
صباح الخير منو قاعد؟ وليش قاعد؟,0
@majmoatinsan_1 @hadi_elzein63 @shaheensulaiti @Alkaabi69696 احرار قطر حن وحن نقولك مالك الا خشم البندق لك ولمعزبك وياعز ولا عزى 🇶🇦,0
@NbntQ وي طلعتي انتي من ضمنا أحنا القطريات اللي العساكر الأتراك تهجموا علينا ف الشوارع.😂🤣😂 حسبي الله عليك يا راعي الهشتاق أنت وخمتك 😂🤣,0
@MBahbahaniii وانت بخير وصحه وسلامه يا صديقي,0
"@almarashda67 @a_obaid77 
رَوّح العيد وشذاه فيكم باقي .. مباركن عيدك",0
@NiveenR بالضبط قصدهم Spanish steps.. قرأت تقرير من مغرد مهتم بالسياحة بأن إيطاليا من الدول الى بدت تتذمر من كثرة السياح و بالتالي طلعوا قوانين غبية تطفرهم 😶,0
"@bof9laa 
 مجلس الوزرا مايقصر بس ناطرين الشعب يعلق چياس قرقيعان برقبته ويروح يقرقع عندهم وبصوت واحد سلم الحكومه يالله خلها لأمها يالله",0
@nasser19999 تقولك اللي عندي اصليه,0
هذاك اول. الاول تحوووول.  تعال بس ولا تكابر 👇 https://t.co/EsDBiSCMBD,0
تسريحة لاعب قدساوي مشهور لا يزال في قمة عطائه .... بس ماني قايل اسمه اكيد عرفتوه https://t.co/fCSwNkA2FV,0
@vip___ll8 دوري صامل إذا لقيتي اكفخه معك,0
@al_Ma6l3i شكله مريض كالعادة .. بسس ليش بندر احتياط كنا نحتاج عرضياته اليوم ..,0
@prinncess110 @alkuwari_1313 @II_MBROOOCA @alsheka10 @sultanali1234 @missjojo_89 @Greenland45Omar @Salem_alkas @shamshoooom200 @_um_sahal_ @Hadef4 @KhaleDossari @hnadbent_h @XcbRm @eveqatar @jjjj_84 @Mohd_almemari @ALMTAIRI997 @mohd_alkhatri @H6GyCDzSmEb0yeO @GrorNar @Loolymoon__ @mhll_1 @mofti_alwibar @mtfCZnDGxG1UdKV @HamadMalki10 @almansoori138 @DrWalyazeedi @Qtr_Qtr_Qtr_ @Fuca2juxu79Ip6B @sheikha500 @doha_qtry1 @qatria_w @TheebAlAmeri11 @delpiero1897liv @chasing61964323 @loird1 @Athkkkary99 @mmlo7qatar @doha_one @SarrarTarek @212Benz @5wjsfB @NasserRALKuwari @Saudi_a900 @AJgudfather @7mdaan_x1 @ScarLight2012 @tamim_al_majd_ @Almotawa_F ان اهدد واجي واحد خشمك وادوسه مهب انتو يا عيال زيتونه انا ولد تميم طال عمرك والي يطوله نلعن ولدين ولدينه تحمل من عيال تميم 🇶🇦😉👌🏻,0
"@Mrbrary ليه تقول شلة الامارات بل لازم تقول
مرتزقة الامارات وهذا الخروف الخرفان
مايقدح من راسه فتش ع معازيبه",0
بلسان وبشهادة أفضل اللاعبين اللي مروا على تاريخ منتخب الإماراتي وقالها لي حرفيا بان #سامي_الجابر مدرب عنده طموح وافكاره ممتازه وله مستقبل,0
"@SHNAS_700 سكتي سكتي عن يكشفوش

عقب تبتلي بواحد عينه حاره😂😂",0
يا ويلي من تغيب تخرب حياتي 💔,0
@ABOMAQBEL يا ما للجنة ابو مقبل الله يجزاك خير,0
كارفخال فاقد التركيز والله,0
"اموت ۈاعرف بس وش جاك مني  
احد على تعذيب قلبي موصيك
ما فيه احد كثرك بقسوه طعني 
وانا أللي دوم اقول فيني ولا فيك",0
"يبون يتحكمون بالناس مثل ما يبون ،،،، وإياك تبطل حلجك ..!!
نعم هذه الحرية الجديده

تتكلم يسجنونك
تتنقد يسجنونك
بوق 
ارتشي
تنحط فوق الراس",0
@Alialkhames35 @abeeerggg الله يحفظها ليش رجعوها مع خواتها انتم ماتخافون من الله شنو كفار قريش بسكم ترى مصختوها الاطفال احباب الله ديرو بالكم ترى الله يخسف فيكم والله,0
@NEW_WATN @Hassan_alsai يا كثر التشخيص الخطأ اللي يأثر على نفسية المريض ويخليه يسافر على أقرب طيارة للبحث عن علاج وآخرتها لين سافر قالوا له ما فيگ هذا المرض .. يطير مسكين من الفرحة,0
@LetGoq8 @AhdiAlmarzouq ياعم ناصر هذول مضاد حيوي عند اللزوم ومسكن للألم من مشاكل المرياع وربعه ( عرفت كيف),0
"الواجب اللي عليك من الخوي تمه
شرهات الاجواد ما تخطي معارفها https://t.co/1MHY1LWsnW",0
ناهيك عن الحريه الزايده والطلعات لبعض الزوجات الله يهديهن وبعض الرجال ما يبي هواش او يبي الفكه وواحد يهيت الثاني ولا عزاء للأطفال  اول المره والرجال ما يباتون بره البيت  الحين طبعا اتكلم عن البعض وليس الكل كل واحد بوادي سفرات شاليهات كوفيات   ثمن المدنيه دفعها الاطفال بالاهمال https://t.co/hJ7JQIe1VU,0
ايش هو المجال اللي تحس نفسك مثقف فيه؟!🌚 — اقرأ في كثير من المجالات https://t.co/Ppnh0tH3su,0
@Naser2006_FT @mohamedhujerat @calcio_q8 لما تروح وتشوف بعينك إجراءات الشرطه اللي تعتبر صحيحه ١٠٠٪ راح تعرف ان الكورفاسود عباره عن مرتزقه,0
من زود غلاته ما يسده الوصف ..💛,0
"في يوم ميلاده نزف التباشير
نصنع فرح ونعيش لحظه سعيده

 #ميلاد_اسد_الامارات https://t.co/MWkOrekbvZ",0
@rational800 @SUN271073M @1990kowit طيب الله انفاسج😂 محشومه من البلوك,0
@Altamim20682273 ماعليه شر ندعيله بطولة العمر,0
@MohamedBinZayed ربي يرحمة و يغفر له و يطول في عمر الشيوخ,0
يسعد صباح قلب فيه الطيب كله ويسعد صباح وجه من قابله مايمله,0
"احترموا عقولنا شوي ! 

سب وقذف وتطاول ما سمعه القريب وسمعه الحكم البعييييد 🤨

تذكرت ضربة الجزاء اللي محد شافها الا الحكم الرابع البعيييييد 😏

فكونا كلما خلصنا من فيلم طلعتولنا بمسلسل

بس صراحة جمهورنا تجاوز كل الحدود ، يسبون شخص ما يعرفونه 🤔🤔🤔

ماااا يعرفونه ويسبونه 😣",0
@6nkr والله فريقكم قدم مستوى بس مالله كتب ..,0
كل من بغى يفتح موضوع و يبين انه صاحب رأي ويتفلسف جاب طاري قطر 😂😂 شعب منتهي #السعوديه_يهمها_جمال_خاشقجي,0
"والليالي مالهـا معنى بـَلاك
المفارق جرح واللقيا شفى",0
"@bader_nasser قبل السروه
آكو مثل الكويت ؟",0
"@nasir_alarbash كنا نتحمل صوتها يطقطق ونطالعهم  انزين الوناسه لهم مو لنا اهم يفترون ويصعدون وينزلون .... كنا قنوعين والله 🤔 جيل الحين خواره

ادري موضوعك عن الحريم وفراره السوق بس حبيت ابدي راي باللعبه 👌👌👌",0
عنده طباخ و سايق و ٤ خدامات و كافل ١٠ عمال .... و يقول ليش في وافدين بالبلد!!,0
"فهد المطيران الله يرحمه

توفى قبل يومين وحصلت هالفيديو بحسابه اسئل الله ان تكون صدقه جاريه له اتمنى منكم نشرها https://t.co/0MjEkXJjzR",0
"خط الدفاع للبايرن 
زوله اصفر
بواتينج اصفر
لوكاس اصفر

مدري وش اشقول 
بس شكله غباوة",0
"كل المدربين يعطون مهاجمينهم ثقة الا الطنق فنغر .. بدال لا يخلي لاكازيت يفك نحسة يروح يسحبة وباقي ٢٠ دقيقة على النهاية!

مجامله غبية لـ جيرو",0
@mohd595 @Qatarx87 @abqatar انت بس استريح وفگ الناس منك ومن حقيقتك 😂,0
"زايدين هالايام الي يدشون عليك ويسألك شسمك !؟ ومن اي عائله!؟ ووين ساكن!؟ وتعرف فلان !؟ وانت تتسائل هذا اش سالفته وبالأخير تكتشف كل هالأسأله عشان يقولك انا اعرف فلان ومشلي مصلحتي او معاملتي

قوم اطلع بره لا باركت فيك ولا بفلان الي تعرفه",0
"انا انا وابقى مثل ما انا انا
هذا مكاني والمكانه باقيه
مثل الجبل ثابت وعمره ما انحنى
ماكن وله قمه عزيزه عاليه

قل للقلوب اللي يخوفها العنا
ان البحر ما هو بمثل الساقيه https://t.co/41Qpohnc13",0
@uaedivers @Dr_Desires تخيل اتحطي التيلفون في مخباك ،،،،,0
@faiisllz @msstol @_a7medx ما فهمنا وانا اخوك,0
@m_audin @im3ax انت عارف كنت اعاني من نفس المشكله في حسابي وطلع ان فيه عطل رجع تصلح من نفسه مدري كيف,0
يوم كنت في الإبتدائي كنت اعيد واطق باب الجيران بروحي، فيني شي ؟,0
مع احترامي للجميع وعن تجربه الايراني ذول عمرهم بنايين https://t.co/8E6t67xkHc,0
بصراحه ابي شيئين الاول م راح أقوله بس الثاني ابي مليون علشان انسحب من الكلية الي فيها و ادرس تخصص انا اريده ولي رغبه فيه #قول_بصراحه_شنو_تبي,0
ياجماعه لا تسوون لي جي وتوهقوني بالوداعات ترى مااحبها بشكل عام  🙂.,0
@f55599845 @fl_700 ممكن يتزوجها .. اذا ثقييييله ومو معبرته يهد الدنيا عشانها  ..,0
@Oldest_Snake @raulio @OutputOmar لهالسبب بسوي ليك انفولو لانك سايلنت جارديان لانك تويتر نايت,0
@Ahmad_alkhatri @shooqnnaseer @UAE_BARQ ايواااا بس اذا عرف السبب بطل العجب. توي انتبه,0
والله انتوا ناس ما تستحون ينتفونكم وتردون 😂😂شنو ويوهكم 🤧🤧 https://t.co/mhIYzpWkxE,0
@A_AlMakhmary اها غاوي ، لا تسوي هالحركات مرة ثانيه,0
@omah_kuw يعلم الله ان الاربعه رجال وفيهم خير ويستاهلون الوزاره,0
في إختراع لازم فئة كبيرة من الشعب يفهمون أنه موجود عشان البني آدم اللي وراك ما يروح فيها!!! 🔥💥 https://t.co/5fwTQTPkJI,0
"الشعب حاشه دوار البحر من كثر ما ⛵️المركب سمااااااري!

تكفه نزلوا الباوره⚓️ ذبحتونا",0
تم الانتهاء من المسلسل اللبناني #دولار #dollar من انتاج #نتفلكس #Netflix ، المسلسل حلو والممثلين مبدعين @adelkaram9 بس ١٥ حلقه واجد ، كان يقدرون يسوونه فيلم من ساعتين او حتى ساعتين ونص احسن بس صاير مماطله في الاحداث تخلي الواحد يتملل. والنهايه بعد مو مفهومه شوي.,0
@hfc_bar9 تستاهل يازعيم واتوقع لو تسوي مندي مطازيز  راح يتضاعفوا,0
"لازم تطلعين جتفج من الجاكيت ولا ما تصيرين كول
#منو_قام_يقول_كول_٢٠١٧ !",0
@Khaled_RJ @oamaz7 امانه لك وجهه ترد  استحى  😂,0
@ONN_1 ان شاء الله يتعقبوهم بالانتربول ويحصلوهم ويعدموا اللهم امين يارب,0
@_omanprojects احساسي يقول مشروع فاشل,0
@ajahrami1 ان شاء الله من الخوف اتصيده سكته قلبيه ونفتك منه,0
"قال علي بن أبي طالب عليه السلام:

""إن الدنيا دار صدق لمن صدقها، ودار عافية لمن فهم عنها، ودار غنى لمن تزوَّد منها، ودار موعظة لمن اتّعظ""",0
@7amedAlHashmi @SerSalem_ الله يطول بعمره ويحفظه يارب.  شوفته ترد الروح,0
"والي رفع سبعً ، اني جد حبيتك 
محبة الي ما سولف بك على ربعه !

وإني عطيتك غلا واحساس وأعطيتك 
ما لا عطيت العذارى نصفه و ربعه",0
@KKSA2030 بعدين ساره جابت اسم لكويت في التقرير قومت الدنيا من السب وبعدين وانتوا مع ساره تسطفلون ،،، بس تزج باسم دبي في ردك عليها ليش شو دخل دبي في الموضوع رد على المعني لا تيب طارد دبي وتجر شكل مع الدول خلك على قدك. الموضوع بينك وبين ساره.,0
"@d000gp @aa_arabic شيخنا شيخ الشيوخ وتعب وهو يرقع لكم تهوراتكم،، وجابكم تلعبون كرة عندنا الى ان يطيح الحطب وتركدون شوي،،
ونجح والحين انتو رايحين تلعبون كرة بقطر..

عرفت شلون شيخنا شيخ الشيوخ؟
فهمت ولا بعيد عن فهمك؟

شيخنا استاذ سياسة ووزير خارجية قبل لا ينولد اللي ببالي",0
@khaledaa28 @MrSharjawy @Alwsl_123 محد قال نبه اللقب و بسكم بربره و هذربان.. كل ها زايغين من الملك الشرجاوي..,0
@Kuwaity__7r ما عاد الا أهل الطبلة والمزمار يقولون لقطر وشعبها بروا ذمتكم !!! ما عاد الا انت بعد !!!  الله لايسامحك لا انت ولا الي وراك ..... وقطر وشعبها خايفين الله من اول وتالي ويبقى الشيخ تميم في عز وفخر .,0
معقول يوقف معاهم ضد عيال بلده😡 https://t.co/dYleKPI3m0,0
@nasser19999 @bntalnaemi هتوحشنا يا عم خان,0
للأسف ترقيعي للمشكلة يسوي مشكله ثانيه مالها شغل بالأولى.😂😂😂,0
@jAlthani007 بخير الله يعافيك .. موجود في الدوحه وله للحين برع,0
متصلين فيني بولغري واسمعه يقولي برقري وكل شوي اقول وين وين 😭😭😭💔💔💔😂 لين قالي اختي بس كنت بقولج الاسواره موجودة استوعبت 🥴💔,0
@almudaraj1 يعطيكم العافيه علا المجهود والجو اليوم ماله حل 💚💚💚,0
"ليتني ويآهہ في سجن ﺂنفرادي 
وياحلات ﺂلحبس لا صرنا سويـهہ 

دآم ﺷوف ﺂلخل هو غاية مرآدي
رآضي بحكم ﺂلمؤبد وش عليّـهہ

5C292DCB",0
@AliAlmslmani @mbc1 عطيتهم اكبر من حجمهم 🙄,0
@f1aax لك الف ريال ان حصلت,0
@JumanAlfadhli كانوا صغار بس ما يمنع، صوري المشهد بعد راح تنشهرين في حساب المجلس 🤣,0
@alihibah انت يا علي هبه،، من سافرت مع المنتخب الى استرالي٢٠١٥ لتغطية بطولة اسيا ال ١٦ وبعد الخبر اللي كتبته عن هوشة اللاعبين وانا غاسل أيدي منك وللاسف صحفي متعصب لنادي معين انا لا اثق فيه ولا في أخباره؟,0
@Mkktarat عادي مستعد اسافر وقت الظهر والدنيا حر,0
ﭔﺂ ليت نقدر نعرف كل شخص ونعرف شعوره تجاهنا كيف؟!,0
"@Omar_Dahamsha الاخ كان حاب يقول حديث عن الرسول (ص) : كلكم راع و كلكم مسؤول عن رعيته.
لكن خانه التعبير",0
"#ماذا_تقول_لمن_يراقبك_علي_تويتر http://t.co/h4ZgUGILAj""",0
@AlJabr_Laundry الله لا يحللكم يا نصابين يا أفشل المغاسل,0
@ali_alshahrane ديكهم يثلّث ولا قلت بيأذن 😉,0
@Majid_9953 كان يامكان البرازيل من زمان,0
@hfc__911 ومين مايشتاق لك يازعيم,0
وااايد مو حلو لما أحد ما يمون عليك يدلّع إسمك,0
"معالي الوزير طال عمرك يصير نبذخ بحب الكويت ولا ما يصير؟

ملاحظه:الكويت اهي راس مالنا ونبي نبذخ براس المال",0
@Malak_xi لما تقرري تقومي اول الصبح🌚,0
"بما أن هالفترة امتحانات وتسليم بروجكتات..
طبعاً لازم يكون في تنافس في قروبات السكاشن على الاسئلة الغبية، كل واحد يقول الزود عندي 🙃!",0
@officialamro1 مع بلوفر مقلّم بأبيض و إسود,0
سنه ٢٠١٨ شكلها بتكون سنه قشرة🙄يالله سترك💔,0
@Nody045 @FahadAlkubaisi اقل من اللي تتخيلينه😆,0
"ما حد بيطير ب المنخفض الجوي إلا هذيلا..😂

#منخفض_الغيث https://t.co/DimUJbR2l6",0
"يا جماعة من يوم طلعن الهاشتاقات والانترنت صار بطيئ😷
 #مقاطعه_عمانتل_اوريدو٧",0
"أستجواب خرطي

الحكومه ماشيه في سياستها مو  سائله بالمجلس..و  الوزير أذا أسقط و الحكومه تبيه تعطيه منصب ثاني",0
"#حياتك56
في فقرة فواز الحارثي
يتكلمون عن الآباء
و ساير حزين و ما يبي يبكي في الفقرة
و مو قادر حتى يتكلم عن موضوع الآباء",0
@alsowian اخوي ظاهر ممكن توضح هذا الفيديو بالمؤتمر لان فيه شي غلط و يحتاج توضيح https://t.co/i9wN7762HH,0
@bthaaain @JojaYousif من قلب حماس 😂 عاد ابي اجوف فرح شقايلة عنها بس يقولون مسحت على طول 😒,0
"@Gerrardiat ليش الواحد يحوس عالماضي .. من تعيش بماضي مخك ماراح يتطور .. اهم شي حاضر الشخص ومستقبله
شلون يطور من نفسه
شلون يتعامل معاك",0
#اوامر_ملكيه الله يرزقكم ذاك الشعور اللي ماتقدرون تخبون إبتسامتكم من كثر الفرح اللي بـ قلبكم .,0
ماشالله. كرباج ان بغيته شاعر والا فيلسوف ولا دمبكچي حتى امام مسجد @ هم يصلح. عيني عليك بارده. وسبع صنايع ٠٠٠٠٠😢 https://t.co/QrQw0IgXS2,0
"يمرني طاريك 
واذا في البال لي طاري يمرك
 تبكي علي؟ او تبتسم؟ 
او مر طاري والسلام..",0
"اليوم #جمعة خير الأيام ..
   رتب بقلبك الكلام الحلو اللي زي الورد..
   واعتبرة عربون إبتسامة تهدية لكل أحبابك ..",0
"@lbanna74 @ZahraHassan3 بعد ضريبة القيمة المضافة على القبور ....
مو عدلة علينا نموت ونندفن ببلاش...
عيب يا مواطنين استحوا...",0
"الصراحه حسّيت انى في بيتي لأن واضح جدا ان إدارة البنك تتعب على انتقاء موظفيها ، شكرا من القلب للاخت انوار الشعيبي على رحابة صدرها وابتسامتها المريحه ومعلوماتها الوافيه اللي ردت فيها على كل تساؤلاتى 🌹

@KFHGroup",0
"#اوصف_نفسك_بكلمه
 مشكلتي عنيده اللي براسي اسوية 😶
شسوي مواليد برج الأسد",0
سؤال : تحسون عادي الدريول يتكلم ف التلفون اكثر من مرة و يسولف وانتو معاه فالسيارة ولا قلة ادب ؟ 🙂,0
@bohamed34 @emarets_italian الغالي شو السيارة نبا ندعمك؟,0
"@saudq1978 أبوجبر طلعك من الغار الي منخش فيه من أول رمضان 
شكلك تعورت من دوسته على ذيلك",0
العالم كلللللللللللله يدري من اول يوم الا النائب العام السعودي اليوم درى!! https://t.co/GHY3S32hSy,0
"@hussainmilad @fatimaalhawaj ما تشوف وايد ناس يشعرون بالاهانة لما الواحد يقولهم ""يا بني ادم""",0
"“: ترى ما لـ الوجيه الحاضره بعدك ملامح ""”",0
"بخوره تدرين اني اي كثر احبش 😂😂😂❤️❤️

كل شي حولي يذكرني بشي 😎❤️ https://t.co/SQT4zAGjpt",0
@aish_sibani صح ماحد يشتغل كذاك ع الفاضي اصلا 😂😂👌,0
@Seemaq8 هل احنا فعلا نختار؟!!,0
"ع@S_a_rajhi   عيدك مبارك وايامك سعيده
ترى محد عيد علي بريال",0
@zain7700 @renezi04 ليفربول طلعوا السيتي بالتحكيم بس السيتي ماعندهم الا يوسف يشجعهم🤣🤣🤣,0
@J7wnMnsxV13uDBj @9955000000r ماشاءالله حصل واجد عروض ي حظه 😂😂😂😂😂,0
@mohad_hinai من بعد بهوان الله يرحمه ويغفر له بيطلعو المواطنين اللي الله منّ عليهم بالنعمه والخير وينفعو الناس فيه الله يآجرهم,0
@Springpearl7771 ماعينت خير وآخر شي تضحك هستيريا على الباروكه تمهزلت عزألله ماني راكبها لو مو يطيحون القروض لو يعطوني 10 مليون أنا الطيارة وآخاف منها وشلون هاذي أنحش🏃‍♂️...,0
يا شيخ..لو كملت جميلك وطلعت بنعالك بعد .. https://t.co/XcsjbAhEC7,0
وإذا الجو صار صقيع❄,0
لولآ آلخطآ محدن تعلم من آلنآس ولولآ آلجفآ محدن عرف قدر غآليہ ♡,0
@ms_iii1 انتوا كله تبون تفوزون! نفس العين! فتحوا المجال لغيركم 😂,0
"@n_7rby @posKuwait 

والله يابو سعد انق صادق انا جيتهم وماشفت الا كل خيرر. ليش يتكلمون في تويتر ليش مايتقابلون   بنقابه وكل شي يبين",0
@ASQ_Group شريت عطر من فرعكم في مكه لكن طلع العطر مختلف عن اللي طلبته,0
"@AjelNews24 رحم المرأة صك ملكية مثلا 
وش هذا الهراء اللي ينزله حسابكم 
اذا المرأة توفي زوجها حقها ترتبط برجل اخر و تعيش حياتها و تنجب منه 
كيف طفل من دون اب يربيه ويصرف عليه 
الله يستر ماتصير موضة ويطلع لنا اول سعودية تنجب من زوجها المتوفي 🤦🏻‍♀️",0
@a89alkhamisi الله المستعان .. والله يهدينا ويهديهم .. اتفق معك,0
#غرد_بفتوى حكم التصوير الشمسي https://t.co/R6eVbdCsOe @tweetfatwa,0
"انا وهمي؟

ليش تسحبون الجناسي
حط قانون ما تغرد الا بليسن
و سو اختبارات تغريد و لا تنجح احد 😂😂😂😂 https://t.co/Ef4jmH0Ztc",0
"للمره المليونيه الابديه اللي مادري شنو اقول اعجز عن الوصف اكره هالحركه الي يمين يمين يسار يسار او اوقف عشان اطوف وانت توقف عشان انا اطوف لا اللي يجلطني أكثر ما تصير لي الا ويا الشباب انزين وبعدين!! 😭💔
#مواقف_uob",0
@Ahmadalsharqaw3 هذي عوايد الكبار.  دروس نتعلم منها. اخلاق طيبه وكلمات عفويه صادقه ومعاني كبيره. ليت البعض يتعلم منها. الله يرحمك يابوعدنان ويطول بعمر بوخالد,0
@redtoota @305ALKuwait اللحين هذي السالفة بس؟,0
بعد احداث مصر .. كل المصريين صاروا سياسيين .. قرفونا بالفلسفه.,0
"أراقب طيوفه وأتابع خطاويه
وأصد عن جرح الحشا حشمةٍ له

ومادام راسه حي والله معافيه
انا بخير وضيقتي فدوةٍ لهههه",0
"هذي عمرها ما صارت!!

اعضاء مؤسسة يحتفظون بالمميزات الى ما بعد التقاعد

اقولكم اشراخ يصير بالقريب العاجل
كل من هب و دب بحط واسطه علشان يصير عضو مجلس اداره بالكويتيه
اي متقاعد من عيالهم يطلع من الوزاره بعينونه في الكويتيه كم سنة علشان يتقاعد مره ثانيه و يحتفظ بالمميزات

كملوا لعب https://t.co/cJDx5kbz99",0
"كم باقي للعيد 
كم باقي للمرتب",0
"@askar1s: 
اخوي عسكر تجار العقار عندكم مسوين زحمه عندنا بالكويت في البرامج يبون يصرفون عقاراتهم  😂😂
 #ناطر_بيت 
 #مقاطعه_منتجات_العقاريين",0
@VIVAtelecom معقوله خطي مقطوع من امس لغاية الحين بسبب غلطه منكم ومنزلين علي مبلغ 400 دينار بوق ونصب واقول لكم نزلوا الفاتور ادفعها تقولون لا هذي غلطه من عندنا ، لي متى خطي مقطوع عيل ؟,0
تقطر لطااافه 💕..الله يديم عليها الصحه والعافيه https://t.co/2F2UR4Toit,0
"بخصوص سناب جات 
حج لايف 
شنو موضوع الحريم اللي يسوون طابور الصباح 😂😂😂😂
خوش حج",0
@alajmi12345 عز الله إنك مارفعت معنوياته😂😂,0
@zyt0nh_ لبن البقر يوم يكون مسخون ما ينشبع منه البر 😌👌,0
@A_F_M_F_D أكيد طال عمرك لحقت  عمري 51 اللحين كان عندي نيسان سلفيا تون تيربو وكان عندي  300zx الياباني 😁😁,0
كله مساومات ولا يفيد البلد بشي الاستجوابات حادت عن الغرض منها https://t.co/NkFRMQIqfB,0
شوارما من الحطيم زيادة مخلل,0
الهمه ياعالمييين نبغى اكثرررررر من كذا 💛💙 نبغى مقاعدنا فل ، النصر بحاجتكم ، هي مباراة وبمشيئة الله راح نوصل للنهائي 💙💛 https://t.co/l202bKyiRB,0
"شسالفه؟؟
كأنكم نسيتوا مكان اسمه سوريا؟؟؟؟
#سوريا #غزه #يا_وجعي",0
@bfaljassar الله يسلمك والشر ما يجيك يابو فواز,0
"@ko0o0o0o0ok0 "" انتي طبعاً وبعدين الشنطة ""

إنتي لأنك حتغرأي ولازم وانقذك...😎💐

أما الشنطة فراح اجيبها لأنها بالشنطة وماراح يصير لها شي... 😜👌.

جذي ضمنت الإثنين",0
"احنا شعب يهودي؟

في ناس ما عندها مشكلة تخسر الاف المتعاطفين بس اهم حاجة انها ردت على كم شخص مسيء هذا اذا اساؤا فعلا https://t.co/GRMa8gIwmh",0
@PoliticalGulf 👏🏻 والكل يشهد على كلامك,0
"تتلخص الدنيا بــ حبك إيه وربك 
يلي ماغيرك ضروري ..",0
@LetGoq8 الاستمتاع في الطبيعه والهدوء يجعل فيك طاقه شنو نسوي راح يتم رفع الكهرباء ياعم ناصر نحاول نرشد https://t.co/f7rQYeftH2,0
@_mooni094 @Mahmoodsabeel55 بعد الورده جيت انا 🙄😂,0
@Halafmradio صباحكم احلا وطن....فنظري الفضفضة غير عن الاسرار الفضفضة ممكن شي بسيط مضايقنك وتحتاج تتككلم فيه اما الاسرار صعب تودعها عند اي حد خصوصا هالزمن,0
"@amfozan أهل الكرم والجود والطيب
أسمحلي اطلق ثلاث كلمات وليس كلمه ولكن ايضا قليل بحقكم تقبل مروري 🌹🌷🌺",0
"@AhdiAlmarzouq تعرف الي من تخلص الهوشة يجيك يصارخ وينه وينه.....
ذبحونا",0
@vip_qtr90 شبهك لربيع الي عندنا ماغير كليماتهم تقولون منتو تشاركون وإذا هنا فايككم اول من ساهم 😅😅 لكن عليم الله ماقربتها تاركتها ابتغاء مرضاته,0
@almekhlafi52 عليكم لعنة الله انتو وتخقيقاتكم... خلوا عندكم شوية دم.. واعملوا موقف صح.. بلا ها الدبلوماسية يلعن ابوها...هذا ذل و عبودية,0
@israaalemadi الحمدلله ... ألف مبروووك 🌷🎓ربي يبلغني فيك واشوفك أحلى عروس 🥰وفي أعلى المراتب 👍🏻,0
@weldalsadah49 مو عشان الدوام بس 😂 عموماً يعني تعيش حياتك مرتاح بدون قيود وقت ومواعيد، تعيش بعفوية لا ساعة ولا تلفون ولا شي يقيد حريتك. قصدي أبعد من قعدة الدوام بس 😊,0
لو الصحفي المفقود بالأرجنتين او اليابان او اي دوله بالعالم والله محد درى عنهم بس علشان بلادنا مستهدفه وكل الأنظار عليها وعظمى غصبن عن اخشامهم مكبرين الموضوع والكل يحكي فيه المهم حفظ الله سعوديتنا العظمى وقادتنا ومليكنا يارب من كل شر وابعد عنها كل سوء 🙏🏻 #كلنا_سلمان_و_كلنا_محمد,0
@dem900 غلطانه ونص والله حياة بقرب والديك ورعايتهم و الاهتمام بهم و الحرص على سعادتهم وراحتهم تسوى الدنيا باللي فيها والشهادة والوظيفه بعد اهم من الزواج 😕,0
"لو الليل يدري فالغلا ، كان مايطريك
على من تمنى يدني الوصل مير ازرا

ماكان استباح اجروح من مات كلّه فيك
وهو داري بحبّك ، وفي حبّه انت ادرا",0
"#اعطونا_مشهور_يستحق_المتابعه
حد سأل  عني🤔🤔🤔",0
@oman8228 الظاهر بتنتهي الامور بهذي الطريقه والشهاده موضعها الزباله وال٦ سنوات من الاغتراب تروح هباءاً منثورا..,0
يحليله ما يبي ازعاج بصراخه قنعني https://t.co/HukFSSfwnx,0
احبه كثر ماصلًوا وقالو بالصلاه أمين ولكنه عجز يحفظ غلاه وضيع دروبه ...,0
"@JAljamry @Zaaherrr 
استاذنا شكلك ذايق المر 😂😂😂",0
شلون الناس تروق من الصبح😶,0
@zz_alfadhli جمعه مثل ولدي واعرفه من صغره وفرحنا بأنضمامه لاعب زين كلمته قبل بداية الموسم ودخلت علي تويتر وقلت له طور نفسك انت عندك نقطتين بطئ بالتغطيه والمتابعه والهد براسه ضعيف جدا رغم الطول الذي يمتاز فيه ونفس الاخطاء اللي كلمته عنها تتكرر حاليا,0
"انا من الي تأثر فيهم الذكريات، 
ارحمني وخب دمعتك اليا ذرفت
ولا تلتفت لي وانت مقفي، خل لي الالتفات 
اخاف لاتلتفت وتشوفني ملتفت.. https://t.co/QsuVGV6VFV",0
ترضى لغيرك ماترفضه لبلادك https://t.co/FSagAAosCV,0
@badrsfouk @MALHACHIMI ابو يوسف هذا الخير مامن خير والشر محري به.  والله ماشفت من هالإنسان الا التذمر بالشعوب والهمز واللمز للحكام,0
"متحمس لهالفلم اكثر من حماسي لفلم افينجرز 4 
الفلم القديم له كان رووووووووعه https://t.co/P7PjCIIDwj",0
@d__dreams @i7e4ar دكتور انت شفهمك بهسوالف !!!,0
@5era22 زين انت ام كويتيه ليش ما تعزمني هههههههههههههههههههههههه,0
@grady5grady5 ساله كرك او كدك,0
عيش ابيض وجبس عمان ودقوس يا سلام 😋👏,0
فففففففف الحمدالله فكه  #ايقاف_تويتر_في_السعوديه,0
"ياموتري لايهمك سعر بنزينك
سقها على الدرب والأرزاق عندالله
عزالله انا معبينك معبينك 
كيفك من الخام وانا كيفي الدله",0
@wahed2023 امانه تابعه والله موداري شيسوي اصلاً,0
@m7amd_majed9 بوجود تياغو وإدواردو ونيكولاس بإذن الله مايطقها 👍🏻,0
"#امطار_سبتمبر_عمان
نتابع بصمت ..عشان محد يزعل علينا هههه",0
"اسحب عامر و حط خلفان 
اسحب باتنا و هات عموري",0
@Abdullah__Jamal يالله تلطف بحاله ربي يشافيه يارب,0
اللِي تعودنا عليه بنتعود بدونه.,0
كل يوم مشكله ولكن المشكله لها حل,0
"تقريبا موجوده قرابة ال500 انمي, للاسف بعد تفكير ما بقدر انشر السكربت لأن راح يكلفني كثير في الباندويث, يوم بحصل حل احتمال انشره https://t.co/QowxuPShsj",0
@Bushmaisq8 @smartmind2000 ومن قالك اني ماسويتها 🤣🤣,0
"@Hani_albeed عاد ابوك في حضن الصفووين لا امس لا تكون ناسي 
وصفووين تبع ملالي طهران",0
آخر إضافة يعني صايد الجو (:,0
"@a_alhanyan فالك التوفيق في وجهتك المقبلة يابو حنان ..
اللي مثلك وشرواك مثال للجميع نعم الرجل ونعم الخلق 💙",0
خاطري يحبك ويوله عليك ..,0
"@MisskUAE ما ادري

ما عندها كبت تحط فلوسها عندها وتفكنا من التنبيش ؟ 
واخر شي مب لنا للحرمة ؟

أسميني تعبت وكم مره طحت وانا ارقى ع رفوف الكبت انبش😌🤣

الله يرحم امي وامهات المسلمين🌷",0
"@qatnology أقدر أستخدم برنامج دكتور فون لإنعاش جوالي آيفون إكس آر لأني مابي آيفون ٢٠١٩ ؟!!
آمن البرنامج أقصد ؟!",0
@seemoo16 انا مانا طالع ادور ريالكم طالع ادور جماجم جنودكم اللي يعودون لكم جثث هامده وبعضهم مايعودون,0
@DrJasimKhalfan @BuM7t7b بس هي أمسكت الدلة باليمين والفنجان باليسار وهذاغلط .مع تحياتي,0
@blufire3 @dawood1972 صح بدنك ووالدينك الجنه أخوي الكريم الطيب برده,0
@sulimanalmanah يسلمك ربي يا غالي,0
@reem_mohammad10 طلع برق 😭😂😂😂 لأن عقب ذا الصوت نزل مطر واجد,0
افضل خمس منتجات من كريولان من وجهة نظري http://t.co/wZAIgUEc8F,0
@nogha2 @SulaitiMona @alghk5888 جاكم الموت يالذباب جاكم الموت,0
🐥 #عبر_عن_تخصصك_بايموجي,0
@PoliticalGulf ومن أعطى هذا العدو الفرصة للنيل منها ؟؟ الا هذا الأهوج الاهبل الاهطل المسمى محمد بن سلمان ؟ يبا ذبحتونا والله ذبحتونا غيروا هالاسطوانه 😤 محد طيح الجزيره العربيه الا هالعيله المجرمة التاريخ لا يكذب ارجوكم بلاش تضليل خلاص كل شي انكشف,0
مستعده أسمع أغاني يابانيه ولا اسمع رايج🤣,0
@Zule7kha اووووله.. فعلا انسان واطي,0
"هذي حقيقة و اللا أمنية !؟☺️
ما عليه ، هذا اللي انت تبي تشوفه ، و إنت حر طبعًا .
نصحتك بحساب يوثق المشاريع الكبرى و الإنجازات ،
و انت تبي تعيش في رؤيتك الخاصة . https://t.co/53xwPoj2s7",0
@sksanousi لازم نصور فيديو كليب على محسومه,0
تويتر مليان بنات وانا قاعد في الفس على حبه حبه ههههههههههههه,0
@alhabsi9993 عادي ، بس لو فازوا المفترض الهدية نص بالنص 😅,0
الشرهة علي الاتحاد اللي مسفرهم ،، اكيد قابض منهم المقسوم 😂😂😂🇪🇬 https://t.co/eWQxN9o0HJ,0
"#زياد_العليمى 
الواد مدير مكتب احمد طنطاوي(احبوش)
حسام مؤنس بتاع العواطلي
١٩ شركة وملايين  ياولاد الكلب فاكرنها سايبه يابهايم https://t.co/nmkStTI4ZE",0
@beINSPORTS_news طبعا اذا المدرب عنده هذه الجرأة,0
@raulio @Oldest_Snake @MrTurki_595 خونت فيني تبا لك 💔,0
الاشكال هذي ماتقدر تعيش بدون بوس الجزم والايادي تعودوا بيعيش ذليل وبيموت ذليل فرخ البطه تروك بو دبه https://t.co/lExnK53aFe,0
@Neeshymora مسكيييييييين والله حتى وهو في بيت الله الحرام اللي المفروض ينسى فيه الدنيا ومافيها ويدعي لنفسه ووالديه واهله واقاربه وكل من يعز عليه ويطلب من الله العفو والعافية والمغفره اشغل نفسه بالهلال لاقوة الا بالله الله لايشغلنا عن طاعته😏,0
@Nassamat1988 @Um_lith88 ويمكن  تجيكن وحدة تقول مقهورات من الملكات يالله  ردن عن عماركن...,0
"@as_hyh رحت مع شخص مره طبعآ انا ما اطيق هالاشكال 
وحاولت اقنعه بس ما رضي والمشكله انه شخص غالي معي ورحت وشفت مسرحيه من الكذب والدجل وخرفنو صاحبي مدري كم وفيهم تيس احمر 😂😂😂😂",0
"كل سنه يضعف العيد بقلوبنا مو عشان كبرنا لاننا فقدنا اشخاص كانو جزء من فرحه العيد .

  - וللہ يرحم كل غالي فقدناهہ

حقيييقه
# عيد الأضحى",0
@gxsxn ترا عشان تنسد نفسش وتنسي النوم لاه,0
"@f_sinani @omania8i هذا اللي قصدته 
كل وحدة / واحد يتكلم من وجهة نظره
بس ما ممكن نعممها على الكل .

شكرا فتحية",0
@Samarlawyer @ahmad_m_alfahad عسا الله يهدينا و يهدي حبايبنا أهل ديرتنا,0
"ليتنا نبعد عن السخافات ونفكر كما يفكرون هؤلاء.
العلم نور https://t.co/4ncOtcGheJ",0
كساب العتيبي بذي اللسان .. ما زال بعيدا عن دائرة  المحاسبه .. وفوق هذا يسوون معاه لقاء https://t.co/2bVqvoMAYQ,0
@MarwaMazar كم اخذتين وقتين فيها ..,0
"@A7FAD_3MR 
كلامك خطير شلون الحكومه الكويتيه ما همها البحرين",0
@FatiimaAbbas هلا اخوي 💅🏻 ممكن الليسن و الملكية اذا تقدر ، اذا بعيد عليك بس عادي مومشكلة,0
@khalidwoulfe814 @w135_k حسبي الله ونعم الوكيل فيهم صدق,0
"بوشكاش
الف مره راح اعاره والحين الي ريدنغ

كوليديو ممكن الي ليدز

شلون يطورون وهم يروحون انديه ضعيفه https://t.co/e2NO5jrkIh",0
"@ABDULLAH70303 جعل عمرك طويل الشيخ 

قبل لا تسويها يالحبيب 
كان في جدول تضعه اضافي يبين المبالغ(السيوله)  الداخله والخارجه خلال الفتره اللي اخترتها 
ياليت اضافته عالجدول 

وجعله في ميزان حسناتك الشيخ",0
@Veg_w88 @NhnH19920 خوش شي والله رقص و شغل سنع مرتب متعوب عليه فشلونا الله يفشلهم وين ما يروحون بو عرب يفرونها اي اي اممممم 🧐,0
@RM4Arab بيل حتى في الملعب نايم,0
"@k1980kk 

اي والله يا ولد عمي. 
اللقافة شينة",0
"@Fftt40314834 @AlArabiya_Brk كلامك غير دقيق باتريوت حقهم ماهو مثل الباتريوت اللي يبيعونه علينا كعرب هناك فرق كبير 
والردارات التي لدينا قديمه لها اكثر من ٤٠ سنه ماتنفع في هذا العصر 
انا تمنيت لو جابوا منظومة ثاد معاهم هذه اقوى منظومة دفاعيه في العالم تفجر الصواريخ اول ماتطلق من ايران لكن خساره",0
@fiaslAlhzza @alwasmyq8 @hassanalishaq73 والله أنكم عز وفخر يأهل الكويت أقولها من قلبي الله يسعدكم ياهل الكويت ويعز بو ناصر جعله ذخر لكم الله يحفظه..,0
@zaki_mahmood لو مادخل هالهدف بعدها بيدخل الاتحاد سييييييئ!!!,0
@bourashed الاوربيين  مانشوفهم يمسكون تلفونات ليش عيالنا حلال عليهم  هذا عمل مو لعب ممكن يصير اي شي لانه مكان حساس ويمر عليهم اشكال واجناس واجب الحذر  مو لاهين بتلفون وسوالف جانبيه مالها داعي اصحوو عاد مصخت ترى 📱🚫بالمدرسه اذا معلمه معاها تلفون بالحصه اعطيها افاده ممنوع تستخدمه والحصه ٤٠د,0
@KonanTwi خس الله الهووووش بس🚶🏽,0
مشتاق صوتك. ومشتاق لعتابك. ومشتاق لضحكتك ومشتاق لحروفك. في بعدك عذاب وحارمني السلام ابعرف كيف اطمن عليك. ماعلمتني قسوتك من وين لكن بتم احبك,0
@ArabicObama شوف بوحسين بديت تتستعبط ...خلنا حبايب أحسن,0
الفساد المتفسي !!!!!! هو صادق خنيزهم فااااايح فالديرة 😂😂😂😂😂 https://t.co/8qBC7C4UBI,0
@alhilal__world اذا كان كلامه صحيح بالسمسره بالانديه فكلامه خطير ويجب التحقيق مع الانديه ومن رئسها اما اذا كان اتهام بدون حقائق فهذي طعن بالذمم,0
"يا سفير المجد جمهورك وراك
يهتف بأسمك ولك دايم لزيم
الإمارات و أهلها في رجاك
واثقين إنك على عهدك مديم 💜 https://t.co/3siiARBYG1",0
@k_alkhazrajii @LlSaif انا أقول انشالله تنحل الأزمة وما يصير اي تصعيد، واذا في حد متآمر انشالله يتحاسب وكلن يأخذ حقه 💚,0
"#قطر_تنكر_جهود_امير_الكويت
اليوم جحدونا وأمس يهاجمونا بإعلامهم..
وش باقي قطر ما سوته فينا؟",0
اللهم اكتب لنا من خير هذا اليوم وخير مافيه وخير مابعده وأكفنا من شر هذا اليوم وشر مافيه وشر مابعده,0
@YaMsh3L لا والله اذا ما داومت مالي إلا درب المخمه ووينك يالتنظيف وفي الحالتين كرف🤔,0
"@Bo_6a7no0on الهلال باعه برخيص وقاله رسميا مع السلامه 
خل يأخذونه العين ويطيح ف جبدهم ويتمون يدفعون 🤣",0
@SalahSa68159403 مره راح عني الباص وقالي ابوي يله اوديچ تدلين مدرستچ قلتله اي ويوم نزلني المدرسه اذكرها بالفيحا نزلت اطالع ماكو وين صفي مكانه غير وين البنات اشوفهم كبار چان تقولي الابله انتي شسمچ وباي صف طلعت انا داشه مدرسه  ثانيه  نادت الفراشه توديني المدرسه اللي يمهم 😩,0
"اسعار التذاكر

نار وشرار 

الي عنده عايله عزالله ياكلها اسعار غاليه حيل",0
"#زد_رصيدك68

هههههههههه ابوووووحور يمه يخوووف",0
@abdallahsa2 ياريت يصير اشترك  بس محليين,0
@_MFl10 هاي مصيبه كيف ما يحتاج نقاش اتخيلي انتي روحج و كل اللي في الباص يتنمرون عليج الولد بتدمر نفسيته,0
"عليك قلبي  يانشاش المزن. لج
وارتجت الاضلاع والروح ميلاج

رجاه وبل  الغيث  لاجيت   يندج
على جبل توباد  وحدوب الافلاج

#عوض_العلياني",0
عشان جي نقول دلعو بناتكم وعزوهم عشان لين تزوجو تكون عينهم مليانه و لهم قدر مب وحدة توها تتفتح عالدنيا كأنها مب شايفه خير 🙂 https://t.co/CA9tdbc1kl,0
@rehabiiii أليوم بس ، عشان تعرفين أني رؤؤف ما يطاوعني قلبي وانتين مريضه,0
"@AhdAhdo @Ahmadooovich @nadia_almobark 
ما شاء الله الله يزيدها ايمان 😂😂😂😂 مت💔😂😂😂😂",0
مبروك ليفر هاردلك للبلوز,0
"@sulaiman02017h1 @jamal__addin ايران كانت مشغولة بالثورة وهذا غير الإغتيالات اللي صارت عندهم لكبار العلماء والسياسيين المؤيدين للثورة الإسلامية
وين لهم خلق يسوون فتنة طائفية في العراق ؟ 😀
وبعدين المقبور صدام اللي كنت تطبل له قبل الغزو هو من اعتدى على ايران مثل ما بعد هالشي اعتدى على الأكراد وإحتل الكويت",0
فزي له يا ارض لا جاك بشويش يتمايل 💙,0
"@SamarDJarrah @3issaqtr هو مش خسران حاجة
غيره حيدفع وأخذ الضوء الأخضر منهم",0
"#هي_وحدة

بين الردا والطيب تصنيف للنـاس
 ياخذ بها الانسان تقرير سمعه
ٰ
اما يجي مثل الذهب طيب الساس
ولا كما القصدير ما غير لمعـه..",0
@mohdhilali3 @omani_twitt نوبه هن سيارات تو م يكدن بسرعه يتكنسلن 😎😏,0
@Khalil_Bohazza ومن اللي اعطاهم وكالة يتكلمون باسم الحكومة؟,0
بطني من الحين يعورني علشان اختبار بكرا 😭😩,0
ريحته تجيب لي صداع https://t.co/mir6P9chMm,0
"مساء الخير 

محد يبيني بموضوع ولا سالفه ولا شيء كذا ولا كذا بالله تذكروا🌚",0
@RM4Arab @Humood_aljeeb عاد يبين في عينهم؟,0
@A_AlAthbah يخسي تركي بعر يقول حق وجه الضبعه السيسي وحشنى حتى مايمسك ببشته لباس لبشوت ويقول له انا عاااوز ملياار وهذا ماعنده الا لطقاااع هالتركي🤭,0
"شتبي يعني 
من الچبرات صرت دكتور كبتن https://t.co/musSj8tkpc",0
"@MaramAlajmi9 مبروكه
الله يعطيك خيره ويكفيك شره",0
@_alearid تخليه يزعل كل شوي 🤨,0
"انا وحظي متفاهمين مع بعض
انا ادري انه زفت وهو يدري اني مااعتمد عليه

اهم شي التفاهم 😌❤️",0
@alajmi12345 المخ لهلحين موب مبرمج عدل 😕,0
@Dr_kabsa @asraet1 مغري الشكل بس هذي عينيه للدعاية وبعدها يجيك السواكني 🤣,0
@Qatar_Edu يلا يا جماعة الخير بارك الله فيكم صلوا الظهر وافتحوا الموقع. والله ماعاد فينا اعصاب 💔😰,0
@10Flickr السلام عليكم اخوي ،،أتمنى منك تغرد بخبر أنت متأكد منه ،، أمس كاتب تغريدة بأنة اول الصفقات بعد صلاة التراويح والى الان ما شفنا شي !,0
"مش مطلوب منك تواسي اهلك وناسك بالدموع والكلام
 اللي احترقوا بنار هذة الحرب مطلوب منك تحط
نفسك مكانهم وانت بتعرف ايش اللي لازم تسوية لهم",0
عين تركي بعر@Turki_alalshikhالله يأخذه #ليفربول_ريال_مدريد,0
تلفزيون الكويت ما تحس انه عيد مقابلات وقرقه وين اغاني العيد القديمه الحلوه وين فرحه العيد والله ما عندكم ما عند جدي,0
"عسى الذنوب اللي على متني خفاف
         ولا أعاني في الحياه الممله 

كل الفعول ب لذة العمر تنعاف 
      الا الفعول اللّـي تقرّب مـــن الله",0
"@Mnor اي الله ياخذهم ورحت لكبر واحد ( خادم شمهرور ) وام زكي مصرية ( تقول : بص يامطفي ربنا حيديك من وسع اوي اوي قلت متي : قالت الاسياد ملهمش وقت ....
المهم من هاك الحين الي الحين والامور مدهورة الله حسيك يام زكي",0
@faisal_alsamhan الله يعز الكويت ويعز حكامها وأهلها 🌹,0
@theebeast97 اسسسسد يا بوعارف والله، اليايات ان شاء الله اككثر واحسسن 😍✌🏻️,0
"@Alkanze76. ذا الاخ اللي قال ان محمد بن سلمان هو البزي..عملي بلك..ذا يخاف مني و بن سلمان بزيه..الله يلعن الخوف والذل عيشه كلاب
#نجران_الان",0
@ramzan_alnaimi @khalidjassem74 وش تنتظر منهم  ☺ زلايب,0
ياسبحان الله   الشبه   نسسسخه  طبق الاصل🤣🤣🤣🤣🤣🤣🤣🤣🤣🤣 https://t.co/WPVaNCtwAv,0
أعجبني فيديو @YouTube على https://t.co/6t8ynk7Xwf شيلة ياحظ لاتاقف على باب الأرزاق,0
"مندوب بوليفيا في الامم المتحدة ..
بذمتكم ما يستاهل ينقط له ألف عقال بدل هالظرنطية اللي عندنا .. http://t.co/njsu497uQZ",0
@AmeeraAlMusleh @HamadAlYaseen بالظبط المسكين دايما يستانس على هالاوصاف 😂🙏🏼,0
"#عمانيون_بلا_وظايف21
ماشي فايده ف الظاهر امام الناس إحصائيات وتوظيف ودراسات وبرامج اللي يشوف ويسمع يقول كل شي منظم ولاكن الحقيقه لعب وتخبطات وعشوائيه وقرار يصدر وقرار يلغى وتيتي تي تي مثل ما رحتي جيتي",0
بتتيسر الأمور بإذن الله يا أخوان .. فقط الصبر والدعاء. #عمانيون_بلا_وظايفOM,0
عشرتك صارت عبره  #هل_تحب_مره_ثانيه,0
@Hassan_alsai الإنسان لازم بجي له يوم بيتقاعد لمتى بعد بيشتغل خلاص خل يفضى  لربه ولآخرته ترى الدنيا فانيه بيقعد طول عمره يشتغل ويفضى لنفسه وبيته والشاطر اللي يسوي له مشروع ويعيش  عليه عيشه تغنيه عن راتب التقاعد.. سؤال صندوق التقاعد ليش يستقطع من رواتبنا مبلغ وقدره؟!,0
أنا لو بموت بيكون السبب من كثر ما أتنزّق !,0
"لو بكون آسف فأنا آسف لنفسي على كمية العشم
 في كل اللي قلت عنهم إنهم غير، وبالأخير طلعوا
 أسوأ من اللي قبلهم.
فمان الله..",0
"كل ما اتذكر🤔

 اني كنت اروح محلات الجوالات
 اشتري نغمات🎼

 تجيني دوخه 🤒😂",0
"حتى الزعل مايجي لايق على غيرك 
تقول كن البشر تزعل على الفاضي 
تأكد اني ابيك بشرك وخيرك 
فديت وجهينك الزعلان والراضي",0
كأنها موجة بحر بالهوا 😍 https://t.co/iFIhApGuTj,0
"يا حليلك يا شيخ موافي كلامه يدخل القلب 
شوفو تلفزيون قطر الحين سمعوه",0
واللي قاهرني في ناس لين الحين تصدق افلامة الهندية,0
@ss__q9 @Realdim_ @NouraAlbeshr 🤮🤮هذا قرف ووصاخة الشخص الطبيعي مارح يتقبله ليتكم تعيشون بكوكب ثاني,0
"ليش ماكو شباب بقياديين الوزاره ؟
ليش لازم ٨٠ سنه خدمة https://t.co/Pxs6VSd6ts",0
@3amerAlmarri كفو والله انك شنب يالذيب،، المرات الجايه,0
باقي شهر ناقص يوم على ما أكبر سنه ومن الحين أسأل أمي عن الهدية شكلها بتسوي لي جذي بس مو بالكيكة… https://t.co/P347b6PV0I,0
"الولد : حبيبتي فيه احد غيري بحياتك ؟
البنت : هههه شفيكم كلكم اليوم نفس السؤال 
 لا يا عمري انت بس
الولد : طيب أحبك
التيس تيس 🌚😂😂😂",0
"@RayegAd @AlwatanSA وبعد ما يبون معه عموري 😂😂😂😂😂😂😂

نعطيكم اسبريلا وتعطونا فيتفا 😁",0
@its_lll ارمسي ارمسي وخذي راحتك بوية بعد,0
"@Magoo_Q8 توني ادري ان عندنا منتخب هوكي.

نزين منو غلب؟ 😎",0
@m999ad يمكن متعودين على جو أوروبا❄️🌧⛈,0
@qahtanii_m وش تبغانا نقول غير حسبنا الله ونعم الوكيل واكثروا منها,0
@tojan_albukhiti المرأه ثوره مش عوره,0
@laylao0 فعلا برود مو طبيعي.. بس اتوقع خطورة الموقف مخلنهم مايتدخلون.. لأن ممكن يحاولون يساعدونه بس يأذونه أكثر..,0
@ThisISYousif هي نفسها حظ السيتي ومجاملات الحكان لهم ، كم هدف تسلسل انحسب لهم ، كم طرد المفروض نشوفه للاعبينهم ما شفناه ، الإصابات بغير دي بروين ،البقية غيابهم عادي,0
@lolo_aamm شكله اللبن مسوي شغل,0
@Mr_An_Ra_sol @bnzabn @Alfaihaclub @saud_alshalhoub السعوديين وش فيهم خرجو من المله😎,0
"للحجاج هالسنة :
انصحكم بتحميل هذا التطبيق يوديك للمكان اللي تبيه بالحرم .. بدون ما تسأل اي شخص يضيعك او يقولك ماعرف .. هذا البرنامج يختصر عليك الوقت .....  لانتسونا من دعائكم
المقصد - Al Maqsad by Navibees
https://t.co/2jqqSPTt5B",0
"@Muayad_Said 

خليها مستوره ، ههههه
بتداوم و 💔
خنقتني العبرة 👷",0
@zulfax_6 يا عمري ما تقصري☹️❤️,0
@malrubaa الله يوفقك وللاسف اتاخرت على ما اشوف المنشور,0
@AljaziAlajmi_ ليش لا ؟ اهني واهني واهني,0
"@Ahmadanov 

صح
بس كنت استخدمه اذا ابي ارسل او استقبل ملف من احد لأنه كان الوحيد اللي فيه هذه الميزة ايامها ومن اخلص اسكره على طول",0
@nasser19999 ما عندهم دوله عشان يقول لان محد معترف بهم بعد ظلمناك ياناصر,0
@alain_soul1 هذا المطلوب وباذن الله يكون قادر يلعب يارب 💜,0
@A7lash3oor @dibrahim_d هفففف 🌚ما تخلون الواحد يغرد 😂👊🏻,0
"ترامب تاجر، محتاج خردة وعارف من وين تطلع، حاليا أقوم بتجميع كل المقالات اللي ترحب بترامب، مثل المقالات اللي كانت تمجد صدام
المشكلة ما يستحون",0
"@khsa1112 @fahadq6rrrr2 @Bandaralshafi @abdulrahman أمحق أمير هذا وجه أمير ولله ما أشغله مقهوي عندي لكن ممكن مساعد مقهوي بفكر 😂

يالمرخاني شوف شبلنا حفيد الأمير الوالد حمد بن خليفه مهجد أبن سعود مرخاني مرخاني ... سلامي ولله عليه أبومشعل 

حمد بن #تميم_المجد https://t.co/dWNYYP2G1e",0
اللي ما فيه خير حق الجريب ما يرتجى منه خير حق أحد أبدًا .... !!!,0
@Q_aljohra @Mohamedmedna @AlderbyN @khalilalbalush1 طيب دام قطر الي فازت بالأربعة انتوا ليش متحمسين حبي و قاعدين تسبون الامارات المفروض القطرين الي نحن معاهم على خلاف ليش انتوا تدخلون عمركم بنص الخلاف و حكومتكم قالت انتوا ع الحساد,0
"نظرتك للغير
  تعني لي آهآنه
   كآن عينك مآ آمتلت فيني توكل !",0
@myoh6666 @Dr_Kassab والله انك ضايع الخبر صوت وصوره وحتى ريحه في الوكالات العالميه من رويتر الخ,0
"ٰ
حي والله قبالك يالغزال الجفول
طلتك  بهجةٍ  حلت  وهم  انجلا
ٰ
الله اللي عطاك امن الحلا والقبول
جعلني منــك ياروح الغــلا ماخلا https://t.co/anEQeNbDu1",0
@DUNIASAWMAH_ راح اكون واضح مع الايام,0
"عسا الله يرحم طيب الذكر راعي الجود
ابو. متعب اللي  سيرته   طيبها. . فايح

لو.  ونه  رحل  مازال . بقلوبنا.  موجود
وهو.  بإذن. ربي صوب  دار  الهنا. رايح

#عوض_العلياني

لاتنسون_الدعاء_له https://t.co/TqrwZPPWFR",0
"@SAl3wed 

الله يسلمك يابو عويد ❤",0
"@KhalidAlwasmy 

بس تعرف واحد تلقاه عنده مشكله او شي 

الربع يقولون الوافدين تنزل رواتبهم وياخذون اوفر تايم. والكويتي محروم من الكل",0
@ControlAl3nabi هههه كنترول بعدج عايشه ههه اشحالج هههه هالموسم كنتي هاديه شوي,0
ظنيتك اقرب واصدق الظن بك خاب..,0
@CIA_B_H_R خذيلك نص دينار.. واتفكيني من شرك.,0
"@UEver83 @homood_said @sultanomani @mar_rawahi @KharusiSultan @salimalsadi @ali_klbani @ishaqsiabi @AlamriKhalfan @nassersaif111 @AHMED64AHM @sameer_alnamri تذكرون قصة باجيرو ( النسر الذهبي ) 
راح يدور الذهب 
ورجع بحبوب الذرة 
يا شعوب الخليج وشبه الجزيرة 
الشاب لي مب لاقي وظيفة ( خيرتك ) يا ولدي ويا خويه 
روحواتعلموا الزراعة والحصاد والتخزين 
واحتهدوا فيها ولاتتركونها للغريب يذلكم 
يقولون الجوع كافر 
يذل بن ادم 
خلوا اقتصادكم من يدكم",0
"لاصـرت صـادق قالـوا النـاس مجنـون
مايـمـدحـون الا الـنـفـوس القـبـيـحـه..

#واقع",0
"@aln3mai45 الطيب  طب النفوس ونفوسنا حيه
نشريه بغالي الأثمان  و نورد أسبابه
ولا  الغدر  خيبة  و بلاء  لعنبو  زيه
حذراك من بايع أهله وخاين أحبابه
عبدالعزيز الرويحي",0
#وش_مسمي_امك_بجوالك https://t.co/Jfps1Sw9Gi,0
@dloo3a88 بس بشرط ماتكرر الابيات,0
الفوز الحقيقي هو انتوا والله ❤️🙏🏻,0
@saifalnofli2 هذا مول قديم جدا ومع هذا وقت التصوير  كان عند نهاية الدوام ومبين من التصوير ودبي حارقه قلبكم أنت وأشكالك تتمنون تشتغلون عمال بناء في دبي بس ما يحصل لكم :) عمار يا دبي,0
@NourAlyemen_ والله بيستكون اصلا الشعب كلمته مش مسموعه والشرعيه المعفنه مالها حس هم عارفين ايش ماصار ماحد بيعاقبهم عشان كذا مستهترين,0
"@shoshy_1996 @youare412dw بالضبط 👌
من يومه كلامش درر عواش ✨💕",0
@zakareyalkadhem الله يذكره بالخير الإستشاري عبدالله العجمي كان يزور كل المرضى صباحا وبشكل يومي تقريبا . اما الحين نسمع عن استشاري بس مانشوفه الا عند البصمه,0
حسبي الله ونعم الوكيل في السيسي وكل من يعينه ويعاونه https://t.co/8WYR65gfLT,0
من يقول لن اشارك بفرحة الكويت - اقول له الكويت ليست بحاجه لمشاركتك اهلها موجودين يفرحون وتفرح فيهم,0
حددث افتخر فيه ولاده اخوي علي الزلزله ....... سيطره .... كل العرب مادري شنو باجي الاغنيه .... اللي لحنها يكلمني دايركت,0
"سألوا وحده...
ايش سويتي في امتحان السواقة نجحتي...؟

قالت والله للحين ما ادري لأني سويت حادث وتقلبت السياره والشرطية اللي اختبرتني في العنايةالمركزة وهذا انا أنتظر يطلعونها من العناية  علشان أسألها :  نجحت ولا رسبت..

هذي الناس اللي عندها 
أمل في الحياة
😂😂",0
"#حياتك32
مع اني من جمهور ساير
بس بقول الحق
يا جمهور فهد آل حركان
يكفي المصيبة اللي عند فهد و مخليه ما يطلع للبث كثير
أوقفوا معاه في الجوهرة 💎
لأنه مجموعة ساير هي النومنيه هذا الأسبوع
و السويل حكى انه راح يطلع فهد 😤
كونو يد وحده مع فهد 💪
لا يطلع",0
منو اللي عينكم وصايا على البشر ومن انتم كائنا من كنتم حتى تدخلو وتحاكموا الناس في نواياهم انثبروا فبيوتكم وبلا تفاسف مصخت وزودتوها https://t.co/nG6IQLzY3M,0
@EisaAldahes94 وانت طيب يابو داحس,0
يعني سعر الخروف بيتضاعف سعره وتاخذه اقساط على البنك https://t.co/mF58D2ikE5,0
@F6o0oMaAa @yawWAR اييي ممتاز كلامج بس ماله علاقه انها ما تبي تسوق ما تبي تسافر ما تبي رصيد بالبنك .. ماتبي طموح ..,0
@moza_almoqbali6 شكله كذا يالله عاد شكله من باكر ما عاد يجي 🤣,0
"اليوم الزحمة في الكورنيش مب طبيعية!!! مأساه.. كارثة!! صار لي ساعة وشي طالع من بيتنا وللحين ماطفت المتحف الإسلامي 😖😭😩😰

#زحمة_من_قلب",0
صاحب المركز الثاني بيخرج من كولومبيا ف دور ١٦ 👌😉,0
@_noura20_  وأهل قطر لاف يو تو 🇶🇦🇸🇦,0
المكانة اللي تخربونها بيدينكم ما أصلحها أنا.,0
صرت اشوف الدينا فيك يا حياتي يا حلاة الدنيا فيك.  💙🗝.     @safaalhashem     @NAWALalq8iya    #نوال_الكويتية  🔐💙,0
@N_Alhijji لأنك مب شيزوفريني 🇶🇦  #قطر_تعيش_حالة_من_الشيزوفرينيا,0
"بيت شعر كويتي اعجبني
...
إللي  يدنق  راسه   لخاطر الناس
لاينصدم إذا  داسوا  الناس راسه

#شعر",0
@MrNobod70731444 ان شاء الله نرجع مثل زمان ومع حقوق كل يمني,0
@wa7dawi_ad تحفيز وانت تتكلم على اساس انك مدرب ومثل هاي الامور تخلي اللعب مايفكر الى بنفسه,0
@3almi919 @9Kaki @AlsuwaiketS اسمه السويكت كيف تبيه يرد عليك 😂,0
@RefreshMFM اغنيتي المفضله مع اني ما احب الاغاني آخامك آه اسيبك لا,0
@Ead999 صح لسانك يابوجوزاء وجعلك ماتفقد غالي واخوك حاكم بخير ومتواجد يروح يوم او يومين ويرجع مايطول برا الرياض,0
راح. تشتري خرفان من چبد 😜 https://t.co/hHOpJdy5z9,0
@likeq8 بصراحه انا قلت قبل مده عن تصميم عالمي بس اللحين بقول تصميم عالمي عالمي عالمي 💚💚💚,0
"وبدأ عرض البث المباشر لانطلاق أول رائد فضاء عربي - إماراتي 🇦🇪 يوم الفخر 
ويوم كلنا ننتظره طموح الوالد زايد اللي ماله حد ، حلم زايد اللي اصبح حقيقة ، بلادنا اللي ما تعرف المستحيل ، الله يوفقه ويحفظه ويرجع لارض الوطن ، موفق ياولد بلادي ❤️❤️❤️🇦🇪🇦🇪🇦🇪💚💚💚💚",0
@fff79a @UBxhxbx2 كل وريد بجسمك يشهق,0
"@Roo7__qtr @NbntQ @sul535 @saudq1978 المشكله ان المشاركه في الهاشتاق المسيئ يوصله ترند وهذا المطلوب بالنسبه لدول الحمار وكل ما قلنا لاتشاركون مافي فايده 
#لا_للهاشتاق_المسيئ",0
@Abdulkhaleq_UAE اف اف اف والجزر؟؟!!,0
"والله خساره الي امه تتعب وتربي 9 اشهر واخر شي يطلع حوثي 

󾍃",0
"بعض الاحيان تكتشف 
ان اصابعك هي اللي حافظة 
الرقم السري مو عقلك 😂

حقيقه لابد الكل يعترف فيها 😂",0
"انظر كيف رد حاكم الشارقة على الناس اللي تشكره بعد إسقاطه ديون شعبه !!! 

http://t.co/Ncu9MKuUsj",0
@alshalahi_2016 والمفروض الكل يتجنس فورا بكلمه واحده,0
"@bogaili ماشالله عالارادة القوية 
نفسي 😁",0
كل فترة سيئة راح تجي بعدها فترة حلوة، كل لحظة حزن راح تجي بعدها لحظة فرح، لا تحزن دام الله هو المدبر لحياتك  💙 https://t.co/qq6Y3SJ7ZV,0
سكان المحرق: اللي دوامه ٧ ونص ويطلع من بيتهم عقب ٧ الا ربع ، لا يطلع احسن له لان جذي جذاك بيتأخر.,0
@FatmaArimi عشان تتوفر الفرص بشكل اكبر واسرع يطفروا الوافديين وبتنحل كثثيييير امور,0
@Breakingkw ليش ياي عيل شا العقاب تعال و مافي نقل علي الهوا لا ايي من الاساس والفلوس المدفوعه له شلون يعني والله انتوا مشكله,0
@ms_iii1 ترا عندها زحمة طلبات يمكن ترد عليج باجر او ورا باجر، انا مره منزل استفسار عندها طولت لين ردت عليه و قالت ما انزل الاستفسارات الي يوصلن عن طريق الوتسب، بس الكيك، قلت الها ما عندي كيك و خلاف نزلته,0
@anmar444 مافي وقت لحق يارئيس تدخل الجمهور بيلومكً انت ماعندك مهاجم بآسيا بيرجوفيتش اول اسم لازم,0
"غريبه دمعتي و ليش تخنقني عبرتي ؟ 
مدري الغلط مني والا من سوء اختياري
كلهم حولي ولكن رغم هذا اعاني بوحدتي
وكل حيلتي ابقى قوي وعن حزني اداري 

#سمر_البحرينية",0
@baderbinfaleh @KKSA2030 @elyaso279 انت ليش ترد بهذي الطريقة؟شنو اللي لفاه وهالسوالف ترى عيب وما ابي ارد انا اتكلم بشي قانوني يعني احد اشتكى؟من المتضررين؟وترى لبغوا يحلون المشكله يحلونها معازيبك ابخص بهالامور ويغرفون جويل العمر من يوم كانوا ضيوف بالكويت,0
"@ArabicGalliani قلت لك لاعب جيد

حتي ما اقدر اوصفه ب جيد جدا",0
@Majed_0908 تشوف انت ودي اشوف اشكالهم بعد هاللعبه,0
@_aeybinh تستاهل اللي جاهل وبنات قطر محشومين عن هالاشكال,0
"#زد_رصيدك62
اطنخ من ينوب عنككك ي ابوووحور 
محزمك المليان عبدالقادر الشهراني

@abohor_ 
@qedoo https://t.co/Ooi18OruSd",0
"@jahwarya @Meshal_Alnami ان طيرتي لحيته بيضعف، 
لحيته كله Fat و Calories",0
يا أخي أنا مو اللي بقلبي على لساني انا اللي بقلبي على وجهي للأسف 😌,0
#اقاله_دياز_مطلب_اتحادي 😂😂😂😂😂😂😂😂,0
@ArbWoolf انجازاتنا اولا في الافراد ان نحن من اذكى الشعوب، ونتكلم لغات اخرى بطلاقة، على صغر مساحتنا اللي قد تكون مساحة مدينة في بعض الدول ولكن اقتصادنا الغير بترولي والامان مستقر، ونحن من اطيب الشعوب واللي يشكك في هذا الامر يعني يشكك في نفسه واخلاقه،نسبة الامية وخط الفقر عندنا معدوم والخ.,0
@Abdulghani_q8 محد راضي يعترف فيه. الكل متبري منه 🤣,0
"@Al3omda20121 @janoubalsourra_ هههههههههه
يعني شنسوي نسفرهم بره 
خل يتعلم ويشد الحيل والله يفرجها على ديرتنا 
ما نترقع",0
"@aameermd شفيك شغال قصف 😏
الله يقدرنا على خدمة الناس",0
@almansoori هذيل متخرجين من مدرسة زايد الله يرحمه ويغفر له,0
"@ALMRISEUL ههههههههههاي
مصيبة اذا فيه نصراوي مصدق هالكلام
#النصر_الوحده https://t.co/gqIspy621C",0
اجازة #اليوم_الوطني89 ٤ ايام يعني تقدر تسافر وتنبسط وتفلها عاد تطبيق @almatarapp قرروا يشاركونكم فرحة العيد الوطني ويعطونكم خصم ٩٪ فوق ان الرحلات عندهم اصلا مخفضه يعني ادخل واحجز وانت متطمن ورقم التواصل موجود بالصورة فالكم طيب 🇸🇦♥️ https://t.co/TDouddO8cw,0
@iElessar محسوبين بس مو منكم 😝,0
@hekmatassi واضح انك من بنات المتعه عنده,0
@mariamasbool ولا مره جربته ..ماعرفه اصلا😂,0
"دعوة للضحك ،، اهلا تيسير واهلا باخشوين
امام شنايدر ❤️❤️ ،، وحشتونا https://t.co/ijXOmTKH1X",0
"خلاص يا شابات وشباب تويتر … ناموا وانتوا مطمئنون وباجر الصبح مارسوا حرية التعبير واذا حبيتوا تتجمعون فمافي احلى من لمة الاحباب في عمبر ٤ 
#البحرين https://t.co/sp27vSlS4X",0
@ahmadALkayd @SalahAlelaj حلو ان شاءاله تختارونه بدال كمال 😉 يالكايد وانشوفه ملك مملكة السعوديه,0
"اشوف شئ تخطيط قدام البيت ، احتياط خلوا الفنيين جاهزين ترا لازم ينقص الكيبل .
@Omantel @AskOmantel https://t.co/UOSunAYHON",0
"الاشغال
قامو يشتغلون علي شوارع المنطقه العاشره مع بدايه المدارس ف الشوارع شي لايوصف يعني الحين من ٤ العصر لين ١٠ بليل لاتفكر تطلع كل مكان واقف زحمممممه 😱😭

وينكم بصيف يوم الناس مسافرين والشوارع فاضيه 😪",0
"@ali_al_amoodi @sa507ed1 
✔️ لسانك يبو محمد .. والف مليون تريليون مبروك يبو ياسر التخرج والله يديم افراحك .. يبغالها شي يمشي على اربع 🐏😋",0
@Bu_Noura73 كلامك يا خوي مش مفهوم حاولت افهم شو تقصد ما قدرت ممكن توضح أكثر جزاك الله خير,0
"تدري وش اللي يدبل الجرح جرحين .. لاشفت لك مطنوخ والوقت ضده

#اخر_الليل",0
@Bathna_ فوزكم المباراة اللي طافت كانت اكبر هدية ... هارد لك 🌷,0
@almarai كم عدد الموظفين عندكم الاجانب والسعوددين 😎ترا اذا كذبتو اعرف سعوديين كثير بيطلعون خفاياكم,0
@alhusayen @Qassim_Alyafei @qat440041 @fahadalmaimoni1 اخوي انت غلطان ومعلوماتك كلها غلط ايران ماهي عامله لكم حسبه ودليل استقبال الاعرجي اللي ذبح السنه عشان يتوسط لسعوديه عند إيران ولاتنكر هالشي,0
"@nsalhusseini هذي كلمه دايم نرددها قبل كل إنتخابات
ولكن معظمهم يرجعون للمجلس",0
@bogaili صح الله فكرك والسانك ،،، دائما مبدع يالشاعر الذرب السنافي,0
@BINT_QTR974 @TaimAlFalasi حبيت اقولج يا ( خيلي خوبيه ) حكومتنا فيها ايمان واسلام مب حكومه صهيونيه مثل حموده مالتكم بتاعت النسوان 😂🤣,0
@Emarateyh فديت ضحكتج امي 😍❤️الله يحفظج,0
@izx01 @r_squrose ابا اقول اكثر بس صايمة 😑,0
"@saudq1978 يعني مرتبته اعلى من مرتبتك صحيح؟ لان الكل ملاحظ ان من كل ١٠ تغريدات ٩ منها عن قطر! 🙄

#ماخفي_اعظم",0
"للطلاب اللي عندهم بحوث في الجامعات يستطيعون البحث في""http://t.co/s8VAq35Rt1""
أفضل من البحث العادي، يوفر مقالات ودروس من دكاترة وجامعات #جسق",0
@BoAdly لو يوجد قانون يردعهم لما حصلت هذي المهازل ولكن مع الاسف مخلين الدرعا ترعى,0
من باب ساعد أخاك المسلم اول ما يوصلنى خبر ان اَي عضو في البرلمان يبي يسوي show ويبي يفتح ملف التحويلات والايداعات مره عاشره راح اقول لكم علشان تواصلون وصلة الردح والسب والقذف,0
@al_wisal المنتخب لو يباري فريق حارتنا راح ينهزم  😕,0
@ArabicBalotelli هوه نذل..ضامنه ببلاش في يناير لكن حاب يكاسرهم وينرفزهم شوي..اخر شي بياخذه بمليونين وبذكرك,0
"@mk_aldoserii صباح النور ،، دوامك جميل صدقني
انا دوامي اليوم من وحدة الظهر لين ١٠ في الليل 🙂🔪💔",0
"@5orever91 @Oman_GC @ShuraCouncil_OM ليش نحاسبه الجنيبي

كل نحن اللي مختارينه يمثلنا",0
"@hassanalishaq73 يعني أمريكا تطلب وساطة قطر 😎
الجماعة يشبون النار و قطر تصب عليها ماي
بيموتون حمير الحصار قهررر 😂😂😂",0
عرضو من بداية مشهد ادريس مع ياماتش بالمتاهة 😭😭,0
@y6W12m2MjeYk8J3 نيست بطولة الدرجة الثانيه 😂😂,0
يالربع اعذروهم ناقصين فهد الانصاري 😂💚,0
@3333Nsr اللهم امين وياك يارب,0
"@khaldialseef أنا مدري ليش حطوا من الأساس (منطقه مقسومه)
المفروض اللي بالخفجي للسعوديه واللي بالزور والوفره للكويت
وكفى الله المؤمنين شر القتال",0
والله انك منشار يا أستاذه غادة😂👍🏼 اتحدى منشار الطبيقي يسوي اللي انتي قاعده تسوينه 😌 انشري بارك الله فيك😁😆 https://t.co/4XoZe1spt5,0
@FWC22 @omarhuss هذا يمني 😷 يخسى يكون سعودي,0
@aboassr الكورة في مرمى اللاعبين اولاً انت بكلامك تحط المدرب شماعه وتنسى اللاعبين,0
"ما تطفي جمرة الاحزان شربة بارد الما
وما تنسيك الجروح الكايدات الجرح الاول
.
ويش أسمّي وأنت في كل المذاهب ماتسمّا
حاجة بين الضلوع العوج تمشي واتجوّل 
.
أنت مثل الحاجة اللي في يدين أخوان شمّا
والحوايج في يدين اخوان شما ماتطوّل",0
"لاتخسر قيمتك بـ كلمہ ، ولا تفقد
احترامك بـ زلہ ، ولا تجعل همك في
الدنيا هو حب الناس لك ، فـ الناس
 قلوبهم متقلبہ تحبك اليوم
    وتكرهك غدآ..",0
@walaa3210 @Mooli09 ما اسمع فعلا احس تخرب روحانية رمضان,0
"@fateen21 عندي عرض لصيف لايطوفكم 
جوائز  فيها موبايلات. وفيها تذاكر 
وفيها كاش 
حياكم",0
"ما شاء الله الميانة طايحة 
هلا الشيخ ، وصبروا علينا، ووثقوا فينا، وما نبي قوات درع الجزيرة، كان باقي يوقف معاهم بدوار النفيش وتكتمل المؤامرة https://t.co/stOh2DIwYK",0
@3inawebjnoon @Ghanimalhajeri @alainfcae دقايق وراح يعطيك بلوك,0
عُمر المدّه ما كانت مقياس للعلاقات،ممكن شخص واحد تقضي معاه شهور معدوده يعوّضك عن إنسان قضيت معاه سنين،المسأله إحساس مو وقت.,0
"وزارة داخلية البحرين : كل بلدة لازم تصلي في مساجدها .

عطوني نص شرعي ديني قانوني عرفي من أي طائفة عشان اقدر اوقف وياكم .",0
"اللي يقول #روما ينقصه جناح او ظهير او مهاجم او مدافع او بطيخ

يشوف المباراة
ويشيل ايسكو من مدريد ويضعه مع روما وبعدها بكل بساطه وسهوله وبكل أريحية بتعرف وين المشكله والخلل وبالتحديد ماذا ينقص روما 🙂

#R4ELive",0
@yemen2122017 شف على شوعة قبل عمليات التجميل لو يدوها ويزيدوا يدو وزنها ذهب محد يشلها 😂,0
".   🔕💭🔕

لا تـدق صـدرك وصـدرك عليـل
ولا تشيل السيف وعظمك ترف 

الشـوارب ع الرجــوله مـو دليـل
الرجــــولة بالـمواقــــف تنــعرف",0
@QuretamAtef @ghadaoueiss لعلي أفهم 😁طيب ان شاء الله افهم على إيدك مع  الإعلام بتاعكو وسياسة يا قاتل يا مقتول 🙄👀  يعني بلد فيها ملايين المعتقلين في السجون وجاي تفهمني ؟؟ تفهمني ايه بس,0
"@moh77moh666 مستحيل .. مب لهالدرجه 😂
موسم صعب واكيد بيكون اصعب من المواسم الماضيه .. واليوفي اكيد بحاجه لعمل كبير ليثبت علو كعبه وسيطرته في كل عام 👌",0
@durarr_ زين تو عاد خليتيه يحذف التغريدة,0
@_REEm500 افصل عنهم الكهرباء يصبحوا تألف,0
"@N16675403 @junonuae البيرق 
أولآ صديقه تكتب هكذا 
ثانيا انتوا نظامكم القريب منكم تمدحونه واللي ما تعرفونه ما تعطونه حقه .. 
يا ساتر !",0
الشخص اللي ماتوصله هدايا معناته شخص غالي و مافي شي اغلى منه 💌🤣,0
@92_uae_ @TamimBinHamad انشغلي بنفسج ومالج خص تنطين بحساب اميرنا،، حركات الهيلق شوفوني انا موجوده خليها بحدود بلادج.. وقولي حق بشكارتكم تسويلج شاي نعناع يروقج😂😅,0
#صراحه اذكرو الله يذكركم,0
"@5Alzubi 
ههههه الحرية في الحش الانبساطي ,",0
"@saudalzaabi5 @_FALCON_01 يا سعود إذا كلمة الحق تزعلك
راجع نفسك

👍🏼",0
"#المراه_السعوديه_تسوق
كل اللي شفتهم يسوقون على سيارات فارهه ماشاءالله، وين الكورولا والاكسنت؟",0
ماجد المهندس ورابح صقر وعبدالمجيد عبدالله وراشد الماجد خسروا جماهيرهم في الكويت وقطر...اي فنان خليجي سواء مطرب أو ممثل يتدخل في السياسة والخلافات بين دول الخليج راح يخسر جمهوره حتى لو بتغريدة أو ريتويت,0
"@bahja_95 جميل جدا المشاركات 
والاجمل دايما انه قبل عن نتهجم فالكلام نتأكد منه اذا فعلا صحيح ولا خاطئ .. 
عشان نكون ف واجهه صحيحه غير مشكوكه",0
@iZwaya في نفس الوقت الشرطة عندنا في كل مكان ولو تطلع على الخطوط بتشوف يتم توفير دوريات واقفه في هالخطوط او مراكز شرطة قريبه وكل مكان .. الباقي على سلوكيات الناس ، وعلشان تتجنبها وانت تشوف واحد مسرع خذ الشارع اللي فالنص وعطه اليسار .. وانتهى الموضوع 😁,0
@xpn007 @M7md_Al_Pacino @Mustafadbh الا انا.. انا صوبي الموالح.. ما احب الحلا,0
"منهو هرج بي في قفاي يولي
ناس على لحوم المخاليق جياع

أنا علـــى العليا محلي محلي
وتركـت نقال الحكاوي على القاع",0
@h_zainaldeen شفيك بوعلي، خلصوا السوالف؟,0
"احــنا رجـال اليمن واحــنا سـيفها المسـلول 
واحنــا رجــال العـروبه واحنــا احفــادها ✌️ http://t.co/T6l19AdnF6",0
@yasermaali @faliahmed_ @Apple ههههههههههههه اشوه من تضيع وحده بس 🤣🤣,0
@ibnzaid2009 حسن زيطه ايامك ايه يا خسيس,0
ولك ونيس وين @ بجواخير چبد ان سلمت من الرطوبه جاك العجاج. وقال ونيس قال 😏😏😏 https://t.co/gYujoADtXF,0
@ABUGASAM @Dr_alqarnee صح بدنك. ربي يعافيك يالغالي,0
"ساري وأصوِّت لَك أبيك ..
النَّظره في عيوني تبيك ..
والرَّعشه في قلبي تبيك .. ❤",0
@fahd_bin_hadi ووجهك ابيض الله يحفظك بوعبدالعزيز,0
"@bof9laa 

حتى الدقل راح علينا وانت الصاج يالكادح حاليا إحنا قاعدين على طرف التريج!؟",0
@opop212121 @kaledgadee @skills_sa يستاهل كل خير مخ كروي بحت وشهادات وانجازات الله يوفقه,0
@CNBCArabia الحمدلله ع النعمه والخير، الله يديمها ويبعد كل متربص وحاقد وطامع في دارنا,0
@Wafaa__karam @KhaitanNews اوف.. قديمة هذي مادري من وين طلعوها 🙈😂,0
@ali_q6ri @AJArabic عاد الحين بنخاف احنا من اللوتي العيار الكبير 😂💔 والله محد درى عنك ولا عن ويهك ياللوهه,0
"#استقبال_الزعيم_بالمطار
يعقب ويخسي وش عليه بس
هم الي ضيعو الكاس لعيبه اكل ومرعى وقلة فايده",0
"صداقة هالوكت للأسف ماتنراد
وغلطان اليكول أهواي صحباني
ماضلت صداقة ولا بقت اصحاب
يا كلبي الفطير شبيك شمتاني
بس وكت... http://t.co/YZb6kckhdh",1
الله اكبر الله اكبر ولله الحمد http://t.co/HHfrazKhfx,0
@A_3siiri اللي يدعمنا هو جيش الكبسه الجيش الشارد جيش المسعودين هاهاها,0
@BAHRAINDOCTOR مساء النور دختورة .. ومأجورين .. تهلوسنا عليش عفر,0
"#ازمهمبتعثين_عمانيين
وبعدين اللي يقول ناس مالهم خص بالموضوع 
تراه الموضوع يخص الجميع",0
كنسل قول البا مانبيه,0
"@AJABreaking افاااااااا 
وين راحت فلوس سلمان زهايمر 🤣🤣🤣🤣🤣🤣🤣",0
"@idekhail1998 @Alzeibi اويلي لو يجي رابيو او لو سيلسو
ياخي شي قوي",0
@1976_Oman @tft82 @alakhtark يالله مستحيل ومن سابع المستحيلات لان وصلنا لدرك الاسفل,0
والله ثم والله اقسم بالله تمثلني كيكي أيه و خره ايه😂😂😂😂 https://t.co/12WHGkhnBM,0
@nassir_314 انا اشهد 😂 الله يرزقنا,0
"لما يصير لي بارض أسوي كل شي مع بعض
وفجأة يختفي هالبارض🙂",0
@__9S1 شوفي شوفي خلي تيكر يطلعلج,0
@abdullh1074 @Dhahi_Khalfan الحل عمره ما بيكون ف الرياض و صدقني ف الأخير إنتوا بتركعون لنا و بذكرك,0
@AlkaabiAs ربي يغفر له ويرحمه 💐,0
"هرج القفى في غايب الناس تالف  
قلّت حيا وذنوب من دون قيمه",0
"@Forza_3ziiz محد مستحي
الاب يبقى على جنسيته
وانا ابقى على جنسيتي

لكن الابناء هم اللي لهم الحق 
مثلهم مثل 168 دولة حول العالم",0
@Dhahi_Khalfan الله الغني عن هالاهل والجيره تبرينا منهم 🙂,0
"@3mania11 كلام فاضي بدون ادله تجميع من هنا وهناك واي واحد يقدر يسوي كذا 
خلك ف المطبخ بلا برشلونه وريال",0
@smuziny1 هلا وغلا بالامير  ياجعلك سالم يارب والله يخليك ويحفظك ورفع الله قدرك وشانك ومنزلتك  اتمنى ان اكون كما قلت ياحبيبنا الغالي ❤️🌹,0
@admiralq840 اي عادي انا بانستقرام فولورزاتي فوق ال ٢٤ الف 😂 واهي تويتر .. ونشوف يمكن نمسك اخوي سناب و ابوي نطلعه بالتلفزيون و نخلص,0
"@DisaronnoSK @Alrad3sa اقطع واخس ماجاب سيرة الاتراك
العلج قردوغان قال بس",0
@HamadShanab داوم قبل لا ينشون 😒,0
حلوة ومريحة  لكن التقرض  بالاسنان  احلى https://t.co/3JKKDl2PPt,0
الله يوفق منتخبنا باجر و أتوقع باجر غير غير لعب و نتيجة 🇦🇪,0
"ثاني مره سيارتي تبنجر و اني خبر خير 😂💔

طبعا ما انتبه انها بنجرت الى لين احد قال لي 🙂💁🏻‍♀️",0
"@ALHILAL1_FR وهم وهم وهم ..

الاداره وزوران مابيروحون ريحوا انفسكم",0
انا مواطن عادي ولاأفهم بالسياسه ولا الإقتصاد لكن افهم شي واحد؟انه ديرتي بكبرها راحت وقدرنا نردها بفلوسنا بعد اذن الله وطيحنا قروض عن دول1⃣,0
"شفت الفلم

فعلا رهيب https://t.co/NxxbUqucMV",0
@RHMN_H @N00RA1984 @jaberalharmi اضحك ياصباب القهوه محمد بن نايف ووينه,0
اكثر مغرد استمتع بالثريدات الي يسويها https://t.co/cFz40anSZI,0
اررررررحــبووو ....هاذي انا رجعــت لكم..يالله حيووني اللي يحبــني يرفع يدينــه 👆🏻👆🏻👆🏻😌🙈,0
المشروع هذا أعطيه سنتين بالكثير ويتفركش او يتحول لجولي شيك 🤣,0
@abelquaety اللى بعده كل شى عشوائى للاسف رجال الجنوب بتروح بدون فائده تذكر رحم الله الشهداء,0
@hayon_97 😂.. خلصي اختبارتش يا الطيبة,0
الحين عين الحسود فيها عود .. عين الحقود شنو فيها 🤔؟,0
حلاق هندي و تسوي عنده تنظيف 💔😭 ليش تأخرنا ياريال,0
@om_jassim_2 @bentalzebarra @bint_elderh1 @greyhair01 عادي تقدرين تحطين علبه وحدة وقليله الدسم بعد تطلع حلوة,0
@frd8500 @kd_a14 من ذا واكثر يارب,0
@ibra_alfrayan ما بقي أحد ما صورت معه ولا تنقي إلا البنات والورعان وافهم يا فهيييم,0
@_zico9 تافهين و زين كلتوا تبن امس,0
"@60337788 @exorans @walaa3210 @khota82 @nouravx_ افزع لك وين يرحم امك 😭😭💔
جاتني كتمه من الي تفكر فيه 😭😭😭💔
انت منجدك امانه والا تمزح 😭",0
@alwadei151515 @mathabi_yt بيرجع يدعس  على فمك يبن الممتعه أمسك أخلاقك جعلي اخسبق. يامتخلف روح تبردقق شمه .والله مانا مؤتمري بس بنتحد عليكم  😷🌚,0
@Ritti1992 هههههههههه يسويها لا سييرا هو الي راح يسويها,0
وبعدين شهالحاله 😂 يعني اذا رحنا آسيا مانطلب بيض من عندهم ؟ https://t.co/3Tz2vF4QOU,0
@FahaD_3030 😂 كنك داري عن اللي بالخاطر 😍,0
يااااااااا حب كل الحالمين عراق,0
"يعني خبر ما معروف مصدره !!!

ولو إنه خبر ما يضيف شيء https://t.co/AylNXvYMEw",0
@3meed_news سلامات !!!؟ قلنا الشقق قرب بعض بس معقوله المفتاح نفسه للشقتين🙄,0
@kahli8998 @ujVPbdy3Az2THKX ده شنو القرف ده ديل ياهم الدايرين التغير شايلين اعلام مصر والله الكيزان والإسلاميين اشرف لينا منكم يا اولاد العاهرات تباً لكم يا تيييييييييت,3
غابي بدع سوا اللي عليه وزيادة,0
@mohamadalhajri تستاهل بوخالد هالاستقبال والتكريم,0
@khalidsaif76 @Catalon21467476 ادري 😂😂😂😂 ليش اليوم معصبين علي حرام عليكم ما سويت شي ولا  راح ابجي عناد طق يا مطر طق 🌹,0
@Ahmed71994 ممكن رابط الحجز اونلاين احمد ؟,0
"أراجوز #الدوحة حتى في الكذب فاشل 
أسلوبه وحركاته تفضخة بدون أدلة أو براهين  
كذاب مثل معازيبه #تنظيم_الحمدين 
#حجاج_قطر_في_قلب_سلمان https://t.co/7itPMFJbKE",0
تويتر لازم يراجعون فكرة نظام الـpromoted  tweets  . . انا شو ذنبي اقرأ هالرد فالتايم لاين ؟! https://t.co/9Oly8vbs9y,0
"من باب الملل:

النكتة اللي ارسلتها الحين
   راح اخليك تقراها مرتين
النكتة اللي ارسلتها الحين
   راح اخليك تقراها مرتين

    شاطرين👏😂",0
@zyt0nh_ @mohm2222222 نعم ما اكلهم تو اول هيه حتى الفنازيز والدود مال النتفه بس تو هاعه 😂😂,0
"بالبدايه كنت اظنه اعجاب عابر 
بس احساسي خذلني وماصدق
صرت احتري جيته وماني صابر
ممتلي شوق ومشاعر وقلبي غرق
#سمر_البحرينيه 🇧🇭",0
"#نوال_الكويتيه_في_الشريان
@nawalalq8iya 
♩🔈🎻🎧🎸🎺🎤 https://t.co/tsmpe6L5Jb",0
@Abdulla65552323 @ALWEFAQ فيه نفيش ... اذا تبغي,0
#النصر_ضمك مبروككك بدايه موفقه,0
للحين ماعرف ليش صاحية لحد ذا الوقت!,0
"العذاب 
 تذاكر لطفل مايرضي يقر 😒
متى بتخلص الامتحاااااااناااااات 😠",0
"#اشرح_معني_السعاده
باختصار
انشراح الصدر وراحة البال https://t.co/byrpNnXCyA",0
@NajemAlmansoori رغم ذلك وكل الانديه اللي ذكرتها ما تتعاقد مع 7 محترفين في كل موسم، حتى بعض الاسماء اللي عندهم تتمنى ان يتواجد احيانا محترف منهم في النادي اللي تشجعه 👍,0
عندي فكره. ونوفر الملايين من شراء البصمه. وسهله وهي كل مسؤل بوزارته يجي قبل الموظفين وب مكتبه يصور بالنقال كل موظفيه https://t.co/NJ8mLmzAkw,0
@alko0s @HBZstadium @alainfcae @Ghanimalhajeri المشكلة بأنهم محتاجين تنبية على كل شي من تصوير لتسويق وغيرها ،، صراحه شي غريب 👎,0
سمعنك الحريم وردهن عليك. معصي @ وذا فيك خير. ررررررح خذلك آسيويه. ي الله الخلا الخلا. 🙀😏😏 https://t.co/hN0T34XPum,0
@khalidalhaill ههههههههه .. خلود وين مختفي من زمان ماشفناك .. هههههه,0
أسهل من الكذبة على شفاه الطفل .. فرقى الأحبة ياهوى .. أحلى من الحلم اللي ودي لو كمل .. كانت ليالينا سوى ..!,0
"#الشعب_القطري_يطلب_تميم_بعدم_حضور_القمه
الا هذه يا #تميم_المجد  ذهابك لهم مانبيه
تعودنا نطيعك ياابوحمد بس هذي المرّه لابد ان تستمع لنا 
الا الذهاب للرياض مانبيه
طالبينك اياها طلبه",0
"كل كلمة والثانيه يقول الشيخ هزاع
للآن يتملق 
ومب قدها يقول عرض الجزيرة المالي اكبر وأنا رحت للعرض الاكبر https://t.co/VzBgcAUKwH",0
"@siiiia11 @saddawe9 @salhrqe @saudq1978 @Turki_alalshikh جهزو السلق اللي هنا بشرب كرك واجي 
-
وبحاول اشوف موضوع الضرائب لكم 
فيه واحد من الشباب يمون على بنت ترامب 
وهي لها كلمه عالدب وابوه",0
@salem_alahmadi يعطيك العافيه وموفقيين. لو ماخذين صالح المحمدي مساعد للفريق الاول بيفيد الفريق كثير وفى نفس الوقت يكون جاهز حق اقالة المدرب اول الضحايا المدرب وانت فاهم قصدي,0
@hassanalishaq73 جيري شكله صاده الراش😂,0
@boturkiqtr1 @qat4400444 عينتوا #ال_كحلة وش علومهم و #حقوق_الغفران_في_قطر  مالقيتوا لنا حل شحموا وتلايطوا والبخوا منا حتي قيام الساعه ياشلة الفلس ياعباد المال ما كن احد زاد راتبه الا القطري عام 90 م الحال يرثاله الله يذكر البرازيلي بالخير ،،،،نشمت الين صرنا نتودد الطلعه,0
فوائد سمكة الچم شي غريب سبحان الله واحنا نصيده وما يبقى جدوم ولا نعال ما نطقه فيه https://t.co/55FPIbCdg1,0
@bo_taib المفروض اكثر من ٧٠ كفاية انّا مستحملين الحر والزحمة ومافي مواقف حق السيارة ويخالفونا بعد وهم هناك في البراد هههه,0
"@ahaaat990 صحيح ، واتفق مع اللي قالك خذ التذاكر اونلاين ، وما اعرف الموقع لكن شوف يمكن يطلع هذا 👇
https://t.co/1VyP9bfHna",0
"@IRONALDO_FUT انا عندي مشكله تحديث السوق ومب راضي يزيد مع اني اشتريت من الكتالوج
 مشاكل اللعبه كثيرة",0
@alekhlas11 من جد انا ما ضيعني الا الأجانب حسبي الله ونعم الوكيل.,0
"استغرب مقارنة صفقات الهلال بصفقات العين على فكرة محمد بن سلمان سدد ديون كل الأندية السعودية فوق هذا عندهم حضور جماهيري كبير يدخل فلوس لنادي وانت ناديك لين اليوم مديون و الحضور الجماهيري ضعيف فالدوري الا لمباريات الكلاسيكو ينمزر الملعب 

شوية واقعية :)",0
@BAHRAINDOCTOR نحن في أوروبا لهم بالمرصاد،، ينكد عليهم و بنخليهم يروحون الهند يعيشون هههههه,0
@EPL4ARABS واقعي و صادق مع نفسه,0
@jeekr69 هذي بقشة قريقعان بعد شنو 🤔😂👊🏻,0
@fahadq6r6 @monther72 هذا الجيفه لو يشوفه الحوثي ادفنه وهو حي وتفل عليه 😌وستخسر الرصاصه فيه🙂,0
"وش حيلـة اللي كلما نـوى عانـده ظــرف
يطـــرد ســـراب الحــظ و الليالـي عاندنــه
بعــض الأسامـي ممنوعــة مـن الصــرف
و باقـي البعـض مهمـا صـرف ما جملنـه
#عبدالعزيز_الرويحي",0
الحمد لله استنسر و صار سنور ياكل سمج 😌❤️ https://t.co/fi9rOu1uwS,0
لا تجذبني الاشياء المتاحه للجميع,0
لي ديرةٍ غرب الرياض تسيدت روحي وقلبي سكنها..اسمها المزاحميه ديرة اهل الكرم والجود واهل الحميه!!                                                 💙عبدالله التمااااامي💙,0
"@aljalawi @Osama11 
😐😯😐😢

انا متعصب للجلكسي اشوفه جهاز تلفون 
أما الاي فون اشوفه ريموت 

يمكن شركة سامسونج تشوف كلامي وتعوضني 😉😂",0
@S__W__H يسعد صباحك ..الله يحفظه يارب❤,0
الف مبروووك فوز منتخبا الوطني. وتستاهل يابوحمد🇧🇭🇧🇭🇧🇭🇧🇭💃💃💃💃🇧🇭🇧🇭🇧🇭🇧🇭🇧🇭🇧🇭🇧🇭🇧🇭 https://t.co/mEUpxl9Yof,0
"@HoseinMortada طلعوا كساب العتيبي وزايد العمري فلاسفة عند هذا
بعض الأعراب يحطون مظاهرات في دول أخرى وشرطة المكسيك يقتحمون متجر ممكن تنبلع
لكن هالصورتين ؟ 😂😂",0
"كنت لما امرض بشي اشتكي حق امي الله يرحمها و احس المرض يخف عليي مع انها ما تسوي لي شي بس مجرد اني اشتكي لها احس بالصحه 
الله يرحمج يا يمه",0
قادتي_سر_سعادتي ولي العهد #بوخالد و له منا ولاء و عهود نود اللي يوديه و نعادي كل عدوانه http://t.co/TTlELhJonK,0
@n2uf @KHK ويحرقك قبله وانت حي بس ماتموت عشان تتعذب في الدنيا والاخره,0
@ItcSaaed سعيد كيف اقدر انقلك المبارة ؟,0
@sul535 يخسي لحيته إلي مهب على رجال ، خاين ولد عمه وشعبه خلهم ينفعونه اهل الفلس,0
@mmno30 الله يباركلك يا بوحمد .. بإذن الله,0
خوش عيديه  🤓😬خربوا الاغنيه https://t.co/PVAY9ACV7l,0
دخووووول دياكيه غيررر كل شي فالفريق 💜👏,0
"@AlshahabiYousef @boursakw @cma_kwt بو فيصل تعرف احد عنده اجوان 
اذا تعرف خل يدق علي هالرقم https://t.co/vywe5yPgEV",0
@K_binalshikh @oin_rt رحم الله ابو متعب رحمة واسعة,0
@FX06_ وين بتروحين فالاجازه حبوه,0
@khuloodEs الحمدالله الله يوفقج وتوصلين للي فبالج 👏🏼💪🏻,0
@lailal222 @Stateofrights بس هذا كلام ربنا على لسان عزيز مصر,0
@Fawaz_Almanna هههههههههه متابعين قدامى انا ويييين والكره وين,0
@krg_87 اي والله انا أشهد 💕,0
ما يستاهل الزوري اللي صار له,0
"@A0500A50 @aaaljasser والله الشرهة ع المطيويع اللي جاب هالإشكال
اجل واحد يقول انا مدير اعمال الحارس وهو قالي لي واكيد صادق
والثاني طلع خبير شفايف وكأنه جالس مع عطيف وسمع قوميز يقول ايوه بيدي بس لاتقول لحد!! لكنه غاب عنه كيف قال له وبأي لغة؟؟
مثل هالدجيج مكانهم المدرجات حرام يطلعون لو بشريط فيديو",0
"@NikonTrain @MajedAlasmariAP @ABK3tb تشككك بالناس
وعلى اساس انت داخل تويتر بجواز السفر
وجاك مختم لك🤔",0
@Fahadeno01 السلمانيه  اقولج بس استريحي والله لو تحصل لج الجنسيه كان انتي اول وحده تبي تاخذ الجنسيه وع فكره ماعندج غير هالكلمه  المنتخب المجنس ترى قديمه انتي شخبارج جيبي شي يديد 😂😂وربي انج جاهله  روحي اشغلي نفسج في شي افيد لج,0
@rooz82441 سافرت تو شلوها المطار حتى الشواء ما واحتبه 😂😂,0
"بعض الوجع مايخليك تِبكي,بس يحولِك لشخص هاديء ماله حّس.",0
@bader_9993 @t_emaan91 @KSA24 @nas11ney ههه صدقت وناس طرابزون واوزنجول عايشين بالفطره طيبين وهذه لاتعتبر مدن بل ارياف روح اسطنبول وانقره والمدن الكبيره شوفهم على حقيقتهم وشوف النجاسه زي الناس تكره اليوم اللي فكرت فيه تروح تركيا,0
@iaMisteRony @freebavarian شدعوه هذا بنزيما مو رقم ٢٥,0
@Hamed_Alali حق التصوير ياجماعه 🤣 لحد يفهمه غلط 😐,0
"@101aladawi ما منفعل
بس اشوفك تقول جمهور ما مثقف 

هووو اصلا في جمهووور في عمان غير جمهور صحار لو تمر ١٠٠سنه مافي جمهور مثل جمهور صحار 🤣",0
انته تشوفه طبيعي و نحن نشوفه دياثة 🙂 https://t.co/EaYANbQqdj,0
@mShareeda شنو يبيع السوق المصري عندهم ؟,0
@Znouwbsh اصلا هالنوع من البنات مفروض تكون منبوذه بالمجتمع .. محد يرافجها ! شالدعااااله,0
@heekma ذكرتتي بنكته المحشش ضربه اخوه كف قال ليه مزح لو جد ؟ قال: جد قال المحشش: تراني ما احب المزح ابد 🤣,0
@salmanaljabry7 اي !!! انك تقعد معاي,0
"#خلوها_تخيس

حتى مزاداتهم غلط. يطيرون السعر بمزاد السلال ثلاث أربع أضعاف المعقول ومن رسى عليه أخذ السلتين الراهيات ومشى والعالم انلزمو بسعره",0
"@hassanalishaq73 @BMBader @AAzizAlJanahi محزم تميم يتكلم ويرد على المنحطين من دول الحصار ف ايش اتوقعون منه يقول لهم تبونه يتكلم بأدب مع ناس قليلة أدب هو يكلمهم بنفس اللهجه الي مايفهمون غيرها والي مايعجبه لايتابعه
اما بخصوص الصوره فالمفروض المرزوقي يسلم رئيس الوزراء من يصور معاه او من لايصور معاه 
والله ومعطينه وجه",0
@Sharjawy_21 @binthyban مع احترامي بس انا اعلمك فالكوره 😎👌🏻اعرف ان الشارجه ملك الكأس ما اختلفنا لكن شو انجازاته غير الكاس ي فطين عسب تقارنه مع العين 🚶🏽,0
هذا الي يبيه الدقباسي استذبح  علي القانون عبشانيقعد رجالنا بالبيت وهو بسن قمه الشباب والطاقه والنشاط والوافد ٦٠ و٧٠ سنه بوظايفنا ذول نوابكم https://t.co/1Tgm9ZTKV1,0
#قطر_اليابان #كاس_اسيا 😂😂😂 https://t.co/EcFiq4yP76,0
يعني لازم نداوم بكرة ؟,0
@almula76 ماشاءالله الاخ بويوسف صديق وعزيز، مدرب معتمد وخبير في التغذية واللي حاول ينزل وزنه وماقدر عنده الحل السهل والفعال 🤙,0
"في
معارض يصير حكومي…
حكومي يصير معارض…
بس دشتي نوع جديد يعني مو واضح نفس المتشبهين بالنساء،،ما تدري هذا بنيه ولا مره!
المهم خالي من الرجوله",0
"صدرك وطن وأنا مواطن صدرك
والحاكم اللي فيك حاكم ظالم

مليت تذبحني وأعلي قدرك
خلاص أبعلن ثورتي للعالم",0
"@naseeb66 أحلئ شئ وعندك وعندنا خير 
كيفهم خل يعابلون نفسهم 
وقلنا نتحرش فيهم 🤨",0
"هلا بالحبيب.

اللي غابت طلته المسائية إلا من تويتر",0
@beefq تونا  في الحمد 😂 ما جا الصيف لين الحين😂💔,0
يالور  القداس موجود بالقدس ولهم قداستهم و اقراع الاجراس تسمع في الحرم القدسي .. وهذا دين من الاديان السماويه https://t.co/vxSXSvJWwc,0
الي يبي فلوسسس بسه تحلطم .. اشتغل بهدوووء,0
@ELHAMBADER1 هبله مرة باباي وين ما اطقها عوجه 😂😂😂😂,0
@GhanemAlmasarir عند الدب الداشر مباااح وهذا مخططه يبغي يجي عليه الدور ويخمهم بالاحضان 🤣🤣🤣🤣استغفر الله ضيع المهلكه وشعب متعوس قلعه تقلعهم الله يكفينا شرهم هالمجرمين 🙏,0
طيران راجع وطيران جاي ،، لعنة الله عليكم يا اشباه الرجال,0
@MubarakAldosari @hasanabualhasan بعد شنو فيه شي بعد فيهم شي صاير شي,0
مابعد حسنك كلام و مابعد وجهك غزل❤️,0
@saudq1978 هالكلام يدل دربه .. طرشه حق اقزامكم وخل كبارنا عنكم,0
@kwt92x امبلا ارتوت وامنشن بس مو هذا السبب,0
@bhms_11 عادي جدًا انا اذاكر وانسجم بالمذاكرة لدرجة ما احس بحولي وامي تقول لي انتي لو يدخل حرامي للبيت ويسرق مادريتي عنه 🌚🌚 حتى لما أكون بوقت الاختبار انسجم بالورقة والأستاذة تجي وتشرح أسئلة ماهي مفهومه وانا ماحسيت فيها,0
"هذا #نصيبي مٰـن #الايام مــن صغـــري 
احيان أقوى #الحزن واحيان مــا #أقــوى 

لو تدري #الناس ويش اشيل في #صدري 
مـــا #عاتبتني علــى شغلات مــا #تسوى💔",0
"@bashar__jassem 
اي كا تعرف ليش ما تسوي 😜",0
@afkartion استغفر الله العظيم .. المشكلة انه مدرس .. وهذي الطريقة اللي انعرفها وانحل بها من سنين .. السؤال .. المدرس الفاضل قبل لايتوصل لهذي الطريقة المعروفة اصلا .. بأي طريقة كان يحل لطلبة؟ .. اموت واعرف.,0
@AhdAhdo @Hvsh__ @mahmooda7x 😂😂😂😂😂😂😂😂😂😂 الله لا يخليني ف مكانها,0
@___marwh ليش محد يحس فيني ؟ https://t.co/TWwQbP2Fzl,0
يا الغبن اعصابك.... هذا أسمه ما مسبه https://t.co/xRlaMfPcKU,0
"مسائي معك .. 
نشوة شعور وسعة خاطر ..",0
#اليوم_الوطني_السعودي٨٩ احتفالات دبي ❤️ بعيد المملكة https://t.co/7f2aZ4j8yO,0
والحبايب الحين متصلين يقولون لي في صور مكررة 🙂 اذا ممكن عدلييهم 👊🏼👊🏼 اهاااااا هوو اكيييد بتتكرر صور ما انا احوليييت من الصببح وانا اطالعهم 🤦🏽‍♀️😂,0
"خلصها #الاتحاد في خمس دقايق فقط وبخمسة اهداف بس ياليت عدنان فلاته ينسونه في المجمعه ..
#الفيحاء_الاتحاد",0
@abo3asam كان الحين لابس بنطلون 😆 وكرفته,0
@ka136_ @scar_naruto الزر already محفور لازم ازرار يديدة 💔,0
"دخلنا بموسم ...

🌪غسال الخبل حوشه🌪",0
@iPhoney_ad والله أنكم ورى هالضربات😌👌,0
"-

مايمخمخ الراس الا هذا
👇🏾 https://t.co/1riLM0BK1A",0
@JALHARBISKY عيب يا الكذاب !!! تم افتتاح المطار يا الكذاب .,0
@alawadhibader @EmiratesIDUAE صح كلامك استوالي نفس الشي,0
"أحب النادر اللي ما له بخلق اللّه شبيه ،
وأحب الثقيل اللي من الصعب ينطال 💙'",0
@royal_muharraq @Muharraq_Fans بطل عيونك واقرأ مو بس تخربط https://t.co/8va43VVtZX,0
"@pacp_oman  أشهد أنك كفوو يا بني كعب 
للأمام دائما.. والشعب شآد الظهر فيكم
لا هنتوا يا حآملين الزلات لآ هنتوا",0
@5_soooom محد بيجيب لي شي,0
@ss768as @shaqsi_zaher88 @Zaid_5G سأل هذا الشيخ ما شاء الله عليه بيخبرك ما يقصر 😅✋🏻,0
@alhusayen @Qassim_Alyafei @qat440041 @fahadalmaimoni1 انت امعه ومطبلجي وسولفك سولف دليم الفلس لاعاد تتناقش لأنه عقليتك صفر,0
@f_f99_ @__Abdulla_ @hshem1 @mtg77777 @AJABreaking طيب لا تدكون دول خلاص بسهلها عليكم  .. انتو كفو اتدكون رجال واحد اسمه احمد علي عبدالله صالح اعترف ابوه ان هو الي قصف الرياض ؟ https://t.co/nxbCGolTkG. عشان معزبكم محمد بن زايد يزعل واذا زعل تعرف وش بيسوي اقلها Cd كردشيان,0
@majedhalanzi_q8 والله متاثر صدق بالافلام الهنديه 😅😅,0
"اليوم بحط بس منتجات ايرانيه 
حق اللي بيقاطعون 
يمكن يغريهم شي ويغيرون رايهم 😜
سوف تندمون 
#منتج_إيراني",0
"عيدي انت .. ودام بكره يوم عيد
الوعد بكره و موعدنا هنا !
.
أبغى لا من قلت لك عيدك سعيد
تبتسم وتقول لي : عيدك أنا",0
@8kdDvLQ8IeMpXXf 1ثوم ....صح ريحتي مب حلوه بس محد يستغنى عني,0
@wed_bh أجازة رسميه ويعطونهم والداخليه بكل أقسامها تشتغل لهم ومستشفي السلمانيه والطوارئ لهم والمرور ينظم لهم والله أمس مريت في شوارع سوق المنامه جفت العجب مو جنها البحرين كأن في كربلاء أو النجف مستغلين الشوارع الرسميه وماعطينهم علي كيفهم وبعد يشتكون بالمظلوميه أشتبون,0
@qaboosia_om ويسعد صباحك ي ذوووق🌺,0
"يا مرحبا باللّـي نوده ولا ينشافي ،
مادرى ان العين في شوفته مفتونه💙. https://t.co/Y7KAQyqJAA",0
@EngFaris1 مايحتاج .. الهوى شرقي منذو مبطي,0
@TawakkolKarman الله ينتقم منج يا وصخه. هذا اخر الأنبياء ؟؟؟؟.  ليتهم يهدرون دمج بس. الله يقطعج ويقطع كل من وراج,0
@al_khaldi_777 بالعكس لاتنسى انه هو اللي صنعلك فريق ومن عقبه قمت تحقق البطولات ، لاتنكر جهوده صج آخر موسم كان مشكلجي وماخلا حد ماتهاوش معله لكن المرسم اللي قبله سوالك انجازات وارقام تاريخية,0
"@uaen5 الطرفين مسوين ازعاج
اللي معاها ، و اللي ضدها .",0
@Nasrawi2010A لوبي كريه ومتغلل في كل الإتحادات,0
"@khalidjassem74 @abonooom ههههههههههههههههههههههههههههههههههههههههههههههههههههههههههه تتصدر
شكلك غلطت بحرف الطاء وحطيت دال الله يصلح حالك 
والله يا بيجي دق خشوم الله وكيلك",0
"#نسويه_متطرفه_تشهر_برجل_دوله

مساكين لاتلومونهم بيموتون قهر ان سلمان الحزم يحارب الانحلال وطرد صاحبهم حق عرض الازياء وباقي ماشافوا شي بإذن الله الايام الجايه سوداء عليهم وعلى امثالهم 😂😂😂😏",0
"@Bsmataldaiq8 هههههه
وجه بن فهره !!!!!",0
@KingSalman الله يحفظك ويديمك عز وذخر,0
"@ween_etsafr ما شاء الله
مثل افلام الكرتون",0
"هيا  بنت الحسين  
طلعت باثنين  مليار  دولار
من   محمد  بن  راشد  
ومنحاشه  المانيا 
محد عارف  وينها https://t.co/AUsNwTDc3L",0
@al3un جزاااك الله خييييير ولك بعد 🌹🌹🌹🌹🌹🌹🌹🌹🌹🌹🌹🌹🌹,0
@a_b50064953 لج بالكيوي بيفتح شهيتج,0
باسل خياط متحدث ممتاز ومو مستفز..مقابله جميله,0
#غرد_بفتوى هل يوكل على رمي الجمار ثم يسافر قبل وقت الرمي؟ https://t.co/ivQd630iBZ @tweetfatwa,0
@_virgo_99 اترك الاثنين ولا كانهم موجودين في حياتي بعد,0
@xUo8K9f8VEucuHb @mohd_vip123 @a_albander أقول يبو صنه طلعتم أنتم اللي تشربون حليب الحمير بس تطورت عندكم صار عندكم جبن حمير😂😂😂أخرب بيتكم اقول وسالفة الصنة اللي فيكم شوف نتكلم بدليل https://t.co/HsX1N4zoym,0
@abu3husayn هذي انا بالذمه اويلي 🔫🔫🔫🔫,0
@__9S1 مب بو منجب 😂😂 بو منيجيب,0
"قنا لكم شعب معصود عصيد 
طول السنه وهو يلعن ويشتم الحزبيه 
واليوم يصور جنب حصان الموتمر 
ويقول انا نازل 
الدنيا مخبوطه خبيط  قطنه ورجع الباقي",0
"@WatanNews 

ما قالو في فئات من الجوازات تدخل بريطانيا بدون تأشيرات ؟

الوحده الكويتيه الوطنيه انظربت من الممثل المفاوض اللي صوبنا ولا صوبهم",0
"@zid101010 
بايخه قوي ياحسين زيد بن يحيى",0
دايماً تحسسون من فوز برشلونه 😝,0
"@zyt0nh_ @ho854321 ومصبوغ الشعر حنا لاه كملي 😒😒

ما متقاعد بعدني وماشرب شاهي واجد ما ادانيه ازر قهوه مدلاه انقعها 😂😂😂",0
@7_mutlaq يدورون عليه اي شي,0
@AlghanimEG ماله لازم تتواصلون هذي هي المشكله بدالتكم وانا انصحكم ولست عميل خلاص شرينا,0
سالفه تظحك رحت اشتري جم شد بقدونس من جمعية مبارك الكبير ما لقيت رحت لفرع اخذت عشر شدات ردني الكاشير المصري يقول لكل مواطن بس خمس شدات!!,0
"امد اخطاي لدروبه عشان : اجيه ؟ 
عسى تسمح لي الاوقات و ظروفه 
انا يا كثر ما فكر و اسأل ليه ! 
صدف الايام | ما تسمح لي اشوفه !",0
"الرجال يقول  مالكم عذر..

الصبح طالع من بيتك بشتك تحت باطك راكب قطارك وقرض ابو1000 بجيبك 
 رايح لحفلتك
🎸🎺🥁

#تركي_آل_الشيخ https://t.co/qNG5zyCFBG",0
"@OmanisFollowers النخل يبغا له ماي ما تعال وزرع
وخاصه اذا كان فسيله من قال انها تتحمل العطش🤔",0
@85alghanim ياحليلهم احفاد مسيلمه الكذاب حنو لاصلهم 🤣🤭وش السالفه الحين ذي المهلكه اللى قبل حكم ابو منشار 🙁,0
"@AlkaabiSaeed92 الله يبارك فيك بوعبيد والفال لك إن شاء الله 
🌹",0
@Enpersoon @saqrA55 لاياعمي ناس بسطاء وينه وين الاستاذيه ☺️😂,1
@Alkuwari09 يعني تتفق معاي ان دوريهم قوي,0
@S3EEDOV اهم شي نفوز لو فالسلع 💛🤲🏻,0
"@Mr_BeHBeHaNi الحين عقب تكدس الموظفين المهندسين المحامين و المنافسه القويه بينهم
ماصار المهندس اقوى شي
اقوى شي اهوه المميز
الي شغله يميزه ويحط سعره
طبيب عام حاله حال وايد غيره ؟ ولا طبيب اشتغل على نفسه و رسمله خط
و اشتغل تسويق
مو نايم على عمره و يطالع غيره",0
"غلطتك علمتني كيف الرحيل 
وغلطتي علمتك كيف أني كنت مشتريك 

صعب حد يفهم !!",0
@fares صدقت، التصوير فشيلة. الريال بروحه منصدم ومستغرب من الريال كأنه شايف فعل معجزة، لسان حاله يقول سر نظف.,0
"@Alswediy 

على فكره انا من الناس اللي كنت اتمنى وصول النقابه الحاليه ومساند لها وشكرا",0
@bint__althani الزوجين لهم القرار .. والرجال بس السنه ذبيحة ف مجلسه وخلاص .١٥٠٠ ريال مع الطبخ والهريس والسلطه والبيبسي,0
حظ قلبي يوم حبك يالعراق,0
"@jehan__y ههههه والله انتي خبص في الكلام 
ولكن الصميم ....الخوف",0
فعلا ما خلق ربي مثلها بالكون ديره الكويت العز والفخر https://t.co/o5EkY1deWA,0
@saoud_k_althani قلنا مانبي ربكه و حامد يشتكي والإدارة في سبات عميق شكلنا هالسنه لا دوري ولا لعيبه بيقعدون,0
تخيل هاللقطة ما انحسبت فاول حتى!!! 😐 https://t.co/YEGFb6nCTD,0
"الله يرزقني صبر رجل الاعمال اللي

ينتظرالسواق ينزل عشان يفتحله الباب 

انا افتح الباب قبل ما توقف السياره😂",0
@AmAlahbabi1 @kama5beel زين له الحين😩يااااخي شعب يحب ايييب الرمسه لعمره الا من رحم ربي 😂😥,0
@altlid22 @adadsaudi_drive افرحو عساه ما يفرح غيركم بس ودنا بالوظايف تفرحكم ازين من القيادة,0
"ياهمتاه 
واحد ابريل تغريدات كذبه ابريل بديت من اللان 😖",0
@FX06_ @Nh007_ وانتي يعني لازم تحشين قولي الله يهديهم,0
@boshwaired لك طولة العمر يالحبيب,0
#المفروض من وزارة الصحة وضع الاطباء والممرضيين الوافدين العنصريين ذوي الاخلاق السيئة تحت المجهر ومعاقبتهم بانهاء خدماتهم وابعادهم لأن مهنة الطب سامية وأنسانية وليست بلطجة وقلة أدب والي مو عاجبة يذلف لديرته لأن البلد طفحت وافدين https://t.co/nT14nZyzWa,0
"انت ياساكن .. معاليقي تراك ؟
في عيوني شخص تسوالك بلد

#صباح_الخير 
#عبدالله_العصيدان",0
@bo3aliAlnufais @snfooraq811 حتى من غير هالتمثيلية ندري لو تروح المستوصف وشنو فيك بيعطيك ادول او زرتيك,0
قليل من الأصحاب اللي ينحطون تحت ضمان الأبدية، ما أقصد أبدية الوقت، ٳنما أبدية الروح، الروح اللي مايغلبك الشك تجاهها أنها بيوم تتغير عليك.,0
@Rwwnals شيء محل مختص اظن 🙄 م عند مال البخور تصلحي تراه,0
@zsszalabri موووفق دووم ان شاءالله,0
"#من_سرّب_خطاب_النصر
كأنهم ودهم يقولون من اللي كشف فسادنا ونشره!!!!
مقولة فعلا بالصميم
استغرب من الهلالي اللي يشرح لنصراوي 
هو أصلًا لو يفهم ما شجع النصر.",0
"اللي ناسي الرقم السري مال البنك ريتويت

#المعاشات",0
احسن خل كل واحد مفتل عضلاته. مايدري @ يجيه واحد يغسل شراعه ويطيح رقلته. ويصوره بعدهو وعضلاته 🤣 https://t.co/rm1iEdGBW5,0
@AbdullahMarsel الاسطوره هههه اتوقع راح يبدع مع كونتي,0
"ولو يزيد الوقت والدنيّا تزين ، 
ما شافت عيني من الزين الا انتَي💙 

عM 🔐",0
"@o2022__1mar بكره نغير الموضوع وانت روح نام ولما تصبح فكر لنا بموضوع ثاني ندردش فيه ياعمر 
والله يازينك ويازين نقاشك للأمانة ماشفت منك لاسب ولاشتم 👍",0
"صباح الخير ياوطن نوخذاك حكيم والبحاره إعليميه

واحد أمه تدفع له وواحد أمه تتوسط وتنخاله الوزاره

وآنه أمي الكويت لكن ماني لاقي شقه بعماره",0
@alaali_007 @BLP4BH @anwaralzahra قاعد يخربط مصانع و غيره .... وين عايش ذيه و مب مالين عينه رجال الدين,0
"خبر نقل البنك ءلى عدن غير صحيح
عادنا مريت أول من التحرير وشفت البنك بعيوني 󾌴
#صديق_نص_هفه",0
@SuhailAlrais @Mohd_AlRais @kbinnassar @haya_almurar نبا اللوكيشن بو روضة,0
"@kuwait_post 
السلام عليكم

عندك فكره عن المراكز اللي تقدم خدمة البريد الممتاز؟
وأيهم يداومون عصر ؟",0
هذا اللي فالحين فيه https://t.co/Cg7xbwpwQ1,0
"شميت عطرن في محل العطورات
هلـت  دمـوعي  والـغلا  يحتويني

سألني الكاشير وشبك 
قلت العطر  رشيته  بوسط عيني وبس ارتاحوا  ياحبكم لسوالف الحنان",0
@ALWDIM @decoalain ما شاء الله دخلتي مجال استشاريه فالصحة,0
@hardeesarabia ابداً ما هو الأولاني.. البرجر ناشف.. الفرايز غييييير لا النكهة ولا الشكل و الملمس.. راجع نفسك يا هارديز ورجع أكلمك مثل اول 🤔,0
@nas_bh والله انا قلت ما بجعبتي، والله ولي التوفيق,0
@husssain666 اجر عظيم بس ملل 😂😂😂,0
@khlood_suliam @athayb0 ما نروم نقول شي يخص عذاب .. تقدري تقولي ... خط أزرق 😜💙,0
"عشمتني بوصلك وقربك وشوفك
وسقت الرحال لـ دارك اللي بعيده
لا تعتذر بظروف ماهي ظروفك 
احفظ كلامي / زين هذا وعيده",0
@Munir962 الله يرحمه ويجعل الجنه داره,0
ياخي شتبي في برشم والبكري ؟؟ من غير قصور فيهم لكن مالعبوا !! وين فهد يونس والهيل وغيرهم كثيير ! https://t.co/hBR11CjOuU,0
@hanialmathkoor @Bent_Marzouq تدري ليش تارسين الديره وافدين علشان تقعد بالزحمه وما تعور القار ولا يعورك القار لمكسر توصل باقل من مهلك,0
"بسه ولدتي بحوشي وهجت
وخلت قطوتها
وبنتي تقول لقيطه والى مارمتها
امها",0
@Qatar_2017_123 المفروض يحاكمون دكتور التجميل 🤣🤣🤣,0
@Abrarl_ يمه منج ما عرفتج 🌚😂,0
"هذا اشترى جوتي من محل حسين بن عاقول وللحين لابسه 
😂😂😂😂😂 https://t.co/nmRgmCNWqt",0
وهنا معالي المستشار يقصد أنتَ ، الشرهة مب عليك الشرهة ع اللي عطاك اكبر من حجمك والنتيجة العيد https://t.co/NBOL60GFgJ,0
@aabdaa03 جعلها ما تنشل يمناك يا ابداع على روعة التصميم وحماسك الدايم لوطنك وقيادته,0
"@abqatar فعلا الحل بيد قطر 👋تكفخ وتسطر زغاديد خدود هالمتيح وزير البحرين حراميه المليار
مشكلة بلادي قطر انه ماعرفت تربي دول الحصار  وتدعس عليهم 😠طيبه اهل قطر وتسامحهم 🤗هي اللى وصلت ابلادي لغدر وخيانه دول الفجار السفله 😢الله يحفظنا من هالطغاه العصاه عبيد ايفانكا 🙏",0
"عز يامال العز 💚
عز يامال العز 💚
عز يامال العز 💚
عز يامال العز 💚
عز يامال العز 💚
عز يامال العز 💚
عز يامال العز 💚
عز يامال العز 💚
يـ #السعوديه",0
@CaptainCalcio ما بيفلح دام ماخذ رقم بالوتيلي,0
@waleed_n3 اشكرك اخوي وليد ...حفظك الله,0
@B_mouti @1Energatica2 @M_Bonasser @missdior456 الچواكمولي ؟ شنو ممكن يسميها 👀,0
مو عارفين قيمته يسوون مشاريع وبعدين يتركونها بدون رقابه للغوغاء يوسخونها مثل حديقه الشهيد لعب بالماي ودوس علي الورد والزرع يا اخي حط رسم حتي لو بسيط علي المرفق مو معقول هدد https://t.co/2hbRznQyXF,0
@dawriplusksa @STC_KSA انا بقاطع الدوري السعودي,0
ههههه مالومها اللي تخونك يارب ابي نص الثقه اللي عنده https://t.co/UCXg4McpFX,0
"#محمد_بن_نايف_امير_القلوب
جعل اليمين اللي على العز شبّت وشابت
تبطي سنين أمجادها بحــــمل السيوف
.
#الجيش_السلماني https://t.co/n3eNkDBDlI",0
يفز لا من شافني و يزيد ترحيبه ، كنه ملاقي المطر في واديٍ ضامي  💗,0
"ماكنت مالي عيني أمس.. ولا اعتبرت
ماشوفك بعيني وماني بالعك

تغيّر اللي كان في قلبي وصرت
حتى بنص عيني ماقمت اطالعك",0
"@talzlami صح لسانك 

انشهد 

هذا الكلام اللي يصحي من النوم",0
"@alain_soul1 زوران لما كان مع العين ما اعترف بهذه البطولة على اساس ما مهمة وطلب بأنها تكون من ضمن التحضير للموسم ..

حالياً مع الهلال صارت البطولة عندة مهمة جداً !!",0
"@__nof12 دفعي ولا تسألين
 😅😅 والله يستر علينا بس",0
@a_alenzy_88 هذا شي اكيد ابد والله ماقصد الشعب والف نعم اهل واخوان على العين والراس,0
"في كل عام وكل حزن ليتك بخير 
الليله عيد هذا انا قاعد اطالع في هداياك 
قدامي احساس العطر وفي دمي احساس العبير 
ياليتني اعرف لك مدى واقعد مع شَعرك 
واعرف حكاية قَصته واجمّع اوراقي واطير

من البوم “ البداية"" 2003

بكره
كلمات:محمد الزهراني
الحان: خالد الشيخ
توزيع: اشرف محروس https://t.co/DdeXEWWHt5",0
"#الهلال_احد
ارضية الملعب سيئة 
شكلهم راشينه ومكثرين الماء",0
@aj_alsaadi اقول شخبار وزيركم المثقف اللي راح يزور ضريح الخميني وصلى قرب القبر😎 اثاااريه يزور جدكم 🙄,0
وتسالني وش كثر احبك ؟ كثر ما كتمت الغيرة بقلبي عليك وبكيت وماحكيت♥️💔,0
@_MEEM_m انقرضو الي بس يشوفونهم بس ليلة العرس؟؟ هذي متهاوشه مع الخياط 😂,0
@oman_event م البدايه اولا اعطو الاولويه للوافد والمواطن حالهم وظائف مشي حالك والغم اللي مساعد ع هالفكره مدراء الاداره او قسم توظيف,0
ابشرك بدينا من امس😁😁طافت ال 50 https://t.co/ZWlaH9ygEU,0
@bosaif56 @AlnejadahSara @DrEothaimeen @saeedtawfiqi @salahalhashem قبل عشرة أيام بنت إختي بچر وكنت قانعتها تولد في مستشفى الولادة  والحمدلله الأمور كلها كانت طيبة وممتازة حرام نبخس حق اللي يشتغلون هناك من أطباء وتمريض وإداريين ترى أغلبهم كويتيين والأجنحة مجددة والخصوصي متوفر الفرق الوحيد الزيارة محددة https://t.co/3xE8mfLt5E,0
@Oldest_Snake صح السنة نزل بشوف اي بومبا نزلوه السنة بس بشكل عام صناعة الافلام متقلبة بشكل كبير,0
"فينا من الطيب ما يسعد عيون الرفيق

و فينا من العزم ما يدبل كبود العدا",0
@plb0OL7VPNRSAIj انت شفيك حمدالله والشكر صج حديثي نعمه الحمدالله احنا جايفين خير مب مثلكم شغلنا الشاغل بس الفلوس 💁🏻,0
@Badria__1999 @HFN_1990 لج طولة العمر، العمر يمر سريع والايام تكون كالاحلام ، كل اللي علينا ان نكون ذكريات ما نتضايق لما نذكرها ونخطط عدل لمستقبل نتطلع له..,0
"يا جبل ما يهزك ريح 
#الوزيرة_جنان_بوشهري https://t.co/mogy7P1bCf",0
مادام الله عفى عنك شلك فيه اوفيها اقول تابع المباريات احسن https://t.co/RswnDq8SME,0
"ما كل ضحكه بوجهك تعتبر طيب فال
الناس لجل المصالح تكتم علومها

لو تكشف الخافيه اللي بصدر الرجال
ما كان شفت العرب تتلامس خشومها

#شعر
#بوح",0
@AlqubaisiB @bu_7maaiid @hhalbrahim73 @Dhahi_Khalfan اخترقك روحك روح روح نشف وزراك والبسه يالله نابح بعيد عنا,0
@Alhini88 @Shamsa9441 @the_murshid @almahfudhi96 @izx01 @00mirror00 @7moosah @samaWeia00 @ibn_oman @issa_alissai @mit7aa @loversilenc995 خلك منهم بدر الله كريم 😓,0
@Toomaa_6 @salwa_z رطوبه طلعت لي خياشيم🐠🐟,0
@rwgan20100 @MallokySS @Fawaz2world @k0566566 @Samarahmad_ @rico4_ ماخذ مقلب الاخ .. حسستني انهم خوالك من كثر ماتدافع عن سياحتهم,0
@hmod854871 @xii_120 @fahadq6rrrr2 @Rashid_Alkuwari بالله عليك هذي دولة مؤسسات ولا دولة عصابات ء،،، زعل علينا قطع العلاقات وزعل مع كندا وقطع العلاقات حتى المانياء زعل عليها وقطع العلاقات هذا خبل ولا ايش مايدري ان 85 بالمية من الدواء والعلاج يجي من المانياء لجميع انحاء العالم,0
@JojaYousif لا بوفيهه وفيه اوردر بس مب لين هناك + حررر حلاته قعدته الخارجية😂,0
إلي ما يبانا ما بنصيح نباه يالشرجاوية.. كل شي خيرة من الرحمن سبحانه..,0
@qatarheat @Halawala @dohanews سلامتك انا اكلمك من واقع عشته وجفته بعيني غانم بن سلطان الهديفي بيض الله وجهه هو اللي مأجرها وعلى فكرة موعد الرحلة كان12الظهر واخرونا لين6,0
"@iATEEKSTER @AAK_News أحييك على ايجابيتك🙃
يبطون الجبد الصراحه!!",0
@kfhmely_ @esraaalrashed_ تستعبط تقول اسنانها تعورها واهيا مافيها شي كلكم لا تكلمونها باجر,0
"الخطوط الجويه الكويتيه خبيتونا terminal 4 ياطلابة terminal 4 وآخر المتمه للاسف يطلع terminal 4 مركز سلطان الضجيج وايد اشرح وارتب منه!!

#الخطوط_الجويه_الكويتيه 
@KuwaitAirways",0
@bosaad والله ما يندرى شنو اللي يندفن و شنهو اللي يرقى بهالزمن  يا بو سعد,0
اعتقد واضحة بعد .. عقب ما دروا إن سانشيز بيلعب غيروا الحكم 🙄 https://t.co/hjli6DQO3A,0
"@fawaz_alahli وعليكم السلام ورحمة الله وبركاته
مبروك رجوع حسابك يا ملكي💚
نورت تويتر يافواز 🌹

 واظلمت الدنيا بعيون الطواقي ورصيف جده😂",0
@hawra_dashti اممممم عادي يحف ؟ يستشور ؟,0
"@buhassan50 @mohdbaqer73 كلام بالصميم
صح لسانك
هذا الواقع اللي نعيشه
الان مع الاسف
الكلمه تسرق
الصور تسرق
عاد المال حراميته وايد",0
على شاطيك غنينا .. ورددنا بعالي الصوت .. سكنتي من زمن فينا .. ومعانه حتى يوم الموت,0
@qa6an @SalemO2 شكلك بتفتن علينا لما نصفط يم الديوانية,0
اللي يقول جوي وما جوي ترى نشوفك جذي ههههه اكل ز! https://t.co/ePL2yL777q,0
@theoutsider1111 @Khaled_Elsda7 كلمة الحق ما يبيلها جنسية معينه ترد يبلها شخص كفو  و حقاني و انتو خلكم مع باقي الغنم في الزريبه الي ما يفرق بين ورق شجر و قرطاس,0
@Zzainabali @different_miss @DrDropspace موزين عليش من الله تخلين الريري ينزل 😂,0
"الى المسؤولين في وزارة المواصلات تلفون البيت مقطوع ورحت فرع المطار بادفع قالوا السستم عطلان صارله اسبوع 
المشكلة مو هني . 
المشكله شلون اقنع الوالده ان السستم عطلان وهي صارلها يومين تتحلطم علي",0
@Aminamohamed__ للحين. باقي. شوط. ثاني.,0
"ما عاد أسهر .. أنا صاير أنام الليل
وما عاد أزعل أنا أشوف الجفا أبرك
'
على خبرك هذاك اللي .. يحبك حيل
أنا .. ماني هذاك اللي على خبرك !",0
@W09__ @b0_diary بس باقي يحطون جثتها بالفلتر للذكرى,0
@Talal_RM7 احسن الله عزاك مره ثانيه و اخر الاحزان يا رب,0
"كانـك قدرت تنام ليلك وترتاح 
انا تعبت من السهر م غفيتك .. !!",0
@llll600q @News_Brk24 صاحب الدراسه  نايم على مليار بحسابه ويحسب الناس مبسوطه,0
بعد شوووووووووووق كبير لمدرج الأصفر، شعاع الشمس موعود بمباراة جماهيرية بإذن الله، وبصوت واحد كلنا نقول:  #للسويق_جينا_من_كل_مدينة 💛🖤,0
اتوقع من الشهر الياي راح يبلش يسوي دعايات https://t.co/4lji8oy0af,0
@al_ha999 العرس محتاج مصاريف ومش كل واحد قادر عليها . انا اقترح عليه يصوم,0
@SsMedic7 @MFatmaah @qabdilh @Target_911 @alekhbariyatv اخوي احنا في قطر مانتبع الإخوان اللي انت تقصدهم المشكله كلها عشان وجود القرضاوي القرضاوي ظلموه لعلمك احنا عقيدتنا نفس السعوديه,0
@mutaher1976 آه بس معاد افرح او أصدق اي شي,0
"@almoheeb5 @OMN_4 @motc_om بعض ولاياتها ..ما كلها..

كل منطقة لها معطيات مختلفة الاحسن انه كل منطقة تدرس على حده  ما شرط اللي يناسبهم يناسبنا..",0
الأخو مايتعوض ولاله بديل 👇. https://t.co/xlCKMF0nJb,0
"تِبقين لي وبقالِك .... مهما عمرنا طال :: وسط الحشا منزالك .... وأفداك مال وحال 
# ج : ب https://t.co/FRODTonmrL",0
انا والله خايفه من اني اذا كبرت اصير من هالشياب الي يعيدون ويزيدون في قصص امجادهم وبطولاتهم..,0
@bskao1393 @Yalfaris @Alrad3sa اكذب حتى تصدق نفسك !! مسكين تعتقد بهذه التغريدة أرحت ضميرك ؟؟ و الله ما تدري وين الله حاطك و لا عندك معلومة و لا تدري وش تقول ، أقول و أنا اخوك تأكد من معلوماتك المثبتة و بعدين تعال ناقش لا تخلي حقدك أو شكك تألف قصص ، و بعدين حتى لو تأخروا فهم موجودين يحمون ارضك و يردون الجميل 😘,0
داج وودي ازور #جزيرة_ياس ممكن تحققون لي رغبتي 😢💔,0
@9shafi99999 أنا مناكده اني مش قطري اصيل لو كنت قطري ما قلت هالرمسه الغلط,0
@b_o_d_y_xx @m__501_ ههههههههه هذا حالنا وثقافتنا ما تتغير,0
"الحسن والزين حنا..
انخلق فينا ومنا..
وانشد أهل الوصف عنا..
من زمن عيسى وطه.",0
@Ali1alzhrani أخلاقك ونقدك أقذر من تصرفه .. ليتك ساكت !,0
"@4Ghamdi @moo9a7eeee7 صباح  الليل 

انت  بس من وين  جبت هالمعلومه 
ولا  بس تعال  واكتب https://t.co/JrahJ0gxHi",0
سترايك ثاني، واحد من المشاهير مسوي على الفيديو حملة ريبورت 😅، وبنرجع الفيديو باذن الله https://t.co/3a6NnLe5ui,0
@Lb2nouztd5bnq62 @in_zx كلمتني والله يامرزوق خوي يوم قالت : الو وانا ازين جلستي يوم قالت بنت الملك وانا اوقف وقول في نفسي ( والله ولعبت معك الدنيا يامطفي بنت ملك وصوتها زين) شوي يوم قامت تمحطر والله مدري وش قالت بس فهمت تبي الفين قلتلها انتي مزيونة ولا شينة سكرت في وجهي,0
@typhoon7007 @FaselHD_TV سعر العضويه المميزه عندهم جدا رخيص، 3 شهور ب8$ … بالنسبه حاطه ك باكاب لو المسلسلات اللي ابي اتابعها موب موجوده على نتفلكس,0
@MohdSord240 @AliAlArjani4 @shsm_ سد بوزك اقول لحد يسمعك قال احنا انقذناكم انتوا انقذوا نفسكم بعدين تعال هايط هني جايبين الغرب يحامون على بلادهم وهذا يجذب علينا هني😂😂💁🏻,0
@AFNAN_1414 @arabic_newchic على يدك لمن نرفع شكوى ..... هم مستهترين لأنهم برا الخليج فمن هو اللي بيرفع شكوى على موقع الكتروني ... لكن ما نقول إلا حسبي الله ونعم الوكيل عليهم ولا ورقهم الله,0
@Radoiz @SelaSport @Alhilal_FC لازم يادبونهم الدوله كل مباراه يبيعون التذاكر,0
"شنو ""عاد عيدج"" ؟ شيردون عليها ذي بعد؟",0
"@khalfan46606980 @AwadAldarmaki @alsalami240 = مبدأ في كرة القدم 
( الفريق اللي تفوز به لا تبدله ؟!)
واحنا ربعنا كل مازاد التطبيل زاد التبديل ؟!",0
"غلطة سراي والهلال

ارسلوا عقد مبدئي في نظام TMS
قبل انتهاء فترة التسجيل

ولا يدرون هل قبل النظام انتقاله او لا

ألحين مسيري غلطة سراي 
صاروا في حيره 

مايدرون الاعب باقي مسجل لهم ولا انتقل

ارسلوا خطاب للفيفا للأستفسار
وينتظرون الرد https://t.co/UDQYCWx39e",0
@AliAbusaq @Ali_ibn_rteyyan @Abdullah1122333 الله يسلمك ويطول عمرك يبو حسين ويهنيك خير نفدا خشمك لا هنت الله يجزاك خير ويرحم والديك,0
@abdullahalsaleh كذاب واهبل ومرتزق. هذا اللي يركب الموجه الغبيه,0
"@9090909ss هذا حالنا 
من وين نحصلها من جلستنا بلا وظايف ولا من القرارات الزفته الي كل مره شي يطلعوا شكلهم وحدهم بس بايين يعيشوا ف البلاد ومعهم الوافدين لكن م اقول غير حسبي الله ونعم الوكيل فيهم والله ينصرنا بإذن الله ع كل هالظلم
#عمانيون_بلا_وظايف11 
#عمانيون_بلا_وظايف10",0
عيب انا كبر اختك العوده او امك ،، هاللفظ ماينقال لي حتي لو غشمره ،، ياليت تمسح التغريده https://t.co/N9uBiTEaRZ,0
@sahlawi_m @Elmalikah @AminAlawadhi @alnfaf @TheDubaiMall الكاشير يقدر يطبع نسخه ثانيه بكل سهوله,0
@soooksoook الله يجازي كل فاسد,0
"@A902003 @fansalain ما فيه اي سبب يخلي الجمهور يتكدس عند التذاكر قبل المبارة ب 10 دقايق 
فيه تذاكر الكترونيه
اذا ما تقدر 
تروح المتجر وتشتري
اذا ما تقدر
تروح شباك التذاكر قبلها بساعتين وتشتري أو حتى بساعه
ليش ما نطور من تفكيرنا ونثقف نفسنا إنه ما نوصل فالوقت الضايع ونتعذر بسوء التنظيم",0
"@ADPoliceHQ @OsAmiri اعزائي شرطة ابوظبي، عندي اعتراض على مخالفة صارلها عدة أشهر 
وصلت لين المرور و خبرتوني اقدم الاعتراض online بس موقعكم مب راضي يدخل الطلب.. 
شو الحل؟؟",0
@1Hhouss3 واليد المحرشفة اللي جنبها جاهزه للمخمس (الكف) (الطراق) 😂👌,0
"واقول ليش المشروع طول و هو عباره عن شارع و جسرين... شركات مو قد المشروع تدخل المناقصه و تعطل المشروع
وبعدها تتوهق و توهق الناس معاها https://t.co/Us5dV7DAO9",0
@alduferi1969 والله يا شيخ انا مديت ر٠لي من زماااااان,0
كل عين تشوفك ليتها عيني💙 https://t.co/NMi6pXcH1R,0
@karampep10 من اللي سعر نيمار ب ١٢٠ مع ديمبيلي؟,0
@2amrabbas مافي برشلوني يتمني فوز مدريد 🌚,0
"@QN3 سلامات  يا بن عمر   قدامك  العافية  
ماتشوف شر طهور ولاباس  ياملكي 💚",0
"@wald_alsanabis @fatimaalhawaj @RMTH99 
عادي ..
ما لي بالطبخ...
مو سالفة معرفة..
اعرف اطبخ بس ما احب الطبخ .",0
@iFAHADx @Oldest_Snake تحديث الاجهزة كل اربع سنوات بيعطيك وضعية مثل الوي والوي يو.. وهالشي ما بيتقبله الناس ولا الطرف الثالث,0
🤣😜ترا انا وحده منهم https://t.co/8AmZ5vwXTg,0
@b_05644 من يقول لي وش اسمه هذا,0
"@riyadiyatv صراحة اللي يقول انها استفزاز ""متخلف""
حركة عادية واذا كانت استفزاز طلعوا مهارات بالملعب مو برا الملعب ومضاربات وغيره.",0
@maaqtr @hassanalishaq73 واللي يصور شنو وضعه!!!,0
@waleed6mohamed @BADR43_ @AppMrsool 100فى اربع ساعات عادى ممكن طلب توصله بخمسين بس كم نسبتهم ومصاريفك وكم لك الفائده,0
@M_Bonasser صدمني الريال والله 🤦🏻‍♀️ عسى ما شر يعني؟ يخربط على البحرين ويغلط جذي ليش ؟,0
@18_wm ها اكلته موز لا يخربشك اكله موز يصير اليف,0
"* ​​ ♡ '̣ ˇ؏

#ٰ #ٰ #ٰ #ٰ ٰ♡
٭..
هات همك هات كل اللي يغمك
ولو اشوف الموت فيك ياهلا بالموت يمك
كل ما… http://t.co/Xi46MZZDVc",0
"@wardatain @marzooga60 @DrReemAlasoussi @Magoo_Q8 ولو حطوا رسوم عالكويتيين راح تقل الزحمة كذلك.

هل معناته الكويتي يتمارض؟

طبيعي الناس تبتعد عن الرسوم، حتى لو فعلا مريض.",0
"@alwazeerJunior 
اهم ما يكسر القلب والخاطر ..
هي الثلاجة الفاضية 😢😢😢",0
@Interclubuae اراحة اللاعبين المهمين اما اذا كان فالدكة مستواه بينزل ومحد يباه وبيكون صعب انه يطلع,0
"لك خفق طيري وطيرك في هيام 
والشوق  لاشب ناره ولع حطبها 
اشد حولك ونصب افكاري والخيام 
لجل اغني بفنون الحب ولحن طربها 
#بوح 
#بطاح_المنهالي",0
ويش. تبي من الكويتي. تبيه يسويلك اقامه. مثلا. 🤣 https://t.co/JU4R8RJGZW,0
@aziz_alkhashti @EPLworld كلامه صحيح .. الشي الي سواه الموسم الي طاف خوورافيييي,0
"@QueenPinka @i6aliyah عزيزتي بينكا اللي اعرفه انها فلسطينية 
مذكور في الأنستاً . 
والنعم ب الجميع لكن ليست سعودية",0
@drkazemmarafie ههههههههههه تصدق دكتور ،، بس وصلت ! يبت الحر معاي من الكويت لهم ، حتي السايق متعجب من حر هاليومين 😂❗️🇰🇼🇱🇧,0
"@Ahmxdalshehhi هذا عنده تعدد أصلا 🤣

الديون تسده",0
"إذا حد شافني فممرات الجامعة أمشي مرة يمين ومرة يسار لا يستغرب

تراني أدور ظل الشمس حرقتنا 💔😖",0
@Dhahi_Khalfan السبب الوحيد هما الحمدين,0
@radiya2222 شكله سد وادي نام😏,0
@SalehAlbarrak @sawsanalshaer استر نفسك وبلادك بالاول وعقب تعال علق,0
@alalawioo صاني اقولش رايح أخابرهم حموه بعد انتي نوبه,0
@r8k44_ @hureyaksa اقول فارق بالله خرا عليك وعلى احترامك,0
"@Hajii_Ahmed 
ماهي مثل قلوب هالناس اللي تتعرض لك وتسيئ للكويت والكويتيين بطائفيتها النجسه وألفاظهم المنحطه.
لأنهم ما تربو على الطيب.2⃣",0
"أتوقع النتيجة  7 

😎✌️

 #النصر_ذوب_اهن",0
مالت على بعض الأصدقاء يوم تحتاجله وتقوله مشكلتك يروح عند أهله ويقولهم المشكلة ويضحك عليك عندهم وين الوفاء ؟؟؟   بجيبلي حيوان وبشكيله على راحتي وماراح يقول شي عني  هذى الحل الوحيد حالياً,0
@Corrup_fight يبا مو مؤذن فراش وياذن لان  للاسف بعض المؤذنين مايداومون,0
"#زيارة د. فايز مليباري من #اسبوع_التصميم_السعودي ل #استديو_نقطة #noqtahstudio ---
---
#فن #فنون… https://t.co/xoujOog7o8",0
جاهزين حق بث اليوتيوب الاسبوعي 😍🔥,0
"تدري اني ما قدرت انساك بالمره مع إني
كل يوم احاول اشغل نفسي بحاجه جديده
لكن النسيان شي اكبر من عزومي ومني
يا شريط بذاكرة راسي وراسي يستعيده",0
"@zjeran_kw ما اقول الا التحسونه صارت طرطره
اهي بس وقفت على هذي .... الله يحفظ الكويت من كل مكروه ومن بعض عيالها",0
@alih132 بغيت اعزمك الليله وتحسفت وصح الله لسانك اعجبني الاداء,0
@OdayAwad ههههه. على اي اساس اتقارن؟. اذا انته ما عندك الا ظهير ايسر واحد وارتكاز واحد. هذا موذنبنا خخخ. في اياب. للعلم. انا متابع محايد,0
"@elnokhitha عادي عادي ☺️خذ و خل
شلون ممكن تجمع أصوات للإنتخابات إذا ما سويت نفسك مصلح شرس ☺️",0
م ككان قصدي اعشقه بس ، نظرﮬہ عيونہ ي ناس اجبرتني .. ♡ #123,0
@Madridista771 @Humood_aljeeb @alihussain_btv @isa_sharida مبروك للجميع ، بس علي أول مرة آدري انك مدريدي,0
"بووووو منزل هالمقرر
صجج سهللللل وأنت غبي إذا مايبت فيه A

أنا : صجج😍 أجم يبت فيه أنت ؟؟؟

D

شنو الرد المناسب له؟",0
ياليت يكون فيه غرامة مالية على الناس اللي تشتري حيوانات ويربونهم عندهم فترة وبعد ما يملون منهم يرمونهم بالشوارع 😤,0
صارلي ٩ ايام مريض اليوم الدكتور قالي. ماراح تتطيب الا اذا روان بن حسين قالتلك كلمه حلوه,0
"كوكب الارض بنفسه يلف ويدور يعني وش تتوقع من السكان
#بشر اشباة حيونات",0
"مالك  عليه  يا الغلا  حلف  ويمين 
ليا  نواني البرد  و اشتد  الشتا 

سريت اخايل ضمتك وسط الحنين
اقول يازين الدفا يقولي كيف ومتا

 #ايش_يدفيك",0
@ABZayed حط كم وزار احتياط بعد ما غسل شراعك عمك اردرغان,0
"@karessbasharnet من هون لشهر بناكل فتوش 😂😂
شايفين هالحلا وخفة الدم والجمال كله ❤️❤️❤️ I love you 😘😘😘",0
@khrbinomar77 @Alhilal_FC حسبنا وحسبك الله ياحُب 💙❤️,0
@NET_AD ما ينفع يتطبق في الامارات وخصوصاً ويا هالجو في الصيف، ومنو يرضى على أهله ينزلون ويصبون بترول جدام الخلق,0
@mohammadbuftain يبا احنا ردينا عالتويت مو عشان انتوا تطلعون لنا هههه 😂😂😂,0
مال حرااااام شو سالفه الحكام هالسنة,0
"@ayadboasamh @FaisalHQ8 اللهم امين يارب 
جزاك الله خير وربي يحفظك ابوعوض صاحب مواجيب طال عمرك ربي يحفظك من كل سوء",0
@roooowy حبيبتي و انا احيييج من البحرين و اقولج اني فخوره فيج 🇧🇭 و الله يكثر من امثالج ♥️ ربي بيعطيج على نيتج 💭 الله يرحمه و يغفر له 💔,0
@TVUTD @Khaledabowesal حق غيغز هدف على نوريتش بنفس الطريقة اكيد ان هي مب صدفة دام انها طالعة من رجل غيغز,0
"الأخبار الحلوه تتوالى على #الغرافه ولازم الاداره تشتغل هالفتره لتصحيح مسار الفريق خصوصاً انه احنا مقبلين على بطولة آسيوية ونحتاج لتدعيم الصفوف بمحترفين ومواطنين .. !

ان شاءلله الاخبار تكون صحيحه والاداره عندها الرغبه في التغيير ومايكون مجرد كلام جرايد كالعاده !

#دوري_نجوم_QNB https://t.co/xj6CmYOw39",0
"جيتك وانا من كثرة الشوق محتاج
احتاج اكون بكل ""الاوقات"" قربك

عطني خفوقگ كان ماعندك احراج
 قلبي ملاه ""الشوق"" واحتاج قلبك",0
@rababbaddah @alqabas @AmmarTaqi شهادتى فيكم مجروحه بس كل اللي أقوله كفيتوا ووفيتوا وبيضتوها وخليتوا المنافسه على غيركم وايد صعبه 👍👍كل التوفيق وبانتظار الجديد المتميز,0
@DeemaAlkuwari13 عاد مو تجربينه فيني اول 🥺💔,0
"@q6r @JQTR2022 اما سالفة الفيجن هذه بروحها سالفه ... 
اشوف ناس حاطين ان شعرهم قام ينبت من عقب ما حولوا اكلهم للنظام الفيجيتيري 🤦🏻‍♀️😳",0
@GazaNews_Brk بطل من ابطال المسجد الاقصى 💪🏼,0
"باقي ٣٢ يوم يخلص رمضان 
والله الايام تركض بسرعه",0
@Estabraq02 ما راح تتعدل الاحوال بوجود هذا المجلس ،، خل ينقفونه ويتعدل قانون الترشيح والانتخاب - يرجع مثل اول ويتعدل كل شي عندنا .,0
@__9S1 @ms_iii1 أمي محلفتني ما أضرب حد ✋,0
@mob_ping @Aml858 @ZaidBenjamin5 اقول افتحو بيوتكم واستقبلو الامريكان شكل معزبك ما يثق فيكم حالكم حال حريمكم😂 https://t.co/x6vgMMRcwS,0
"@mohad_hinai موجود صديقي في الدار 
ما عهدتك الا مطول بالك وتعاملك لطيف حتى على اللي يغلطوا عليك .
بارك الله فيك يا ابو حامد",0
@SaudAlJeri ايييييه 😂😂يا معود انا اهون من الدلال ممثل الامه وحطه بتويتر 😳😳,0
@ethraafact افا انا للاسف وصلت لها,0
@nasser19999 بتشوف محمد بن راشد كله يلولي فيه ما عنده شغل 😂😂😂,0
@Emp_Bahrain @NBH_MO بالضبط، تذكرت زوجته و إن الله بينتقم منه فيها.,0
@almalak7777 ما قلت باغي اشتري 😒,0
@Dhahi_Khalfan ما بقى عندك شيء تقوله !!! مالت عليكم وعلى تحالف ابليس فوقكم .,0
"مو مهم مهما يصير ....
المهم ياصاحبي مين اللي يضحك في الأخير
أفرح وإشمت حبيبي بحالتي
بكره أداوي علتي وأعلمك جرح الضمير

بكره بتندم عاللي راح وأشوفك تعاني الجراح 
وحداني مكسور الجناح وأضحك على حالك كثير",0
@Jassimalkhinji @Jassimbinhamam صح .. للاسف بوبلال جدا هجومي ومستفز .. وبصراحة برنامجه ما منه أي فايدة.,0
@hassanalishaq73 وعقب بيقولون قطر شرته وخلته يكذب,0
@homeless1973 اشكرك ع مجهودك الجهيد 🙂🙂,0
@AA_Alsulaitii @marzoqi_w @Hassan_alsai @ahalqatar ندري انهم يسوون رياضة جماعية في هالمكان وهالوقت بس ماكانت بهالطريقة المخلة بالآداب ..,0
@Q8mans مخليه الشحم واللحم لك يالبطه 🤭,0
@iambaderkhalaf مستحيل يتعلمون ماعندهم احساس,0
"(عروض لفترة محدودة) 
عبارة تعودنا ان نشوفها بالسوبرماركات او بمحلات القطع الكهربائية أو بأي مجال تجاري!!
اليوم ومع طفرة السناب تطورت هالعبارة الى(عروض لفترة محدودة على الإعلانات)!!!!
واحد مشهور واضح انه مفلس ويبغى اي اعلان!!
الحقوا عليه يا أصحاب البضائع المقلدة والمضروبة",0
@yoyobaloch1993 راح يطيحون هسنه ان شاء الله,0
@rashidali1972 @Suhar_Mun @RAlshabli خلف سوق الخضار والفواكة اللي جنب داور المسلخ,0
@Alsammahi @haman_391 يبارك فيك يا حمد الفال لك 💙,0
كوستا ديبالا هيغواين، هرمنا والله 🔥🔥,0
"@M5_omn @_FALCON_01 اكيد برنامج خبيث
 وراه دول والهدف تجسسي",0
"@abnbarka 
اول مره اعرفها هالمعلومه
وهالحلاوه بعدني ما اكلتها 😂😂",0
@Ammoon30 الحين انت قاعد بالاختلاط والطلبه تقول ان حرام لختلاط والله انك ابو الفهاميه,0
امنيه الشعب الكويتي   وإصدار لياسن جديده وفقا للشروط الموجوده عندهم https://t.co/VY1e5aIckA,0
@as_a07 @TamimBinHamad واو..صدمتني بهالمعلومه😅 مافيها عرب، اجل من فيها.. لايكون حضرتك مسوي بحث عنا.. صج جهل وغباء.. نصيحه روح كمل دراستك وركز اكثر بالجغرافيا والاجتماعيات بتفيدك بالمعلومات😂🤣,0
"على كيفك 🙂💔
انا قايل بسوي 💥💥💥💥💥 https://t.co/HfFL9LPgZj",0
أحب اسمك وأضيع إن مرني طاريك ♥️,0
"@3nazxe @nowaf_alhendal لا يالوايلي متزوجة بدوي حاله حالك بس ماعنده جنسيه كويتية
وبنات عمك كثير منهم متزوجات غير كويتيين
خل عنك شغل الاطفال",0
"@husssain666 اي اي افااا عليك اطلعك مثل الشعره من العجين

دونت ووواريي يا عيوني 😌💁🏻‍♀️",0
@Ghdooi اوووووه، كلام فالصميم، كنج دخلتي في مخي وغردتي😅,0
"ولهت لضحكها وجدها ولهت المس انا يدها 
.
.
من هي صاحبة الصورة ؟
#لندن https://t.co/mWus1ULajS",0
@MBNsaudi اي مو مشكله طلع الوثائق بس مو كلهم، نبي موت بطئ لهم😅 كذا افضل وتعذيب اكثر😂,0
والبلد اللي مافي ناسا... يقعدون في بيوتهم https://t.co/4O9AVmzVDV,0
@FGCyJOHgMyAcZec @mohdalsuwaidi7 بكل تهذيب واحترام اقولك زرق مراعيك في الي انت خابر 🤣 هذا اقوى شي عندكم حليب بموووت انقذني ياحليب السعوديه🤣,0
"@mesh1ha @radoi_54 @iNeuer1 ههههههههههههههههههههه تشوفه تسليك لانه
شيء انت محروم منه بس غيرك يشوفه حقيقه
وماهم اهلاويين 😉",0
"@ZahraHassan3 
😂😂😂😂😂😂😂😂😂😂😂
اي اهم شي الاكل..
لا احد وهو ماشي يخمطه",0
@fm55670 الحين نزل لهم ريكي يقولهم بسحب الجنسيه لو مافزتوا,0
@facts444 الفال لي ان شاء الله اغادر  غسيل الكلى,0
@khalilo__9 انا ركبت المروحة وصراحة الماء بارد,0
@special_M8 @Fa6rBkQWlusgRXO @hnon_sh @AR07552857 @k7oud @whoami_x @ALIYAALTAMIMI @as المشكلة ان حتى الغبانه ماهو تراث لها ولا شي وتضحك على المقصب المقصب لبس الملوك 💅🏻😂 وبعدين هي شافت تراثها الأفريقي قبل ماتتكلم ولا متبريه منه,0
@salehalyaseen والله مو كلهم بنتي بالجامعه عندهم دكتور لا يؤمن الا بترسيب طلبته من مبدأ اعلمكم الدنيا اشلون ماشية بالظلم لا يشرح مثل العالم والناس ولا بضمير هذا غير التعامل بنتي تقول ودي احترمهم بس مو معطينا مجال نحترمهم,0
@12a130 كفوووو عليه وبارك ألله هذا إنسان شجاع وكله مروه ومرجله طلع أللي بقلوب الناس #اسقاط_القروض_لليوم_121 🇰🇼❗,0
"على الثامن والحافظ الله 😂👊

توصون شي ولاش 😅🤚

 #الاتحاد_الهلال_الدوري https://t.co/zfWYpQAIBu",0
"انا قطيرة ندى تمشي على غصونك
ليش ياصبحي تتأخر
انا من رفة عيونك
اخلي كل قحط يابس ربيع… https://t.co/X9JiI5yMoe",0
"@7arba199 @7mD_al_7mD @bo__neef @ro7ani اختلف معاك اخي الكريم
موسم ٢٠١٠ افتقد القادسية لحوالي ٦ لاعبين اساسيين منهم بدر المطوع وكيتا وندا ومحمد راشد ومع هذا فاز بجدارة !
اللي يميز القادسية عدم مجاملة اللاعب اللي يهبط مستواه وبديله جاهز ولو كان شاب ما عنده خبرة !!",0
@tt8ww هذا وطنا ياحيوانه لو مانمتو  علشانه مانستحق نعيش فيه   غيرنا جاب تركيا وايران تحميه وبالاخير قلوب ديرتهم مراقص وبارات,0
@ABUJASIMALSWADI اخاف الترليون عندك مخبيهم,0
"متى يكون الطفل فرحان ؟❗

اذا انحاش من امه بدون حفاظه 😹
تحس انه يمشي بدون لوحات ""

هههههههههههههههههه ..😄😄=D",0
"خايف يطول البُعد , وتسجّ منّي !
وياخذ مكانك شخص ماهو بـ يسواك",0
"إحنا عشـقناها وايد عشقناها
من يوم فتحنا على الدنيا

الله يخليها لنا الكويت ديرتنا
ويحميها من كل شر آمين 
#عيدي_يا_الكويت ❤️🇰🇼",0
@dtyuu84104560 نسميه كريك والشيول عندنا هذا هو👇🏻😂😂 https://t.co/NUWXyfGY33,0
"@Sary_q8 بيحطون تكملة لحديقه الشهيد مكان التزلج وديسكفري والنافوره 
وممنوع كره ممنوع سكوتر ممنوع قاري 
اصلا جونا مو مال حدايق صيف طول السنه 
ياحلو الهايد بارك بس ولا منتهم",0
@Mahmood04742610 تستاهل أستاذ محمود مباركين,0
لا وتقرا اسمه علبو بتدق على احد يعرفه 😂 https://t.co/9Q3wvdOIhU,0
@khalidaalqurasy هذي للاسف بسبب كلمة زوجوه يعقل !!!؟,0
اكــون او لا حلقه مجوسيه نمبرر ون واللي يتابعها ماعنده سالفه,0
الحاجة الوحيد اللي مش هطلب اكاونت عليه لانو كل شي اون لاين موجود https://t.co/J8Zx5eeLXd,2
@V_x_9 @Bnooon__ حسب ما سمعت عشان يخلصوا برمضان بدل لا يختبروا الفاينل بعد العيد,0
"@ikhalid32 قطر محكومه مافي شي واسطات 
 مصلحة المستهلك فوق كل شي",0
@saudq1978 @hamadjjalthani المقهوي صاده تبول لا إرادي من عقب حساب الشيخ حمد بن جبر.. ترى التزماته يروح يبدل ثيابه ويرجع .. يمدحون بامبرز العجايز فهالحالات يادليم الفلس,0
@Baba_3o0oD  بالصوره بس اشوف ماك الي حلو,0
"@MTHumood @HussainTattan 
ولو قصرت بشي تلاقي الكل يلومها..
واولهم اهلها للاسف..
ولازم تنطم وتبلع والا عاد تبدا الفلسفة الفاضية والشرع يحجي",0
😱 شبابنا طلعو رومانسيين ،، ما اصدق  #محمد_النمران,0
#البدون_إلى_جزر_القمر اذا تقدر ترحل ١٥٠ الف بدون لي جزر القمر انا اول واحد يقولك كفو عليك بس الحجي تقدر تسويها والا سوالف؟,0
"منت الوحيد اللي فقدته من الناس. 
ياما فقدة امال واحلام واحباب.
 
من دونهم بدلت حبل الرجاء بياس
راحو ورحنا كننا اجناب وغراب.

#شعر #ابيات #قصيد #بوح #خاطرة",0
@RakanBink ما الكبير الا ربي ، و دارنا من دونها الموت الحمر ✌🏻♥️,0
@BMD137 @saudalmukhled بوسارة اللي ما أكل شورما سوق بازار  بالفحيحيل طافه نص عمره,0
"الغيرة اللي تذبحك وانت  ساكت
من كثر منت اتغار خايف تخسره

#عبدالله_العصيدان",0
"مثل واعتقد أنه مصري ،،،،،
اللي ما عنده كبير يشتري له كبير 

الله المستعان
اللهم أرحمهم واعفر لهم",0
@Qu11___ @bdwi_0 @6fshan011 @OoredooQatar ايه وااضح اني متعبه عمري على نقاش مع ناس م تفهم الا الفلوس ف توكل خل يحشونك فلوس اكثر واسكت ❤️.,0
#السعوديه_الاوروغواي ابطال يالصقور  مباراة حلووه سالم وهتان ابداع الله يوفقكم يارب 🙏,0
@p0o1i2u3y444888 قال الكذب عندكم هوايه,0
"@ZainaMAA يسعد مساج حبيبتي 😍🌹🌹 
 خوش مقطع 👌🏿",0
"@aadelz هههههههههه حاسين ونعرف ويا ما طلعنا كفرة ووو عشان فكرة
ممكن نتناقش نبين وجهات نظرنا ونختلف بس مولازم أغيّر فكرة المقابل أو أنسخها عن فكرتي ( هي شغلة واجد فينا كمجتمع)
المشكلة هني تنظلم الفكرة لأن ماتقدر تسترسل في طرح فكرتك وساعات حتى توضحها بسبب جمود الوسيلة",0
@aqeeelstar تفوووو على هالوجه يالايراني الديوث,0
@rooz82441 الله يحفظهم ويوصلهم بالسلامه والعافيه ويحفهم بعنايته يارب 🌹,0
@ksa_1387 ولا إحنا نرضى عليكم ولا أعتقد أحد يتجرأ يغلط على أي دوله من دول الخليج لإن يعرف شو عقوبته والله يصلح الأنفس,0
اللي اشوفه انه قناة الجزيره الخنزيره تلطم وتصيح على خاشقجي الله يرحمه اكثر من عياله سبحان الله على هالمحبه سوووبهان الله. الله ياخذها من قناه قذره وكل من فيها مرتزق,0
"@FerasKhourshid 
الله افرج عنه بفضل هذا الشهر الفضيل",0
@86_thamer بلعافيه عليك كرك صور غير ههه,0
"@Dr_Hayfaa وين هذا دكتوره ؟ 

لأن اللي نعرفهم ما عندهم غير خلع وحبتين قطن",0
@qatar_999qtr @AlthaniSuhaim هو هذا يظحك والا يبكي والا شسالفته 😂 الحين ماعرفنا له هل نتعاطف معاه والا ونبكي والا نظحك,0
نفسي اعرف كيف  بيكون الوطن عندكم بدون فلوس,0
"خذها من اللي طاول النجم بيديه
ما راح عمره بالسوالف ،، ينوّي

من صغر سنّي سلم الأجواد شاريه
جرّحت كفّيني ،، و شبّيت ضوّي",0
يبا خل ينشال الوقف بعدين يضبطون جلسة صحيحة قانونياً ويقرونه مرة ثانية,0
صباح الخير والنور والنوير ... صباح الخميس اللي الكل والجميع يواطنه 🌹,0
@aljooohara18 ابي ع الأقل شمعة 😂👊🏻,0
"2️⃣
شف خاطري ضيق وشف خاطري شين
ولا عاد لي على دلعك استطاعه
قد قلت لك بتحبني ..؟حبني زين
ولا مكثور خيرك ... ورد الوداعه",0
@ahmed1111280 اذا لقيت هذي أشياء  حزتها صح من حقه ياخذ ثانيه والثالثه بعد,0
"#روسيات_عاريات_بالرياض
دخلت خريطة سناب وتفرجت ع كل السنابات وأخذت لقطات عشوائية، واضح أن المدرعمين في الهاشتاق كثيرين! لابسات ساتر ومحترمين ثقافتنا واتوقع هالشي الزامي من @GEA_SA لإصدار رخص إقامة الفعاليات واضافتها ل @Roznamah_sa https://t.co/jq4kpFmg6a",0
@saudq1978 ياطقووووع من انت ترى كلك صباب قهوه وتحت امر ابن زايد ودحلان يالقلصيه يقودونكم انت ومعازيبك,0
#الكويت اختلف معاك كل شي ترميه عالوافدين اول ابريق شاي كان لمواطن واو مسيرة سيارات سباق برعايه الداخايه كانوا كويتيين واول منديل كلينيكس تم رميه من سيارة كويتيين الجسر حاله حال الشوارع والمشاريع اللي مالها داعي بهالفتره ولكن ما الحل هل يغلق ام يهمل ؟ https://t.co/tidGf0sUly,0
"اغث انواع البشرر 

اللي يسوي نفسه يعرفني اكثر من نفسي 😂😂",0
@Bo3omar22 @Glory19MU @SAM6TIME ياخي من وين تطلع هالصور 😂💙💙💙,0
"لا تامن الخوّان لو زخرف حكاه
من خان بك مرّه يبي باكر يخون ..",0
"@Ltofh20 بتتطبيق مرسول اكثر طلبات البنات دخان الصغار بيشربوفوج عشان مايطلع ريحه قويه داخل البيت
اما حقين مالبور ودوف دوف تزيد تشرب ريد بول",0
@Ahmed_Ateeq_M @WafaAlMulla للاسف الكثيرين يستخسرون المبالغ اللي يدفعونها على الخدم بين تسفير و تكاليف خدامة يديدة على حساب عيالهم,0
#سوقي_واحنا_لك_سند انت خلك سند لمحارمك اللي عندك وودهم وجيبهم واترك بنات المسلمين ياصاحب التاق 😊,0
"انزين العشير ليش سحبت على زلفه 😂
اهو شكو 😂 https://t.co/PdLn3ajFSr",0
"كل تأخيره وفيها خيرة 
خير البر عاجله  .
رسونا على بر",0
@UAEkick @MohamedKarrani أشوف جمهور العين محتر وايد.. مادري الملك الشرجاوي بشو معورنه او يمكن دايس على طرفه و مب طايع يخوز😁 و قولوا الي تبونه لان القافلة تسير و الجلاب تنابح مثل دوم قبل و بعد كل جولة..حركات غبار.. ارتقوا و اطوروا و انضجوا🙄,0
"في نآس وآنت تكلمهم !
 ودك تصرخ بوجيــههـــم تقولهم 
       آحــــــبـــــــك  ❤

 لا أحد يتهور ويصرخ بوجهي ترى اخاف ... ☻🚶",0
هي الرسالة الحين وصلت يدور حد يسرقه . منوه عنده بيزات ما يبغيها ? https://t.co/VmXrsYDHu6,0
@UAEkick @HamadGabesh الله المستعان و الملك الشرجاوي بيتم الملك 👑,0
@insatiable__m الله يرحمهم و يصبر أهلهم و يآجرهم.. أحسن الله عزاكم حبيبتي,0
@Meshal_Saif @eagle71499gmai عمي ابو تركي كل الشكر لك ارتفع ضغطك وكل اللي قلت عنهم مشغولين والله مشغولين ما عندهم وقت ذبحهم التفكير في النهب والسرق الكل يبي ياكل من الكيكه ولا احد مهتم في الديره الله ينتقم من كل فاسد على ارض كويتنا حسبنا الله ونعم الوكيل فيهم,0
مو غرور بس قلبي ما يفز لأي عابر ،،,0
"-

فيه ناس يجون عن طريق الصدف ... لكن بدون مبالغه يدخلووون بأعمق نقطه بقلبكك..!!♥️🎻",0
@iaaa5587 @AlthaniSuhaim هههههه عاد انه رامبو ناط من السياره خيبه,0
@n90o @just__pen يعتمد على الشخص اللي يسولف معاه😜,0
وش قصة البيانات اللي ماتطلع الا آخر الليل؟؟ #تحالف_خفافيش https://t.co/sBo3upN0ST,0
دا حب ولا نصيب 🤣🤣🤣 https://t.co/unHAhpcjKc,0
كل اتمناه حاليا ريموت كنترول أطوف فيه هذا الموسم بأسرع وقت ممكن .. كرهونا بكرة القدم 😑,0
"نفاق نفاق نفاق نفاق يلوع الچبد 🤮🤢
انحمست چبدي من المنافقين اللي يطبلون 
طال عمرك وهذا ماتعودناه منكم واحسنتم ومثلكم مايتكرر 
وع 
استغفرالله #بس_اقول بلاش كمية عالنفاق تري مابيدهم مفاتيح العريش مابيعطونكم غير شي الله قاسمه لكم ولا بياخذون منكم شي الله مو كاتبه لكم #تدل_دربها_زين",0
@5iillf ياحيواناتً لو انا ماشوف رد واحد,0
@elreali1 عطنا المصدر من هالأحصائيات,0
"@alfars1011 صبيتي الفنجال والكيف ذاعر
وخسرتوا اللي بالغلاء مشتريكم

احترت يوم اشوف وسم الاباعر
ياربعنا ترى الفرس من حديكم

ياللي تشب النار لنار ساعر
طفه تقل اهروج من يقتفكيم٠",0
"@sarahalnomas تذكرين هذا التعليق منك ؟؟ 

ههههههههههه هذا واجبهم يا مشعل بالكويت تعودوا لازم تشكرونا وتحطون اعلان عريض تشكرونا فيه على شغل غصبن علينا نسويه وناخذ عليه معاش.. مو تطوع هذا عشان نشكرهم عليه..",0
كل عام وانتم بخير و عساكم من عواده http://t.co/5ceUFN4boS,0
@hassanalishaq73 بالنسبة لي ماله حق يمد يده ويضرب !!!! حتى قانونيا يحاسب فيها كل طرف اعتدى بالضرب على الآخر مهما كان السبب .. وتقدر تتاكد من محامي ... اما نبغي نكتب !!! تويتر عبارة عن تغريدات لتبادل الآراء مو عشان ما أعجبك الرأي تقول ها الكلام ... شكرا .,0
"الانتر

شكلهم جاديين بخصوص موضوع اريكسون

داشين بقوه 😱",0
@Rashid_Alkuwari حلوووووو👌🏼 والاحلى انه منتج قطررررري 🇶🇦👏🏼 😉,0
"هالبنت هذي من براءة زينها 

حتى الحسد عينه عليها بااارده . . . !

. .",0
@KuwaitHistory_ الصورة جدا حلوة بس بص حضرتك مخربها,0
@HMhfc18 @SaudiNews50 ولك يالبية يالشبك ولا اكون عبد ياعبد 😂😂😂,0
@abnbarka ان شاء الله بنخطط نزورها ف المستقبل,0
"@ns_sunshine4 @Hope4ever4q8 @omjasem23 أختي نبيلة ، إحنا نتكلم في موضوع جامعة الشدادية
موضوع مدينة صباح الاحمد ، اتفق معاچ إن اختيار موقعها كارثي ، وهناك قصور كبير في حل مشاكلها ، لكن هذي مشكلة منفردة ، ما أقدر أخليها مشكلة عامة مع كل هالمناطق السكنية الموجودة و اللي لا تعاني من شي .",0
"'

بـ عدلك ضيعتهم و اتعبتهم ..
يحق لك تجلس و تناظرهم .. https://t.co/5d5dVjRjDU",0
@AAlshareey هذا عباره عن صنم 🙂يعظمونه ويقدسونه وهوا داعس عليهم نظرتهم له كا اله الشعب مستعبد وعشق العبوديه والذل صعب عليهم يتقبلون انه بيوم تصير عندهم كرامه😐😔,0
@Oldest_Snake خخخخ تستاهل احلئ من لميس ونور وكل الاتراك 🏃🏃🏃🏃,0
@meshari13 منوره باهلها اخوي مشاري,0
@Sl6___ الستة توجع الستة ما تخليك تنام ✋🏻☝🏻😂 https://t.co/5LF72ESSpM,0
"#وزير_التعليم تخيل تحمل ولدك وبنتك بسياره الفجاري مروح للمدرسه ضيقه ومليانه شعوب العالم 
ودخل ولدك بصف فيه اربعين انسان
فرضا ان ولدك بيسولف مع الي رقمه ٢٥ راح يسمعه كل اصف 
ولو طالب بيعطس راح يهدي لكل طالب فيروس",0
@wgWHzSY28Y5g6hg @Abdullah_1990D عارف شوي توجع حد يجي ينتقد أمجادكم اليوم 🙄,0
"@al_khaldi_777 يالغالي الموضوع بكبره (اذا تقصد برنامج المجلس) 
ان ادارة الغرافه  اصدقاء ل @khalidjassem74 و @MAJEDALKHELAIFI
ودايما الربع ما يقدرون ينتقدوو بربعهم ف يعطونهم على الخفيف
 واذا كلش  عصبوا حطوا تركيزهم على المدرب بدون الحديث عن فشل ادارة الغرافه #ارحلوا_يا_ادارة_الغرافه",0
@abdulkarimHD المريسل قصده زي عيال اخوي الصغار اذا اشترو لعبه غاليه لعيالي  ابوي معه فلوس انتم ماعندكم فلوس زينا,0
@NayefALEmadi_ جمهور السد أكبر قاعده جماهيريه وبدون منافس .. أتركوا عنكم الهياط الفاضي ..!! خلوا عنكم العاطفه و خلكم واقعيين,0
"@JAljamry  هههههههههههههههه
لا طبعا محشوم ..
بس حكومتنا خرطي...
عادي كل شي يسسون",0
@yezniahemiria @saher77877 @Alihussin2007 هلا بيك وينك امس غايبه,0
@alkuwari_3131 وليش انت يالتركي الشيخ ماتطارد ورا الناس .. يعني من باب التوفير .,0
وببقى احبكَ صبح اليوم وصبح السنيّن الباقيه.,0
@Ask_makkah_ اكثر محلات بالدنيا الحلاقين مايحتاج تسأل,0
"#حمد_عيسى_شيخ_الذبان 
وراه سويت بروحوووك هلوووون ياحمادوووه",0
@King_69_TNT @abo3asam البيرق تكفل بشاب بدون بدراسته بس لما عرف انه شيعي غير رايه 👎🏻👎🏻,0
@777So0o @AJABreaking قطر صعبه على من بغاها..وقطر بتسنع نفسها تحت رأيه تميم المجد  ...  خلكم  في ٣ الاف حوثي .. هجر في جيزان حطوا علمهم عليها,0
من رحل عن سمانا ،،،لاعاد يرجع يحلق فيها,0
"هل تعلم ان الايموشن هذا 😠 هو نفس الأيموشن هذا 😡
بس عنده نقص دم 😃
هههههههههه😂😂",0
"@Super_Ibrahim_S وده من سوء حظنا كعرب يعني مابقولش كده وانا مبسوط
ده حقائق التاريخ والجغرافيا السياسية مش على مزاجنا والله 😅",0
استغرب من الناس اللي عادي يقطون ١٥ الف او ٢٠ الف في شنطه و يستخسرون الف او الفين في عمل الخير  ، سبحان الله الله حارمهم الاجر,0
ريم المحمودي - تعال ولا روح #ذكرياتي https://t.co/mQVDl9m8wB,0
ماروم اضحك ع الوحدة الا عقب ماتخلص مباراتنا ☺️,0
ان الله وتر يحب الوتر,0
@AJArabic مالهم كلمة 🤣🤣🤣🤣ابوهم  ترامب بيلعن والديهم,0
@ZainaMAA سباح الورد غلى عيونج 🌹❤️,0
اخس شي اذا الدكتور يوزع القروبات حق الفاينل بروجكت 🙂 تنضرب في ناس مايحسون على دمهم ويشتغلون 🙂#uob,0
@alghuraify66 احسن من القهر والظلم اللي ماكلته في بلادي من مجنسة ولا تسوى فلس....,0
ياجماعة الخير الزحمة في شوارع المنامة غير طبيعية من الصبح. أحد عنده فكرة شنو السبب؟ @Deertybhr @Jalad_Almajoos @BahrainGuard #bahrain,0
@hu551da اي والله يومياً  انا جذي ويا سلام لو اتريق 😴,0
وانتي بخيير وصحة وسلااامة كابتن ماريا 🌹🙏🏻 https://t.co/3HM7K0UTX8,0
ده كوربين باينه هيعملها والا ايه  :D,0
@iiDGSH والله ايييام ويا زينها الحين كلن لحاله ناس انشهرت كومنتريات وناس العربية ًعكاظ ههههههههه 😂😂,0
"@freedomSky6 هذاك اللي توله عليه روحي و تناديه
ينشر الفرحة لا حضر و تزهر سنيني
و هذاك اللي يفز له قلبي لا حل طاريه
هو الوحيد من البشر ارجي يجيني
و هذاك اللي أتمناه أهواه و أحتريه
أشهد انه مالك جوارحي و محتويني
وهذاك اللي حارت فيه العذارى يا هيه
الجمال والذوق والغنج شوف عيني
عبدالعزيز الرويحي",0
محترة توني اشوف جدول الووورك شوب طلع تسجيل الحضور يبداا من ٧:٣٠ لين ٨:٤٠ وانا احسب اني متأخرررة 🙂🙂🙂🙂,0
ما اعرف وش فايدة انهم يحطون فترة ترشيح ثالثة والاكيد انه لايوجد مرشح يرغب برئاسة نادي النصر حتى الان !!!,0
@baderalorafah @m6er1 الله يبارك بعمرك يابوسعود وتستاهل الطيب,0
جمهور الهلال بالشرقية مختلف 💙,0
"أشتقت لك واللي خلق حلو الإحساس ..
يامشغل قلبي وروحي وعيني ..

حبي لك أكبر من هوى الناس للناس ..
تبعد .. تقرب .. أنت موجود فيني ..

أنت الحبيب اللي على العين والراس ..
قربك هوى قلبي وأحلى سنيني ..",0
@HaithamAlQasimi هالشيء عندنا في عيمان كذلك في احد شوارع الامارة من سنتين بدون إنارة,0
"@ah2_hm @amhdani38 ايواا
من كثر الحوادث اللي فيه",0
"التايم لاين 

لطم على زوران 
لطم على التذاكر 
تطبيل لزاكيروني",0
الحين شنسوي بأغنية علم قطر؟ ديليت؟ https://t.co/HK5PLpgQtH,0
انتي بنت الكويت وقص لسانه اللي يتطاول عليج زميله وفنانه راقيه يا ام حنين ومواقفج تسهد لج https://t.co/JuY5EyrF7g,0
"مو بس السوق السعودي .. أي سوق خليجي ؟!
@mdsarrah",0
@alzeen1122333 @alshaheenn3 @Salah65729413 @hamdolla120 @JihanMohammed1 @Manama9200Ahmed @ALSHAHEENNN @sh411637 نبي ذبيحه مو كيكه هههههههه,0
اللي خاف يكتب خفت لو يمحتو فجرو اوم المقطع لايكات 😂😂#خشتي #انا#عرب #عرب_فوتو #عوو#سناب#سنابي##مزه https://t.co/se0aLQFnqQ,0
@faysalkuw @GreenBlooD76 @Ahmadjaljasem ومليون نعم فيه فديت هالقلب 💚ولونه🤣,0
كبر راسك يالذيب ولا ترد علينا ترى رفيجنا مايقصدك انت 💔 https://t.co/UfnyED1ybl,0
"@najiali_bh @JAljamry ما يحتاج هوز...
بس كف واحد وهذرة هذرة هذرة على راسي واعترفي واعترفي..
والله اعترف اني بنيت الاهرام وصديقة فرعون وسبب الحرب العالمية الاولى والثانية واجهز للثالثة...
وسبب الاعصار على عمان والتسونامي...
واني اللي اسقطت القنبلة الذرية على هيروشيما...
وسبب انفلونزا الطيور والخنازير..",0
"@barc_69 واجرك يارب 
جزاك الله خير بوخالد أخ وافي ماتقصر انت وابوك والعائله الكريمه ماتقصرون اصحاب واجب وجمايلكم مانتساها ابد",0
@aalsubaie___ بيكون روما فخخخخر ايطاليا والله 😭😭😭😭,0
"@hosni_hatim مو صار؟
ليش غيرت حسابك؟",0
@Saadoooooun @smradhi @shmohsnalasfoor اشلون بتغيره صار ليه فوق ٤٠سنه قاعد فوق الكرسي انته من حقك تفتخر برموزك بس ما تقدر تفرضهم علينا,0
ليش انتوا تسمعون رأي الجمهور القدساوي؟؟؟ https://t.co/uoBfs76G4z,0
@iF3F3 @scar_naruto عشان تعرفون شكلي كيف يتغير ههههههههههه,0
@nooffa119 @zahd1980 قسم بالله مصيبه انكم مبسوطين ان هالكلب يتكلم بلسانكم كشعب سعودي فضيحه صاراللي مايسوى ذا حاس فيكم !!!انتم ماتستحون قسم بالله لو ايش ما اوافقه رأيه بشي ماعاد الا هي هالسلوقي يدخل عصه في شي مايخصه طالبي باللي تبينه بس لا تؤيدين العدو ترا هذا شي ينحسب ضد دولتك ويجي يوم يتباهى بردودكم,0
@cnnarabic رد الخارجية هو مختصر معنى كلمة الوقاحة والبجاحة,0
"@FahadAlMuteryQ8 @khalidalkhalifa تسنّع و انت تكلم معالي الشيخ خالد بن أحمد آل خليفة وزير خارجية #البحرين  يبه هذي تاج راسنا ، مب مثل اللي عندكم ما تحترمونهم 
يا أخي إحترِم تٌتحترم ، إلا الإستهزاء بشيوخنا ، إحنه ما نرضى عليهم ، إنتوا كيفكم مع شيوخكم",0
@man_2019_ من وين جايبتهم؟؟ جيبي لي حرف الراء,0
@alharbiabdull15 بالظبط ،، هذا اللي صاير 😂,0
بخصوص البعض الي يقولون رونالدو ياي يصفق ومادري شو طيب ميسي شو قاعد يسوي ممكن اعرف والله بعض العقول تشفق عليها 👌همها الاول والأخير الدون معذبهم في كل الأحوال https://t.co/6lviwqdAnB,0
@bint_elderh1 @greyhair01 @bentalzebarra @om_jassim_2 الظاهر جذي ماتجوفين عندة فلوس,0
عزتي لـ قلبٍ يشتكي بعد غـاليه                                              وعزتي لـ عين دمعها اليوم سـالي !,0
"ازفت شي بالوجود اني اروح مشوار مغصوبة عليه..
وما لي خلق له
😤😤😤😟😟",0
من أجمَل الأعمال اللي قدمتها #مالك_شبيه مع الفنانه الجميله #جيهان🎤 تمتلك صوت شجي وأحساس جميل 👌🏼… https://t.co/zrPtyl8Nm9,0
"ما اتوبك لو اتوبك وانت خابر
استلذك مثل كيف الشاذليه 🎼",0
@HASHIDY_505 ارسل رقمك خااص او هنا  زي ماتحب.,0
@raied26628009 اهم شي اوصل لهم واقولها يتلف اللي يتلف بس اقول لهم السالفه 🤣,0
"بعض جمهور انتر
قاعد يقول لوكاكو مو زين
انا ما ادافع لكن اتكلم واقعيا

اي مهاجم بدنيا اذا فريق مايضغط او يهجم طبيعي جدا انه يضيع بالهجوم وراح يختفي ومايقدم شي

يعني للامانه البعض يحتاج ثقافه بالكره مايصير انتقد علي قله فهم
#انتر_ميلان",0
"شو الموضوع !!! صفقات بالجملة !!! 

سوق عكاظ !!!",0
@ManEmirates مركز إبصار للعيون في جميرا,0
@BackoTh @fahadq6rrrr2 اختي عبير وين الامن والامان الي تتكلمين عنه وانتم ماعندكم امن اصلاً الله يخليج كثري منها ياكثر الخطف وسرقه وغيرها عندكم خليج  واقعيه وقولي الحق ابرك من انج تلفين ودورين حدث العاقل بما يعقل 🖐🏻😌,0
"@abus3oud بصرآحة في الأردن وبس 👌🏻
كنافة حبيبة و زلآطيمو ب الجبنه و القشطة",0
@sul535 الغريب أنه كلام جرايد وصور فوتو شوب تتحول إلى أدلة. حتى الحيوانات مابيصدقون هالمصخرة لا ابوهم لا ابو من جمعهم,0
@Bo_6a7no0on ترا طموحها غوارديولا ما تدري 🤣,0
خذوه وخلصوا وتقولون ينافسون روما ؟ 😄 https://t.co/TEALNeYT2M,0
"اذا كنت بالتربيه ... يبونك ماتمرض  
واذا عندك مواعيد طبيب اجلها للصيف وعالج نفسك 
ليش كل هذا يا 🤚⏳ 
وممنوع تستانس اذا بستاذن بتسافر تروح شاليه  ويك اند .. ممنوع اذن الخميس مو الكل يستاذن ويحسبون جم مره اخذت اذن الخميس ⏳ من انتم ×××",0
"@az_kabi المصيبة الثانية يوم راحت تشتكي عليه قال لهم في المحكمه: ""هل اصبح الحب جريمة"" ؟ يخربيييييييته المفروض يندفن معاها 💔🙂🗡",0
"@AJABreaking طيب وبكرة نفس الكلب مع معزبه خليفة الشواذ
بيتودد للأمير محمد بن سلمان في قمة ال ٢٠
بس أتمنى من الله ثم من سمو الامير وعادل الجبير ان هذا الكلب بالذات يلقنونه درس ما ينساه طول عمره",0
@Nasser99sh @mohdalsuwaidi7 انت ما اذيتنا بخرابيطك، خلك بأشعارك والرومنسيه ابرك لك من تتكلم في شيء مو فاهم فيه، غباء واشعار!! مو عارفه كيف اجتمعوا😂🤣,0
"طريقة اللعب بالسبعينات 
الضغط على حامل الكره وعلى اهله وكرامته 😂😂😂 https://t.co/0c7EeYhzao",0
"@L0o0yalty_ @walaa3210 مستشفى شهير في جدة توفى فيه والد زوجي و كان لابس ساعه روليكس و خاتم كارتير رجالي 
تمت سرقتها منه 🙂 !!
مااحترمو حرمة ميت او حقوق مريض !!",0
@arefalzayani @Smnmn13 أي والله ... المشكلة على كثر ما نحاسب مرات ما تقدر تتوقع اللي يايك كله مفاجآت في الشارع الله يستر علينا بس 🤦🏻‍♀️,0
@atiqasoliti @bojassim44 @Mariam_AlSaad ولا ندري عن هوا داره هههه,0
@Mustafadbh @xpn007 @M7md_Al_Pacino عندكم جروب يالخونة من ورايي 😂,0
"@MahraProud @Abdulbaset22 إذا تجنيس تيجالي ما فيه مصلحة مشتركه،ليش يتجنس،الاتحاد يستفيد والنادي لا،والانديه اللي جنسوا واستفادوا بشو افضل منا،عشان نحن نادينا طيب ومثالي،ما بكل الاحوال المثاليه تنفع،وجهة نظر
النادي مب خسران شي..
الاتحاد يريد يجنس اللاعب
يعامل نفس اللاعب المواطن.. ويسفيد النادي من اجني آخر",0
@tanhapak1 والله اني بكيت حسبي الله ونعم الوكيل,0
@alzaini_qtr ههههههههه نفس ويهك يوم خذت المركز الثالث بالدوري 😂,0
"⠀

ٓ

 ٰ
'

وشلون أسَامح زماني واللي أحبه 
خَذاه غيري وأنَّا أولى فيه مِنْ غيري ؟
__________________________________

ㅤ",0
@A_F_M_F_D النشامه لاهين ماهم بصوبج عندهم عمل🤣🤣,0
"#لأني_أحبها_مقاطع

العمر تجاوز العقد الرابع وخبري بمستشفايتنا اهي اهي!؟شنو المجلس نايم اربعين سنه؟قال قوانين قال

ما يلزمني",0
"#تشاوريه_الدياحين

ياحكومة ياحكومة الدياحيين مسوين فرعي فرعي فرعي 🏃🏃",0
@Ahmedkhatab89 طيب كويس على كده هتتلغي النشره الجويه بعد الاخبار 😂😂,0
@Alshafi7 هههههههههههههههههه عراوي واجد عليه الا سيكل وايسكريم باليد,0
@tt_tt122 سواء شي يتغنى فيه الوطن ... وشهران قدمت اول لواء على الحد الجنوبي .. ولا عندك شك في هذا .. اوه نسيت لو انه محمد عبده رقصتوا له..😊😊😊,0
دام أنت مو كفو وزبال شنو اللي حادك تقسم قدام الناس خليتهم يضيعون عقلهم وشمغهم فالمقر,0
@capitano107 واللي يقول عنه مدرب 😠😡,0
@alshahri_mohmed طمنا عليك و على الأهل في صوب و نواحيها,0
@uae_3G والله محد مريض الأ انت يا المزروعي  تدري ليه لانك جبانًالسانك هذا طلعه عندنا في قطر مو التواصل الاجتماعي تنبح مغير كنك كلب مسعور,0
@Bnt3fash @mowatinyemeni @yemen2122017 بة عندنا بردقان أخضر مبلل ماء كلة والله,0
@UGi4pf8 @Hamdatov اي حامي انتي وين عايشه تقصدين اللي بالريتز حتى ماسواهم بعامة الشعب تقضون على من انتو حدودكم راحت مع الحوثي وبكره تندمون ماعاد السعوديه نفس عهد ملك فهد الله يرحمه واللا عبدالله صرتو علمانية وبكره تبيعون مكه مثل مابعتو القدس خافي ربج من حوبة اهل قطر حسبي الله,0
"@saaekke @auon_almaha @OM_ah98 فاقدنه من ايام
الله يعطيه الصحة والعافية
كنت أفتكر أنه مآخذ اجازة كعادته ف هذا العالم الإفتراضي.",0
صباح الخير...ريح راسك من حساسية اللي عندهم مشكلة تسمية غير كويتي واطلق مصطلح صحفي وافد https://t.co/72CEBdIa3X,0
@elBork_87 الله يرحم والديك يا اخوي👃🏼😘,0
@TurkiAldakhil اذا عاجبكم خذوه لكم يعطيكم وظايف ويوزع الثروه توزيع عادل وتعيشون بكرامه 😁,0
الشيوخ الروحانيين ....ممكن تنسون حسابي باليييز,0
"ترى المزح : دايم دليل
 المحبہ ، محدن يمازح واحدٍ
 ما يدانيہ ☻ .",0
@ALThani_M ليش تهددينا 😡 !!! احين بنخاف !!!!  حسبي الله عليهم وعلى اخبارهم السخيفة 🤣!! في ذمتهم هاي خبر ينحط في صحيفة رسميه !؟,0
"تغار الحور من حسنك .. وشكلك
عسل لو كيك ربَّاني .. وش اكلك
أريدك من تجي مايع .. واشكلك
ومثل ما أريد اشكلك بين إيديّه",0
توتير وقت المدارس أحلى🤭,0
@97Kawther أيواا نفففسسييي 😭😂 بس الحمدلله إنّي أتذكر بسرعة ولا بيروح علي 🌚💔,0
"@bent_alfayroooz يقولون شر البلية ما يضحك 
الله يسعدج اختي مثل ما ضحكتيني هالحزة",0
@mr_mlee7 جات عندي وصارت اسرار عوايل😅,0
"-
.
.
.
.
اللّي يطعن بالظهر مَ نجيه ،
لو كان بيننا دم ونسب 👌🏻✨.",0
"@kwais0 اثق في نظرتك 😜 لكن حسب ما اشوف
ما اتوقع يوصل الثلاثين 🙆🏻‍♂️💚",0
@Tear_Gases4 @fahedalemadi جعل الخبال يضربك ولا يلقون لج علاج 🤲🏼😁,0
مستانس فايز علئ نيبال   مسكين   عايش الدور مايدري     القادم اجمل  😩😩الله يستر علينا دام هذا منتخبنا https://t.co/CfGyn7lTmh,0
@QATARMS1 @dralkubaisi_m ههههههه وانا اقول وين شايفته قبل,0
"@QatarAladed الا شخبار القنال ؟؟؟
صج الي يهذر وايد مايخوف",0
@AlRajhiBank الف الف الف مبرررروك  ويسسستاهل ابو ناصر .....والله يعطيه خيرها ويمنع شرها عنه,0
@mt1977m @mohdalsuwaidi7 نفس ما وطى على غاربك الحوثي ولا غير 🤣 اذا تبي شيول سلف حاظرين,0
@anwaralzahra اذا ماتبينها طرشيها البيت😂😂 العنوان بالخاص,0
@abdullateef177 @dehleezso @kholoodalyasi دام البش مهندسة ف السالفة اتوقع الموضوع ما هين 🤔,0
"اهي خربانه خربانه 
.
.
اكثر هياط ضيع الشباب",0
@memokoko89 يمااااا شنو يني طالع لج؟؟؟,0
@Dhahi_Khalfan وين السيادة يا بوفارس 😂,0
@dant_yaaam الفلبينيه اللي تجنست علي زوجها كويتي معروف اي اجنبيه تتزوج كويتي بعد خمس سنوات تستحق الجنسيه,0
شخص عبارة عن زبالة https://t.co/p3IU5pJPlO,0
@ehab34_antel أنت بتتكلم بجد و إلا بتهزر 😂😂😂,0
"لي ذكريات ان مانفعوا مايضرون
ولك ذكريات ان جات بالبال جيتك
لو يحكي الشارع عن اللي يمرون
علمك كم مريت قدام بيتك",0
"@AR_GGMU عجبني بعد

بس يقولون مافي سيزن ثاني",0
"@smok11011 وربي ما انت بعارف ايش يعني مجوسيين

لكن يالله،،،طاح حظكم في الدنيا والاخرة

جهنم لها حطبها",0
@VITOR_1937 ماعليك منهم هم حاطين المدرب شماعه فقط,0
@jawadojan الله يبارك فيك مهندسنا العزيز,0
@BuHassan_10 الله يطول بعمره واتشوفه معرس,0
"نورت الديرة برجعتك حبيبي
حمدالله على السلامة يا سندي 
من طول الغيبات جاب الغنايم 😍
@shuwaired",0
@Aralahmed93 يعتمد على سرعة السالفة 😂,0
"الجو غيمٓ وخآبرك تعشق ، الغيم ..
        دآيم تقول آن المطر : لـمّة آحبآب",0
"@DalalAhmad88 

ديرتي يا بنت زايد شيبوها وجدايلها اصبحت مكسيه بالبياض وظهرها محني ولا احد راضي يطببها

الأم افقدت من يبرها!؟",0
فرصة على طبق من ذهب ،،، لكن وين الزلم !!!!! https://t.co/bDijTFSVAD,0
#سعوديات_في_حضن_راغب_علامه من بنات بلدهـ مجنسات 😎,0
@frssan___syria الحديقه اللي قبلك ب ٤٠٠,0
@hishm1980 القناة ياخوي خذت حقوق المباريات اللي على ارضنا ، وان شاء الله في البطولات القادمة الحقوق كلّها تكون عندنا,0
"@malthaidy ماهو انت اللي شريتها 
شراها لك واحد ثاني 
وين الفاتورة ؟؟ 😂😂",0
"@raedaahmedrr رحلة سياحية شرم الشيخ او دبي 3 ليال
او خذيه الكوخ واطلبي له 2 برجر وواحد عصير اذا للحين ما صكوه
ههههه",0
@AbdllahAlneaimi المصيبة انهم يشترون لبس ماركة وجوتي ماركة,0
عيونهم على الزلات وساع بس على الطيب يصيبهم عمى ،،,0
@A3rasQatar لانه هاليوم خاص ..المفروض كل المعازيم يكونون من الاهل ..,0
اهلي فوساتي هجوميا مخجل والله,0
"إذا ما عجبوك الجيران شل بيتك وامش                                       💔🤚🏻💔 💨🚶🏻💨🚶🏻💨🚶🏻
#البيت_الراقي https://t.co/wF4CioHujW",0
@ali673i @fitna_alkhimash ليش كلنا من المخطي,0
"@alsahfe2 هذا أنتم بكل شي تبررون فعل الرجل كأنكم ملائكة 
وبعدين ظاهرة التحرش بالاطفال والاغتصاب ايش سببها لايكون كمان من لبسهم!!؟",0
@A_11_A_16 @saidabdullah9 بعدهم ياخذوا مواقف المعاقين في سيتي سنتر مسقط يتكرر الموقف هذا كثير,0
"انا الوفا  في  وقت  كله  خيانه 
عفت  الغلا من كثر ناس ٍ يخونو
وين القلوب اللي تصون الأمانه 
أعدادها من دون في دون في دون",0
@S_Alruhaimani ابدا انا متابع انت مناقش,0
@saadDoha1 @opitmist0808 @BFaisal1980 @taarbosh @girlqa6ar @Bakir62441919 @d9SNtca2PUNVRgB @A7sasqtr3 @007007007KJ @hasaballa_sayed @Alreemalqataria @a_qtr1976 @alareqqtr @RaybalQatar مو حلو اليوم عن بنت البلد 💔💔,0
هههههه الحركه الي كانت تخوفني ونا صغيره http://t.co/fZFwuVGd49,0
@bojassem73 يمكن 😂 خله عندهم ماني بحاجة له ، ايي وقته 👌🏼💸,0
@AlOsaimiMubarak @qadsiaqq8 ماشفنا اي شي وين المهارات,0
@Sara_Y_Yousif على اساس ورا الزواج راح يصير شريف 😂,1
"سعيد الندابي وخليل البلوشي ❤️
ياخي هالربع فلم 😂",0
@Amntk_allh_92 عن نكون ما سجلنا,0
"@Zahraa_k__ مو صاحيه انتين
اي اتزان ويا هالبشر
صيري نفسهم",0
عساني غيره ما أحتاج☔️,0
@Prideman6622 @xalm3zb وبعد يقولك واجب الجميع الوقوف خلف ممثل الوطن،كفاااااايه مجاملات بعد شهر بيستهزؤون فينا عالمدرج وعقب كلام وتقليل من الجماهير,0
@abdull999999 ما تدري بولدهه في البلاد ولا عنده ولاد😳,0
@penq8i انت خل بالاول اطيح القروض وانا ايب لك كرتون بعد  😀  بس  اشدخل الزقابر  بالدعوة هاك 👊👊👊,0
@hialishaq @qatar966 هذا مسكين !!؟ مادري ليش يوم شفته كسر خاطري !! قطري ومن بن ثاني .. معزز مكرم في بلادك !! تحط نفسك لعبه بأيدهم !؟,0
"@yosf7 
النقطه الاهم شايف هذذ العبارة https://t.co/lFhLaElFXg",0
@Mshary2407 @duniabatma وليه ما تسألها انت وتاخذ الجواب,0
"#خليجي_23
بدون نكهة وبدون لذة الصراع 

الأفضل تأجيله",0
@bof9laa @AlsaeedFajer ابتلشنا فيكم ي هالحفاي كله تبون واحد يخلص بسرعه ع شان المعاشات. بسكم فلوس ماتشبعوووون 🤣🤣,0
@al__otaibih_ 😂😂😂 ياحلو الصراحه - بس ممكن اعرف السبب,0
@ahmed_key1 أبدعت يابوراشد الله يحفظك 🌹👍,0
@BuShaiKHa_AD محد جاب طاري ناديك لو سمحت الوضع دعوة للمرابطين الله يحفظهم أنت فاهم الموضوع غلط,0
"والله هالفرنسيين 
ماعندهم سالفه صراحة😂😂🏃🏃 https://t.co/byIQHks5mK",0
@M7AMMAD__N زين اسحبها تخاف من العين,0
"@mesfer_naser 

يتبع 

ولاكن لازم تحلون المشكله لو تحولونهم لشركة ثانيه  

وانا من الناس هقوتي فيكم طيبه واعرف بعضكم معرفه تامه ونعم الرجال",0
"الحياھ بتعيشھا مرهہ ۆحدهہ ،
خلگ مع ﺂلِلي يعرف قيمتك ..♡",0
@zoro_oman7 @waleed83alabri @Khalid_Shukaili @OmanFA بيلسا صعبه ويمكن مستحيله حتى ، مدرب ماشي صح مع ليدز ، ومدرب يريد كل شئ مجهز له وإحنا ما عندنا ولاشئ أصلا,0
@TareqAlSuwaidan بارك الله فيك وأطال عمرك يا د. طارق.,0
يَ اللي وجهك سمُوح و ضحكتك تاخذ القلب ❤️,0
@AlharassiKhalid واعوقي مو ذي الاشياء بو تنزلوها 🌚🚶🏻,0
"اللي يسبو عبدربه ليل نهار  ... ولي امر مش سهل التكلم عليه كانك تتكلم مع حد من العامة   
اسمعو .. عقوبه من يسب... https://t.co/rAsK8VuiGx",0
@bomohed1410 اللهم امين ماقصرت يابومحمد عسى عمرك طويل,0
@SCbHXz3vkoXT3h7 ان شاءالله تعالى وعادي والله ما ابي الا سلامتك اهم شي عندي الزعيم يفرحنا بإذن واحد احد😊,0
@ainaawe عيال زايد الخير يمونون علينا معذور ومسموح,0
@40504535a3b249f @algabery وليش ما قتلوا اللي قتلهم.. والا انتوا بس رجال على الاطفال.. رجولة ناقصة,0
@Manarabdu1 الله كريم.. إيش حلمك,0
@GQSvcC01cRnbXVE @JoaanBinHamad عندنا عبايه ترا جده متعود يلبس امثالك عبي,0
هالملعونه شو جالسه تكتب !!! https://t.co/QJInLxNkil,0
@HusseinY22 يبطي عظم عزيزي هشام 😂,0
"اللي تحبه تشوفه بالحلم 😍

واللي تكرهه تشوفه بألواقع 🌚

وش السالفه ي عاالم 😂😂",0
#اول_سياره_اشتريتها_في_حياتك شباصة,0
@CBA_DOCTOR باعتقادي يا دكتور لو ترجعه افضل لأن كل اللي مشكوك فيهم شالوا الحرف,0
@AdilAlHammadi @SharjahFC @AGLeague ماقصرتوا أخواني بس ما نشوفهم يسيرون هالأماكن.. على العموم الي يريحهم و كانت مجرد ملاحظة.. مشكور على سعة صدرك,0
@F0uz__ @9g9u @alsada307 @j_7j0 @Kuwaity__7r كلن يرى الناس بعين طبعه  الوصخ يشوف الناس نفسه 😂المهم خليني اتطمن عندش ريالين حق اباطش شكله مشغلش الشيخ تميم,0
@ABCDEFJHIJKLMAN أبيتكم ياخوي وش فيك أترك عنك المطاعم وبلاويها أنحش ولك ألله🏃‍♂️,0
بالنسبة لنوعية متابعيني، أتوقع أنهم بيحطون تفضيل أكثر.,0
"ما ودي اضيق خلق اخواني الكويتيين..
مستانسين المعاش نزل قبل العيد!

ترا باقي على معاش شهر سبعة ٥ اسابيع ونص",0
@mdalsabah67 جعل هالشبه ونظرة العين ما تنقطع كفو والله يالشيخ ابن الشيخ حفيد الشيخ نسل الشيوخ https://t.co/5ZPIjVbYrC,0
@m55534 @hassanalishaq73 ما تقصر اخوي بس ممنوع والحمد لله اللي بيتبرع قطري مب محتاج يبيع كليته وفي نفس الوقت انا ما علي قصور,0
"شفتوا التواضع؟!
شفتوا انتقاء الحروف والالفاظ؟!
فخرنا انت يا ابوراشد. ❤️
#علي_راشد_فخر_عمان https://t.co/czbih1UoLy",0
"( حمد البريدي )
                     ( منت بعلى خبري ) 🌹 
  , 🎶 MP3 ; ..

http://t.co/z7JLrZPM",0
"@shms19911 

محد بسامع كلامك  والاعضاء مراح تحقق مطالب الموظفين والكل خسران",0
"@abohussain_92 من الهوا يا خوك 😂😂😂

لا تجوف وجهي يوم ستوعبت ويش قلت https://t.co/p3UAHi1UKC",0
@ryan_alwrd يا حظك واحنا نحارب علشان ينزل ههههه بس بينزل غصب 🧐,0
@mbuyabis مو اجازه شعندك قاعد صبح,0
@AlraiMediaGroup عسي نلحق نشوف الافتتاح ما انفنقش وما نشوف شي عيزنا ننطر  طلعوا لعيال والاحفاد والجامعه ما خلصت,0
@HeeeMv شووف هوا اتخبي زين بس لانه دب صار معاه كذا 😂😂😂😂,0
"دورك كمشهور مو انك تبيع الاعلان .. إنك تعلن وبس .. والمتابعين يشوفون الاعلان من خلالك
 .. قط سمعت التلفزيون يحطون دعاية مطعم و يحطون تحته تعليق( تره صج ناااطع) ؟؟ 
انت إعلن .. و قول عن الشي الي صج تحبه .. 

مو معقوله كل شي لذيذ وجميل ولذيذ وجبار
ويع
ويييع",0
@hamadeAlmekhyal @Alajmienv عنده بتلي زوجته صباحيه وقول وخربط على كيفك ،،، مواقفه ثابته ولاتغير ولاتزحزح يوم غيره لف ودار ،،,0
"@_am00nq8 @Almajlliss @q8bd والله لو يسوون فلم مدته ساعتين مايقدرون يوصلون معاناه ابناء الكويتيات في وطنهم الكويت

#بس_امي_كويتيه",0
كــــنــت احسـب انــــي بــين هـــــالــــنـآس شاطــر اعرف الخايـــن مــن نــظرة عـــيونــــه $طــــلعـت انـــــا الـي اكــســـر الخـــاطر,0
@bof9laa @talalalyagout ايييييه بوفصله عندك أوامر تغييرية ٣٠٠٪,0
@nmalboudieh @lulwahfahaad_ @AlaaAlRashed چان كتبتي رقمج على طوفة المقر إذا توهقوا بشي يكلمونج ماتقصرين معاهم بديح,0
"ريانة العود ..
نادي الليالي تعود
بشوق الهوى بوعود 
بوجهي اللي ضيعته زمان 
في عيونك السود 
يالضحكة العذبة 
عنك الصبر كذبه 
وفيك العمر موعود https://t.co/YcXaFQ21v0",0
@AryanKhalil كلامك صحيح  صاير معاي ..,0
@heyamali32 ماتتحرر صنعاء الا بتحرير عدن,0
#يناديكم_فالح_جمعان_العازمي. اذن من طين واذن من عجين يافالح ماعندك احد يسمعك الله يفزع لك,0
@Al_precious هلا وغلا هلا فيك شلونك 😄,0
"@almteree777 @ilbashkatib @elzouk1 كلك ذوق يا بطل
و حصل خير يا شباب
و يقول المثل ما من محبة الا بعد عداوة و ان شالله دايما محبة و مافي عداوة 🌹🌹",0
@mh_alissa26 وشلووووووووووووون جعت انا والله يجيني نزله معوية🤢 عندنا بالجنوب اول الوسم صواعق ورا بعض مايمدي ثواني الا طااااااااخ⚡️الله يرحمنا وياكم برحمته😂😂😂😂,0
@Azoz_alagra3_2 @n_bouyabes ياهلا وغلا بعزوز هلا ،، كثر التحلطم مامنه فايدة طال عمرك ، شوف الشي وغمض ابرك للكل ✋🏼🇰🇼,0
القديه من والى المزاحميه https://t.co/lT8JAhdY30,0
"عاشر اللي يشرّع لك أبواب الفرح من غير منّة.

#حـــوه 🌹",0
@qadsiaqq8 معقوله هذا اللي يصير في فريق نادي القادسيه... المؤشر خطير جداً وخالد الرشيدي مهزوز في مرماه,0
@2022dohaa @AyTvman @abqatar ايه انبسطوا ماقلنا شي افرحوا وغنوا وارقصووا بعد مانلومكم مساكييين والله العبد اللي في كل كلمه والثانيه قال عندكم بطاله وفقر يحسب حب الوطن بالفلوس قسم بالله انكم تحزنووووون😂😂😂😂😂,0
@DrAl_Lawati عجيب ترامب مبتسم شو صايرله,0
@OmaniMOH @D_iRashid طيب من وين يأخذوه الأهالي ، هل من المحلات التجارية مثلا؟!,0
صباح الجو الخريفي الروعة ، رذاذ جميل في المدينة وجو أوروبي 😍 اللي ما جاي يجي 👏,0
@AliMisned @amalessa1 @marzoqi_w وذا وكيله وزارتها املائها غلط 😣 شتوقعون القرارات  اللي بيحطونها,0
"انتخابات تكميليه اممممممم

ليش التعب ما راح يمدي تتهنون بالكرسي",0
"@al_shamri_kw @balbarghash فيني بلاغة شف
 وودي اعرفه يصير؟",0
@Aquestion_ @SH3R_1T فشلتونا مع سيمون وبمبا https://t.co/CL1IwkpoFC,0
@mj2ll ما عليك زووود وأنتوا يا رعنا غير ومقامكم غيررر ولا علينا من الغير ... وأن جيتوا عندنا أبشروا بالعز والخير ❤️,0
@Tsaolaat @3ebarat_moathra يقول لها اذا كنت  حرمة اخلعيني,0
"كل شي تشوفوه وسااخه وتفكيركم محدود على الدعا*ره بس ..
المسلم باخلاقه ياحق السهرات https://t.co/KcpWM7YjDk",0
@Meshal_Alnami ها لا يكون سالفتنا في البحرين تتكرر عندكم اللي قالوا فيها دخلوا اتباع ايران الاسلحه,0
@omran_mohamed1 الموضوع في التحكيم شو وداه الاستئناف أساسا,0
@Hamad_Alsaid @mpw_kw اللي ربح منا محلات الرفاعي  لزجاج السيارات,0
@ree21m @Abdullah_30090 @wn_angels_cry @Dhahi_Khalfan تاج راسج يالجلحه يام القمل ذابحج تميم بتموتين نباحي بعيد يام ستيان,0
@Kafalsaud78 هم شفيهم كل يوم يطلع لنا واحد يرمي اي كلام ، على اي اساس تكون يا باشا يمكن مفكر ان نحن نزعل من هذا التصريح طنشوا طنشوا طنشوا معروف من هم ومعروف عند مليار مسلم من نكون وسننتصر باذن الله ✌️🇸🇦🇦🇪💪,0
@hanan__091 نبني جدار عازل و نرميهم بنووي و نفتك منهم,0
@najd_hijaz احنا اكبر من كذا ..... https://t.co/oFwI5LHhOO,0
"@Turki_alalshikh اخرس يا للباس البشوت :
كأس العالم بقطر  راغماً عن شواربك وشوارب معازيبك ،، اللذين ساؤ الأختيار بتوظيفهم ،، https://t.co/gtWGRnQ7we",0
@alshibli_h نفس لما تروحي الحديقة للتسلية هعهع,0
".

ما كنت قبلك فاقد ب دنيتي شي
حتى الغلا عندي ل هالناس ، عادي

واليوم عندي .. كنك الدار و الحي
لامن فقدتك ضاق صدري و احاتي",0
@goverorofficedh @shaham201272 اهم شئ النتيجة شو بتكون من ورا هذا اللقاء _الله يستر,0
"يافارق التوقيت بيني وبينه 
غلاه متعدي الزمان بمسافات 
حسه وضحكاته وصوته وعينه 
تسوى الحياة بكبرها والملذات",0
@NQcEuibaA7BD9NI آمييين يا رب العالمين وياك وكل مسلم ومسلمه,0
"#كلنا_معك_يا_الشامخ
هارد لك يالشامخ ماقصرت والحمد لله على كل حال",0
@Mohd_BAH @MohamdDakheel @Ghadeerooz وش هالتغريدة الخرائية ، يتمنى يموت بس ماكو هدف ولا غاية بس يصفثف كلمات من اجل الرتويت,0
"اشعر بوجع في الحلق مع حكه وسعله خفيف وكذلك حمى خفيفه وبرد 
ايش العلاج يادكاتره 

ملاحـظه 
ماارتحاح للمضادات الحيويه نهائياً",0
"@AMeeR_MiLano 
أبوي ما شيء ، بس شفت موقف وكتبت 
هههه 👷🔫",0
"قبل سنتين كان تساؤل داخلي، ليش مافيه لعبة زي  برنامج بنك المعلومات اللي يقدمه د.عمرالخطيب الله يرحمه، كانت هذي الشرارة الحقيقية لانطلاق لعبة أطول نفس. 

اليوم وبعد سنه من جهد فريق عظيم اشتغل معه، وصلنا للمرحلة النهائية في #تحديات_الترفيه 

أبي دعمكم
https://t.co/ixkB72J7t7",0
اسمعوا هالامريكي شنو يقول #ترامب_حلبكم https://t.co/1bxNdtevR7,0
@Azuri99 قسم بالله لو انه بمليار يساهلها,0
@QCC1C ههههه قمت اقطع كيس بصل لين صارت عيوني جمر ابي ابكي,0
"@Nawaf_alobisan 😂
طيب دكتور 
واللي لم يحضر هذا العشاء ومع ذلك عطاك صوت حباً وقناعة بشخصك 😏",0
@mfn903 يلا ياحمار عيد بالسجن علشان ثاني مره ماتتعرض القبائل  الله يخس هالوجه العفن خساره الحيه بس,0
"بداية موفقة للكتكوت المدريدي ، رقم ٧ الجديد في مدريد ،ماريانو دياز  💙

هدف عالمي ماشاءالله ، وهدف روعه من بيل وهدف ممتع من ايسكو ، وكل واحد يقول الزود عندي الحمدلله 👍💙 https://t.co/04gGcUYys2",0
"@AbdulRa24123319 وانتو لا حجت البقر على قرونها بنخضع لكم يا اشرار الخليج ولو فيكم خير اصلاً كان وقفت معاكم الكويت وعمان وباقي الدول الي رحتوا ترشونها بالفلوس وطردنكم طرد الكلاب لو انتو كفو ماطردتكم الصومال 
 انتو مسخرة العرب صرتوا 🤪",0
@mohdalsowaidi7 انا أتوقع قطر كعاده تنسحب  آلانه صغيره جدا,0
"والله الحيوانات وااااايد هالفترة
وأكثرهم ما بلغبه الا كلمة(مجوسي ايراني فارسي بق بق بق بعاااااا) https://t.co/iCoj4gXVkP",0
"استغرب !!!!!!!
من اي مغرد يدافع عن خطأ أو عن كلام خطأ وناسين الكويت",0
@ALSahALiS طول عمرها حافيه ولابسه من غير هدوم💃💃,0
@ACZayed مهاري جدا..وشويت..اتمناه جناح ايمن مكان بواتينق,0
@rashid_alsa3di @brfootball ههههههههههه ،، ان شاء الله الريال,0
"@talalalyagout شهر تسعه ما باجي عليه شي

تحت النخل نص متر",0
@FahadBuzwair الله يعينهم على ما بلااهم 😏 الواحد والله يحاول يتغاضى عن اشياء عشان القلوب ما تشتحن و هذول كل يوم يزيدون جعل ما يصبحون 😑,0
@kuwaiitiq8 يعرفهم والله يعرفهم ويعرفهم زييين,0
"@a999010 ياما حذرناكم وقلنا اقنصوا بدون تصوير وهياط لكن ماسمعتوا كلامنا وبالنهاية البصمة🤪🤪
@a999010 
@hfc_bar9 
باقي الدور على 
👇
@azozthamer344 
اذا بطل هياط https://t.co/EGre78KJfo",0
"@nADhKcqyBndojIQ @skynewsarabia دنياهم ناس فاضيه ادور في مناقب الناس
مايخلون حد بحاله لاحي ولاميت بشر 
مريض يحتاي ترحم عليه",0
@boammar @HHShkMohd الله يبارك في شيوخنا وشيوخ وامراء الخليج,0
"حسابات بدك تنحف 
مثل الذبان !
يطلعون لك
 في كل مكان 👎👎🤔",0
@ha_ha8888 يالببببى كلبج اروح مرقه انا فديتج 😭♥️😂,0
@EntiQam33 زي مااخوانك يحبون امك وابوك معك,0
@al_manqur ياني زعلان عليك زعل من مسقط لجدة. لما تفضى أتصل فيني,0
@Dhahi_Khalfan غير اسم جدك شكله كان يمحطك بالعقال ليل نهار عشان جيه دخلت السلك العسكري 😂😂😂😂,0
"والله تستاهل هالمبدعة وكل مبدع دعمكم 
@Turki_alalshikh 
https://t.co/RMmk9MKtRD",0
@jouaniya @Bent_Marzouq هاذي بداية كويت ٢٠٣٥ سطل اخرتها الظاهر بيوت طين 😎,0
@yarub_almamari @omarbreiki م شاء الله ف البدايه م توقعت انه هو ينشد ع بالي تسجيل لكن م شاء الله عليه موهبه جميله وصوت اجمل,0
"#يوم_جامعي_مميز
توقعون توصلني محطه تبعد عني تقريبا كلوين ونص https://t.co/p6aC8QPig3",0
"#وحدة حاطة صورة البرسونال تروع 😱🙈

ليش جي 💔اذا ما تخافين ع نفسج خافي علي انا خافيت من الصورة🙈😭",0
هذا الي نشوفه ياطويل العمر حتى في ابوظبي ودبي وفي مقرك عشان موضوعي رفضوا موعد عند المتسوق أسري وموضوعي حول ابوظبي مع انه الائحه صدرت من مقرك وانا اكتب لك ياطويل العمر والمراره بقلبي .. https://t.co/9wyvNkHm3o,0
@MrRashed44 @ebrahimalmannai @kassimhussain1 @manamavoice1 قولوا للعرادي يشيل لبلوك عني ترى ماغلط عليه والله . بس سألته عن ملف السكلر لخني بلوك .,0
أنتِ ثباتي ، وكتاباتي ، وأساس شُعوري☂️,0
حق اللي يترحم على الزفت صدام https://t.co/AT5Gf1nlUw,0
"استر عيوب الناس وتعيش مستور!!
 اللہ خلق واللہ . . عن الناس داري ..

لاشفت عيب الغير جنب عن الدور!!
غض النظر عنہ .. ولا تجيب طاري ..",0
@LlSaif @k_alkhazrajii الغاز معالج وجاهز.اما اذا فكرتوا تشترون بناقلات من روسيا مثلا فتحتاجون مرافق للاستقبال ومش موجودة طبعا قطر اكبر من هالحركات الي سوتها غيرها,0
"@rashid_shidhani @Khalid_Shukaili @khamis7777 @alhadathRiadhi @oman_league @sport_axis_oman مسكين الحبسي ما خلصه يوم انتقل للهلال
متضرر من صوبين تو 🌚",0
@suhaim_thani عليكم سلف ودين يا قطر...من الإمارات كاتت تدفع رواتبكم.وتتصدق عليكم في سنة 1995والحين تقول ساحل عم,0
"@hrayeralbahrain 
اللي ينابح عطيه بلوك يسكته وارتاحي",0
@sultansalthani وانت متى بتسجل فيديو تصيح فيه وتقول انا مظلوم وانقذوني .. مالت عليك وعلى من رزك يادياية ام احمد,0
"واحد يقول ماتبون #سكن والثاني  يقول ماتبون #سيارة !!!!!
شرايكم توزعون علينه خيام وجماله وتهدونه فالبر !!!!
#الفقير_يشتري_سيارة",0
هالبعير وش جاه ههههههههههههههههههههههههههههههه😂😂 https://t.co/Pvil4q5lSI,0
@Reham_NS النوم ما خلق لعيون الذيابه,0
"يا ماخذ الايام ..
يا ماخذ الاحلام ..
وقف تمهّل توهّل ..
لا تخلي الدنيا بعيوني ظلام ..",0
"#لأني_أحبها_مقاطع

ناس تظحكني وعايشه بوهم وحجتهم انه المجلس يراقب ويحاسب!؟خوش كلام بس تكفون ذكروني اي وزير انسجن واي حرامي تحاسب",0
@maahdeee ليل أكيد يبرد الجو مستحيل يكون نوو حتى في ليل !,4
@alarsky و المفروض دام لوكيشنك بالكويت وهذا يعني انك عايش هني يكون ولائك للكويت هذا اذا كنت كويتي اما اذا كنت مزدوج فماعليك شرها و اما اذا كنت سعودي فتفضل اطلع من الديره الي موعاجبتك وصاف ضدها يا تحشم حالك يا تفارج,0
و طبعا موضوعي طاف,0
@justforsoso55 @956H 1000 ريتويت لشركة ابل ويزيدوا المساحة 🏃🏻,0
"أحلى لِقى لا صار من دُون ميعاد.

#صباح_الخير",0
@AlAnba_News_KW ومن قال انتي ب تكذبين.  انا اللي ب كذب 🙀😜,0
بافتخر ولا يصح الا الصحيح       والحقيقه مستحيل أنها تضيع  منهو قدي جعل حضي مايطيح       ديني الاسلام .. والعزوه سبيع,0
كلهم سامجين حتي ملوك المملكه مادام ترامب يهزئهم ويريد الترليونات بالقوه #رووساء_الانديه_سامجين,0
@Kuwaity__7r كان حصار في البدايه سكروا علينا حتى المجال الجوي اللي الاخ يقول عنه انا من الاشخاص اللي كنت في المطار ورجعت مافي اجواء ولكن بعد الضربات تغير,0
"اخيس شي لما تكره احد و يساعدك بشي 

ماتدري تقوله اذلف ولا شكراً  😅🍺",0
"@Mr_Q8e @mt79Y6VkKxcjmkQ @Forza_3ziiz بيت امهم اللي شاريته بفلوسها مايقدرون يورثونه اي حقوق تتكلم عنها ؟

يبيعون البيت بالمزاد العلني ويطردونهم منه",0
@elzouk1 ماعتقد لانهم مايبون الحل,0
@Farah_Mariam ايوه كدا يا وديع.. 😂,0
@hfc_x6 طبعاً هذا على طول من المعارض للملعب,0
"👨🏻أختي شعرج طالع من الحجاب خشيه بارك الله فيج🙈 !
👩🏻شكراً أخوي ،انت طيب ومحترم 
الله يحفظك 😊
👨🏻هذي رقمي اذا طلع مره ثانية
 اتصلي فيني
😂😂😂",0
@SuFian_ALSadoon كره بنزيما لو سجلها بتتغير المباراة ١٨٠ درجه.,0
والله يورك طلعت واااججد حلوة ! 😟💕,0
البارحه قلبي زادت مواويله ، والعين والعبره تسرح ؟ تناديله !”,0
"قلبي بيت مغلق بس لليوافون

وخذت رخصه لحضرتك وطببيتك

على درب الشمس طلعتك وياي

وعلى درب الظلام شقد لقيتك",0
@Al3ash_bt الأجانب ما يعولون 🤣 يدورونه الحر,0
"اشغلوگ الناس عني وصدوبگ
ولا انا في غيبتگ ماني بسالي

والبلا  والموت لن كان راحو بك
اااهـ ياوجد عليك  وبري حالي..",0
"في سنا فجري و حبنا يسري
يا منى عمري انا
انا لي مكان بين النجوم فوق السحاب
اغسل بالوان الفرح كل العذاب",0
@e_alshmmry ههههههههه على هالرتويت شكلك بتسافرين لعرعر 😂,0
"يوفي واتلتيكو ع الصداره
لكن المجموعه ما يتأمن فيها https://t.co/1WRvxdwNHR",0
ما هو وجه الشبه بين الزبالة .. والزبارة ؟ اثنينهم مكب للنفايات,0
@_Mulli اقولج ماسكين علي تعبتيها ويعورها و مايسوى عليها 😒 ...,0
"شطرٍ أنتهى عنده كل العتاب لما قالت نوال
 ""وش يهمّك لو رضيت؟ إنت، ماتعرف تحب""❤️",0
اختراع ذكي لايقاف الباب من خلال المغناطيس https://t.co/7GS7HlLqFn,0
@nasir_alarbash الكل حاط معدوم  ولكن بالانتخابات يرجعونه للكرسي  شلون؟؟؟ 🗝😐🚫,0
ياريتني نعناعه وسط الميه واغني..عشره حبيبي ساعه والله بشوفه معذبني ..,0
"@bronzi34 @Roma4EverNET @OfficialASRoma @ASRomaArabic @ASRomaEN @FirooRoma1 @RomaThings @CapitanoR4E @ffsroma @moghrar45 @Basem_Ar @yohanaor @Naser2006_FT @LupiDiRoma @asroma4e @AHMIDA10 @CalcioASRoma يوم بصفعك

محد بينفعك

وشكراً 🙂",0
@mohamed_alkwari @bin_shaheen52 @bahraini_girl5 @manalabdulla99 @3anoodAlThani @Benguennak صج ليش ش مسويين فيهم هاا ضباط واعلى المناصب ش يبون بعد وبعدين الي يبيع بلاده عشان الفلوس م منه خير 💁🏻 ولا تشدون الظهر فيه 😂😂,0
امس كنت اجوف باب الحارة الجزء التاسع والحلقه قبل الاخيره وتأثرت جدا لان ابو حازم مات 💔,0
اللي عنده آل رأفت💘 https://t.co/VDxBQOfVtL,0
@NASERALJSSASI @mohd_alklbani عندهم مقاطع تمثيلية ادمر من هذه تابعة منها حسيت فؤادي بيطلع من الوعة,0
@JetWisam @ritweeeet شو اللي على بالج,0
@sfooya_123 ما شاء الله، مبارك لك,0
لو السعاده في يديني وملكي \ في ذمتي لجعل حياتش سعاده,0
@KefahAlKabi أتوقع ماعليه ديون و عيال في مدارس خاصة بس اللي عندنا مساكين اذا استاقالوا شو بيسوون,0
"ماني مجازيك في صدك وهجرانك 
ودعتك الله وتلقى واحد ثاني",0
@haitham123409 @ro7halain @sp__gee @th__sniper_007 @MSDAR_NEWS مالهم مال ساحل عمان زعلانيين,0
"يقولون لا تتكلمون عن مشاكل البلد و كل شي بتعدل

😂😂😂😂🤣🤣🤣🤣

هذا الناس صارلها سنين تفضحكم و تعدل شي لو الناس تسكت كان الفساد تضاعف",0
@boammar @al_rasekhoonوالله خوش خبر ياشيخ اهلا وسهلا بالشيخ المغماسى,0
مستعد اعطيك قلبي بس توعدني انك تحافظ عليه 💕,0
@sekasad @Ibn_Mahilib @khaledalhattab شهر 6 يحق له يضحك ويتدلع بعد سلطان فالك الموقع الزين والجار الطيب,0
@qllgg لان هالشي صار واقع للأسف كل واخد صار همه نفسه ومن حق المرأة انها تحمي نفسها بل الوظيفة والشهادة,0
@almzoohi 😂😂😂😂😂😂 عن يكون هذا الريال اللي عليه غبار,0
@q8father الشياب مالهم ظهر يحميهم من استغلال عافية لهم مع الاسف 🇰🇼,0
@S0rage المفروض تحطين اغنية البداية احلى 😍😜,0
@araalsaadi @sus_c1 @NaifalAsaker @waseem_yousef توبي يا سالم وراش حفره,0
@amalss2244 ماعتقد انها مغنيه بس جت تحضر اوبريت او زي كذا,0
حبايبي مبارك عليكم الشهر والله يقويكم ع طاعته ف هالشهر الفضيل,0
"الصداقة ممكن تنقلب حب ❤️
اما بعد الحب ترجع الصداقة مستحيل 🌹😢👋",0
@jarrah_alahmad انا قلت جذي بعد بس برجع الفندق عشان اخذ تذاكر المباراة والبس تيشيرت روما وأخذ سكارف روما وبعدين اروح الملعب 🙄,0
@S_Alruhaimani فيها اغلاط بس انت حلاتها,0
@alhajri_ali الله يشفيه ويعافيه  أخونا بوراشد..آمين يارب العالمين.,0
#الا_فهد_لن_تمر_مرور_الكرام,0
@OfficialRawann بتزيحيها شوي مع كل لقمة 🤷🏽‍♂️🤷🏽‍♂️🏃🏽‍♂️🏃🏽‍♂️,0
"@lamia_lomi كثير والله و هذا الشعور كثير يضايقني 
تحديدا لاصار مع اشخاص مقربين",0
@vxr1985 نصيحة مني، خل ويهك دايما عابس وسوا روحك ما تفهم عربي، ومن الحين سم روحك باسم انجليزي اذا تبي اتعرف عن نفسك.... 🤡,0
@otaibi2030 @uae_3G نمسحه ليش تبغينا نشره على المصري ونتو يا الخلايجه يلي على مااظن إنكم قبايل مافيكم خير لنا يله فارق بس لو بنمسح بحد فأنتم أولى بالمسح,0
@__molia وهي حاطه كفها على ويهه 🤣🤣🤣🤣,0
"@SaraAlKout راحت علينا، ركزي على الموجة القادمة أتوقع بتكون ambient computing
شنو بيكون اسمها بالعربي؟ الحوسبة المحيطة مثلا؟
هالاسم -بالإنجليزي- أنا مستسيغه إلى حد ما بس ما عندي مانع أروج حق بدائل أفضل.",0
"#اكتب_رساله_ايجابيه

بسكر حسابي بالتويتر و حسابي بالانستقرام
اي احد يبي شي يطرشلي على حسابي بالبنك",0
أشفق ع اللي ياخذهم الحماس ويتصرفوا تصرفات زايدة عن حدّها !,0
@busyhead247 خلاص بنت عمي مافيها ارتباط هالخميس,0
@al_alree7 عسئ ربي يكرمنا بنعيمه,0
@Ashtaq_kw لا مو مستنكرها بالعكس😅 ... الظاهر فهمتي تعليقي غلط  🌹,0
@ok1aj سلامات يالشيخ ،،والحمد لله على سلامتكم ،،في الحديد لهوب فيكم ..,0
أذا كنتم ٺعتبرون علآقتي معكم خربط مربط! ﻓـ تأكدو ﺂنكم ﺑ آلنسبه لي شرم برم ؤآلحيآه ترللي « ماعرف شالسالفه بس شكله شيء قوي ☺! #صباح_الخير :)),0
"يقول :
يـا حلاتـك لا جيـتي فـ بالـي عـلى غفـله 
ابتسـم وانطـق مـن قـلبي يـا حبـي لـك ❤.",0
"ويش انت سويت يا اغلى من تمنيته
كبر الخطا الي لفاني منك بالعاني
ياكبر شي جرحني يوم  انك سويته
ابغي اتلاحق خطاك بس ممداني
ودي ادور لك عذر للاسف مالقيته
كيف تطعني وانت الاول بالمحاني
#سمر_البحرينية",0
"سعدت جدا اليوم بزيارة دورة iOS الرائعة في يومها الأخير، واللي يقيمها @omsi96 المتميز ✨

السعادة كانت واضحة على المشاركين اللي قابلتهم، موفق دائما ان شاء الله يا عمر 🙏 https://t.co/RD8WDh3qkO",0
@mohdalsowaidi7 @ELHAMBADER1 ههههههههههه بيطلع لك واحد الحين بيدافع عن الشخص بيقول ليش متصله 😂😂,0
@LHN441995 بالبرركة يا الغاليية ..الله يتمم لج على خييير يابعدي 💍❤️!,0
@Bsmataldaiq8 وايد يسوونها بمطاعم وقهاوي سوق شرق,0
@ja7eem1975 خلهم ينفعونك دامهم بعجبونك اليوم تضحك شفاتك بكره تبكي عيونك (اقراها بصوت راشد الماجد😜),0
اتلاقي بيته اوصخ من الشارع 👍🏻 https://t.co/275mbUmePu,0
@rowaished80 @ABOALR00S حي هالراس يابو تركي والف مبروك والله انك تستاهل ومنها لأعلى الله يبيض وجهك ياكحيلااان💐🌹,0
يعني شنو اخر تويت بالتايم قبل ٤ ساعات .. صج ولا تويتر معلق😒,0
@_MEEM_m تخيليهم اجانب .. وبتشوفين الموضوع عادي .,0
ادمنت حبك تجي او تروح ما تفرق عندي المهم احبك,0
@XQRRR .. شكرا لكم بحصاركم نظفت بلادنا من اشكالكم عقبال ماتنظف بلادكم منكم,0
"احتسب يومك لوجه الله , تقبله الله مني ومنكم❤",0
@whiteQuill @jamalon جربي نيل وفرات اذا ما جربتيه اخر مرة طلبت خذ ٨ ايام كان في تأخير شوي من عندهم فالشحن بس مجرد ما استلمته شركة الشحن يومين و وصل,0
#تحب_اكل_البيت_او_المطاعم اكل البيت ومن ايدي 😍😇,0
"@bandry_4 @hmalkuwari54 @moragib2017 @Good__2030 @Fahadeno01 😂😂😂😂ضحكتيني البنات النظيفات ماعندهم شنب ؟!
يعني الوسخات عندهم 
لاقويه 
شوفة عيني لج شنب  
واذا جيتي تتكلمين ع احد لادخلين خواتهم في مواضيعج 
وبعدين كلامج يختي مو مفهوم تبين ادخلج دوره شلون تتكلمين عدل يكون احسن",0
فشل المدريدي وقالو نبا نجرب البرشلوني 😂 https://t.co/16uretgRXC,0
@a_m_almazmi ذكرتني بكلام واحد يتكلم عني دوم وتعرفه.... مب معناته اني ماكتبت جدام الخلق وسبيت ولعنت اني ماقول رأي وانتقد.... انا الاداره اعرف مكانهم ويسمعون إلى اقوله.... انت كشخص لو يتك انا واحاول اقولك وجهة نظري بس بضرابه بتتقبلها نفس لو يتك بهدوء؟,0
"ألي صالح الفضاله

كل عام وأنت بمرض وعساك ما تكمل هالشهر",0
@saoud_k_althani وانت بخير يا طويل العمر.,0
بارك الله فيها وكثر من امثالها ،،،، https://t.co/Z7mVI8ScPR,0
"@About_Electric 
نقدر نقول هذا شخص ما يخاف الله في الناس اللي ساكنين معاه",0
"بإذن الله بيكون في بث الساعة ١١ 🎥
مع عصابة المهرجين 😂🤡
خلكم جاهزين 🔥
@haman_391 
@Abd_almalood https://t.co/WD6L8Vg2Hu",0
حياتي الاجتماعيه بدت تختفي مااشوف احد ولا اكلم احد بس اشحن جوالي وانام 💤,0
مقدر شعورك طيب شو اللي خلاك تجدد! https://t.co/bMn5zg50RI,0
@m123m3214 حبيبتي ربي يوفقك و يسعدك و يرزقك الخير من سابع سماه 🌙🙏🏻,0
@a_albander @Nasser2527 الله يعزك ياعبدالله البندر ، جعلكم ذخر وسند دوم,0
@mkmarka دي يونج هو نفسه اللي قاعدة يسوي شقلبة؟,0
"@m_elhusseiny @AlAnba_News_KW 
ههههههه من دشيت السوشال ميديا ٧٨٠ شبيه لقيت",0
@AlmaniaBusiness @almaniahcom لو تصير وياي ارجع الفلوس فورآ لأهلها,0
